"iteration","p","R2","M_p","AIC","BIC","selected_by_Mp","selected_by_AIC","selected_by_BIC","subset_p","subset_Mp","subset_AIC","subset_BIC","support_true"
1,1,0.366106805957713,0.366106805957713,163.89059254295,168.105200641372,FALSE,FALSE,FALSE,"1","1","1","1","1,3,7"
1,2,0.765483691718132,0.382741845859066,-331.287080561908,-322.857864365063,FALSE,FALSE,FALSE,"1,3","1,3","1,3","1,3","1,3,7"
1,3,0.981219652484505,0.327073217494835,-1591.64415667135,-1579.00033237608,TRUE,FALSE,TRUE,"1,3,7","1,3,7","1,3,5","1,3,7","1,3,7"
1,4,0.981299057838722,0.24532476445968,-1591.7626929783,-1574.90426058461,FALSE,FALSE,FALSE,"1,3,7,2","1,3,7","1,3,5,7","1,3,7","1,3,7"
1,5,0.981391029932688,0.196278205986538,-1592.2277826761,-1571.15474218399,FALSE,FALSE,FALSE,"1,3,7,2,4","1,3,7","1,3,5,7,16","1,3,7","1,3,7"
1,6,0.98146670370377,0.163577783950628,-1592.26518866124,-1566.97754007071,FALSE,TRUE,FALSE,"1,3,7,2,4,5","1,3,7","1,3,5,7,16,17","1,3,7","1,3,7"
1,7,0.981478805556135,0.140211257936591,-1590.59178477828,-1561.08952808933,FALSE,FALSE,FALSE,"1,3,7,2,4,5,6","1,3,7","1,3,5,7,16,17","1,3,7","1,3,7"
1,8,0.981497278199101,0.122687159774888,-1589.09072293428,-1555.37385814691,FALSE,FALSE,FALSE,"1,3,7,2,4,5,6,8","1,3,7","1,3,5,7,16,17","1,3,7","1,3,7"
1,9,0.981511475626864,0.109056830625207,-1587.47452802138,-1549.54305513558,FALSE,FALSE,FALSE,"1,3,7,2,4,5,6,8,9","1,3,7","1,3,5,7,16,17","1,3,7","1,3,7"
1,10,0.981526801419288,0.0981526801419288,-1585.88916760194,-1543.74308661772,FALSE,FALSE,FALSE,"1,3,7,2,4,5,6,8,9,10","1,3,7","1,3,5,7,16,17","1,3,7","1,3,7"
1,11,0.981549447077086,0.0892317679160988,-1584.50247637247,-1538.14178728983,FALSE,FALSE,FALSE,"1,3,7,2,4,5,6,8,9,10,11","1,3,7","1,3,5,7,16,17","1,3,7","1,3,7"
1,12,0.981557015482106,0.0817964179568422,-1582.70761813037,-1532.1323209493,FALSE,FALSE,FALSE,"1,3,7,2,4,5,6,8,9,10,11,12","1,3,7","1,3,5,7,16,17","1,3,7","1,3,7"
1,13,0.981562160228814,0.0755047815560626,-1580.84711465305,-1526.05720937356,FALSE,FALSE,FALSE,"1,3,7,2,4,5,6,8,9,10,11,12,13","1,3,7","1,3,5,7,16,17","1,3,7","1,3,7"
1,14,0.981567159719111,0.0701119399799365,-1578.9827099369,-1519.97819655899,FALSE,FALSE,FALSE,"1,3,7,2,4,5,6,8,9,10,11,12,13,14","1,3,7","1,3,5,7,16,17","1,3,7","1,3,7"
1,15,0.981570106628525,0.0654380071085683,-1577.06265271726,-1513.84353124092,FALSE,FALSE,FALSE,"1,3,7,2,4,5,6,8,9,10,11,12,13,14,15","1,3,7","1,3,5,7,16,17","1,3,7","1,3,7"
1,16,0.981573356696857,0.0613483347935535,-1575.15083431634,-1507.71710474158,FALSE,FALSE,FALSE,"1,3,7,2,4,5,6,8,9,10,11,12,13,14,15,16","1,3,7","1,3,5,7,16,17","1,3,7","1,3,7"
1,17,0.981576639398456,0.0577398023175563,-1573.23991711852,-1501.59157944534,FALSE,FALSE,FALSE,"1,3,7,2,4,5,6,8,9,10,11,12,13,14,15,16,17","1,3,7","1,3,5,7,16,17","1,3,7","1,3,7"
1,18,0.981579545595255,0.0545321969775142,-1571.31879594266,-1495.45585017106,FALSE,FALSE,FALSE,"1,3,7,2,4,5,6,8,9,10,11,12,13,14,15,16,17,18","1,3,7","1,3,5,7,16,17","1,3,7","1,3,7"
1,19,0.981581936065709,0.0516622071613531,-1569.38368645849,-1489.30613258847,FALSE,FALSE,FALSE,"1,3,7,2,4,5,6,8,9,10,11,12,13,14,15,16,17,18,19","1,3,7","1,3,5,7,16,17","1,3,7","1,3,7"
1,20,0.981583520100738,0.0490791760050369,-1567.42669052113,-1483.13452855268,FALSE,FALSE,FALSE,"1,3,7,2,4,5,6,8,9,10,11,12,13,14,15,16,17,18,19,20","1,3,7","1,3,5,7,16,17","1,3,7","1,3,7"
2,1,0.545842116984725,0.545842116984725,461.395704419059,465.610312517481,FALSE,FALSE,FALSE,"16","4","1","1","1,4,16"
2,2,0.929804420626852,0.464902210313426,-470.18407576891,-461.754859572065,TRUE,FALSE,FALSE,"16,4","4,16","1,4","1,4","1,4,16"
2,3,0.993036502043604,0.331012167347868,-1623.48578032855,-1610.84195603328,FALSE,FALSE,TRUE,"16,4,1","4,16","1,4,7","1,4,16","1,4,16"
2,4,0.993090536987717,0.248272634246929,-1625.3807828078,-1608.52235041411,FALSE,FALSE,FALSE,"16,4,1,2","4,16","1,4,7,8","1,4,16","1,4,16"
2,5,0.993144916873933,0.198628983374787,-1627.33152470634,-1606.25848421423,FALSE,TRUE,FALSE,"16,4,1,2,3","4,16","1,4,7,8,16","1,4,16","1,4,16"
2,6,0.993171564552497,0.165528594092083,-1627.27895599806,-1601.99130740753,FALSE,FALSE,FALSE,"16,4,1,2,3,5","4,16","1,4,7,8,16","1,4,16","1,4,16"
2,7,0.99319764177185,0.141885377395979,-1627.19206918774,-1597.68981249878,FALSE,FALSE,FALSE,"16,4,1,2,3,5,6","4,16","1,4,7,8,16","1,4,16","1,4,16"
2,8,0.993209690425584,0.124151211303198,-1626.07847773274,-1592.36161294536,FALSE,FALSE,FALSE,"16,4,1,2,3,5,6,7","4,16","1,4,7,8,16","1,4,16","1,4,16"
2,9,0.993218940430912,0.110357660047879,-1624.76006016286,-1586.82858727706,FALSE,FALSE,FALSE,"16,4,1,2,3,5,6,7,8","4,16","1,4,7,8,16","1,4,16","1,4,16"
2,10,0.993229228087533,0.0993229228087533,-1623.51919435156,-1581.37311336734,FALSE,FALSE,FALSE,"16,4,1,2,3,5,6,7,8,9","4,16","1,4,7,8,16","1,4,16","1,4,16"
2,11,0.993238910943944,0.0902944464494494,-1622.2347543241,-1575.87406524145,FALSE,FALSE,FALSE,"16,4,1,2,3,5,6,7,8,9,10","4,16","1,4,7,8,16","1,4,16","1,4,16"
2,12,0.993246541311013,0.0827705451092511,-1620.79935833632,-1570.22406115526,FALSE,FALSE,FALSE,"16,4,1,2,3,5,6,7,8,9,10,11","4,16","1,4,7,8,16","1,4,16","1,4,16"
2,13,0.993254412739667,0.076404185595359,-1619.3824684002,-1564.59256312071,FALSE,FALSE,FALSE,"16,4,1,2,3,5,6,7,8,9,10,11,12","4,16","1,4,7,8,16","1,4,16","1,4,16"
2,14,0.993260395336467,0.0709471710954619,-1617.82611037624,-1558.82159699833,FALSE,FALSE,FALSE,"16,4,1,2,3,5,6,7,8,9,10,11,12,13","4,16","1,4,7,8,16","1,4,16","1,4,16"
2,15,0.993263006472311,0.0662175337648207,-1616.0198637137,-1552.80074223737,FALSE,FALSE,FALSE,"16,4,1,2,3,5,6,7,8,9,10,11,12,13,14","4,16","1,4,7,8,16","1,4,16","1,4,16"
2,16,0.993264895487685,0.0620790559679803,-1614.16008058125,-1546.7263510065,FALSE,FALSE,FALSE,"16,4,1,2,3,5,6,7,8,9,10,11,12,13,14,15","4,16","1,4,7,8,16","1,4,16","1,4,16"
2,17,0.993266675936441,0.058427451525673,-1612.29227482767,-1540.6439371545,FALSE,FALSE,FALSE,"16,4,1,2,3,5,6,7,8,9,10,11,12,13,14,15,17","4,16","1,4,7,8,16","1,4,16","1,4,16"
2,18,0.993268256353409,0.0551815697974116,-1610.40964645991,-1534.54670068831,FALSE,FALSE,FALSE,"16,4,1,2,3,5,6,7,8,9,10,11,12,13,14,15,17,18","4,16","1,4,7,8,16","1,4,16","1,4,16"
2,19,0.993269852213301,0.0522773606428053,-1608.52819294408,-1528.45063907406,FALSE,FALSE,FALSE,"16,4,1,2,3,5,6,7,8,9,10,11,12,13,14,15,17,18,19","4,16","1,4,7,8,16","1,4,16","1,4,16"
2,20,0.993270272155284,0.0496635136077642,-1606.55939248816,-1522.26723051972,FALSE,FALSE,FALSE,"16,4,1,2,3,5,6,7,8,9,10,11,12,13,14,15,17,18,19,20","4,16","1,4,7,8,16","1,4,16","1,4,16"
3,1,0.452620414745086,0.452620414745086,280.311450369294,284.526058467716,FALSE,FALSE,FALSE,"1","1","1","1","1,9,17"
3,2,0.855818978986967,0.427909489493484,-384.725000343738,-376.295784146894,FALSE,FALSE,FALSE,"1,17","1,9","1,2","1,2","1,9,17"
3,3,0.987693002308595,0.329231000769532,-1613.17579127448,-1600.53196697922,TRUE,FALSE,FALSE,"1,17,9","1,9,17","1,2,7","1,2,9","1,9,17"
3,4,0.987896079200442,0.24697401980011,-1619.49508400927,-1602.63665161558,FALSE,FALSE,TRUE,"1,17,9,2","1,9,17","1,2,7,9","1,2,9,17","1,9,17"
3,5,0.987989759213957,0.197597951842791,-1621.37995823405,-1600.30691774194,FALSE,FALSE,FALSE,"1,17,9,2,3","1,9,17","1,2,7,9,15","1,2,9,17","1,9,17"
3,6,0.988021452765548,0.164670242127591,-1620.70114086335,-1595.41349227281,FALSE,FALSE,FALSE,"1,17,9,2,3,4","1,9,17","1,2,7,9,15,16","1,2,9,17","1,9,17"
3,7,0.988096356940757,0.141156622420108,-1621.83755422832,-1592.33529753936,FALSE,TRUE,FALSE,"1,17,9,2,3,4,5","1,9,17","1,2,7,9,15,16,17","1,2,9,17","1,9,17"
3,8,0.988119930838528,0.123514991354816,-1620.82873278247,-1587.11186799509,FALSE,FALSE,FALSE,"1,17,9,2,3,4,5,6","1,9,17","1,2,7,9,15,16,17","1,2,9,17","1,9,17"
3,9,0.98815337984496,0.109794819982773,-1620.23849662037,-1582.30702373457,FALSE,FALSE,FALSE,"1,17,9,2,3,4,5,6,7","1,9,17","1,2,7,9,15,16,17","1,2,9,17","1,9,17"
3,10,0.988175341369852,0.0988175341369852,-1619.16626784016,-1577.02018685594,FALSE,FALSE,FALSE,"1,17,9,2,3,4,5,6,7,8","1,9,17","1,2,7,9,15,16,17","1,2,9,17","1,9,17"
3,11,0.98820831849821,0.0898371198634737,-1618.56263787922,-1572.20194879657,FALSE,FALSE,FALSE,"1,17,9,2,3,4,5,6,7,8,10","1,9,17","1,2,7,9,15,16,17","1,2,9,17","1,9,17"
3,12,0.988230271898984,0.0823525226582487,-1617.49439058403,-1566.91909340297,FALSE,FALSE,FALSE,"1,17,9,2,3,4,5,6,7,8,10,11","1,9,17","1,2,7,9,15,16,17","1,2,9,17","1,9,17"
3,13,0.988246871626102,0.0760189901250848,-1616.20007570739,-1561.4101704279,FALSE,FALSE,FALSE,"1,17,9,2,3,4,5,6,7,8,10,11,12","1,9,17","1,2,7,9,15,16,17","1,2,9,17","1,9,17"
3,14,0.988259429449935,0.0705899592464239,-1614.73459456155,-1555.73008118364,FALSE,FALSE,FALSE,"1,17,9,2,3,4,5,6,7,8,10,11,12,13","1,9,17","1,2,7,9,15,16,17","1,2,9,17","1,9,17"
3,15,0.988282145291772,0.0658854763527848,-1613.70293956713,-1550.4838180908,FALSE,FALSE,FALSE,"1,17,9,2,3,4,5,6,7,8,10,11,12,13,14","1,9,17","1,2,7,9,15,16,17","1,2,9,17","1,9,17"
3,16,0.988285143950522,0.0617678214969076,-1611.83090849044,-1544.39717891568,FALSE,FALSE,FALSE,"1,17,9,2,3,4,5,6,7,8,10,11,12,13,14,15","1,9,17","1,2,7,9,15,16,17","1,2,9,17","1,9,17"
3,17,0.988287085427309,0.0581345344369005,-1609.91377923485,-1538.26544156167,FALSE,FALSE,FALSE,"1,17,9,2,3,4,5,6,7,8,10,11,12,13,14,15,16","1,9,17","1,2,7,9,15,16,17","1,2,9,17","1,9,17"
3,18,0.988287519878109,0.0549048622154505,-1607.9323253813,-1532.0693796097,FALSE,FALSE,FALSE,"1,17,9,2,3,4,5,6,7,8,10,11,12,13,14,15,16,18","1,9,17","1,2,7,9,15,16,17","1,2,9,17","1,9,17"
3,19,0.988287569672134,0.0520151352459018,-1605.93445106819,-1525.85689719817,FALSE,FALSE,FALSE,"1,17,9,2,3,4,5,6,7,8,10,11,12,13,14,15,16,18,19","1,9,17","1,2,7,9,15,16,17","1,2,9,17","1,9,17"
3,20,0.988287580313986,0.0494143790156993,-1603.93490536574,-1519.64274339729,FALSE,FALSE,FALSE,"1,17,9,2,3,4,5,6,7,8,10,11,12,13,14,15,16,18,19,20","1,9,17","1,2,7,9,15,16,17","1,2,9,17","1,9,17"
4,1,0.639074037820802,0.639074037820802,28.3908705258961,32.6054786243183,TRUE,FALSE,FALSE,"18","18","1","1","1,10,18"
4,2,0.883191304705662,0.441595652352831,-533.676795847198,-525.247579650353,FALSE,FALSE,FALSE,"18,10","18","1,6","1,10","1,10,18"
4,3,0.985973948571342,0.328657982857114,-1591.48734427835,-1578.84351998308,FALSE,FALSE,TRUE,"18,10,1","18","1,6,8","1,10,18","1,10,18"
4,4,0.986089228599904,0.246522307149976,-1593.61382221,-1576.75538981631,FALSE,FALSE,FALSE,"18,10,1,2","18","1,6,8,9","1,10,18","1,10,18"
4,5,0.986181819746837,0.197236363949367,-1594.95298527039,-1573.87994477827,FALSE,FALSE,FALSE,"18,10,1,2,3","18","1,6,8,9,10","1,10,18","1,10,18"
4,6,0.986267188279934,0.164377864713322,-1596.05155995663,-1570.7639113661,FALSE,FALSE,FALSE,"18,10,1,2,3,4","18","1,6,8,9,10,13","1,10,18","1,10,18"
4,7,0.986307147357497,0.140901021051071,-1595.50855677939,-1566.00630009043,FALSE,FALSE,FALSE,"18,10,1,2,3,4,5","18","1,6,8,9,10,13,15","1,10,18","1,10,18"
4,8,0.986401792190313,0.123300224023789,-1596.97654998589,-1563.25968519851,FALSE,TRUE,FALSE,"18,10,1,2,3,4,5,6","18","1,6,8,9,10,13,15,18","1,10,18","1,10,18"
4,9,0.986433922208225,0.109603769134247,-1596.15935425201,-1558.22788136621,FALSE,FALSE,FALSE,"18,10,1,2,3,4,5,6,7","18","1,6,8,9,10,13,15,18","1,10,18","1,10,18"
4,10,0.986452797984168,0.0986452797984168,-1594.85553631212,-1552.7094553279,FALSE,FALSE,FALSE,"18,10,1,2,3,4,5,6,7,8","18","1,6,8,9,10,13,15,18","1,10,18","1,10,18"
4,11,0.986464425272837,0.0896785841157124,-1593.28486043546,-1546.92417135282,FALSE,FALSE,FALSE,"18,10,1,2,3,4,5,6,7,8,9","18","1,6,8,9,10,13,15,18","1,10,18","1,10,18"
4,12,0.986474458952172,0.082206204912681,-1591.655638931,-1541.08034174994,FALSE,FALSE,FALSE,"18,10,1,2,3,4,5,6,7,8,9,11","18","1,6,8,9,10,13,15,18","1,10,18","1,10,18"
4,13,0.986487257166516,0.0758836351666551,-1590.12897575063,-1535.33907047114,FALSE,FALSE,FALSE,"18,10,1,2,3,4,5,6,7,8,9,11,12","18","1,6,8,9,10,13,15,18","1,10,18","1,10,18"
4,14,0.986495623983838,0.0704639731417027,-1588.43866153302,-1529.43414815511,FALSE,FALSE,FALSE,"18,10,1,2,3,4,5,6,7,8,9,11,12,13","18","1,6,8,9,10,13,15,18","1,10,18","1,10,18"
4,15,0.986504303977908,0.0657669535985272,-1586.76014194823,-1523.5410204719,FALSE,FALSE,FALSE,"18,10,1,2,3,4,5,6,7,8,9,11,12,13,14","18","1,6,8,9,10,13,15,18","1,10,18","1,10,18"
4,16,0.986511339958756,0.0616569587474222,-1585.02088491316,-1517.58715533841,FALSE,FALSE,FALSE,"18,10,1,2,3,4,5,6,7,8,9,11,12,13,14,15","18","1,6,8,9,10,13,15,18","1,10,18","1,10,18"
4,17,0.986515578808265,0.0580303281651921,-1583.17803601904,-1511.52969834586,FALSE,FALSE,FALSE,"18,10,1,2,3,4,5,6,7,8,9,11,12,13,14,15,16","18","1,6,8,9,10,13,15,18","1,10,18","1,10,18"
4,18,0.986519696718467,0.0548066498176926,-1581.33075073479,-1505.46780496319,FALSE,FALSE,FALSE,"18,10,1,2,3,4,5,6,7,8,9,11,12,13,14,15,16,17","18","1,6,8,9,10,13,15,18","1,10,18","1,10,18"
4,19,0.986520207170141,0.0519221161668495,-1579.34968433475,-1499.27213046472,FALSE,FALSE,FALSE,"18,10,1,2,3,4,5,6,7,8,9,11,12,13,14,15,16,17,19","18","1,6,8,9,10,13,15,18","1,10,18","1,10,18"
4,20,0.986520531526638,0.0493260265763319,-1577.36171569172,-1493.06955372328,FALSE,FALSE,FALSE,"18,10,1,2,3,4,5,6,7,8,9,11,12,13,14,15,16,17,19,20","18","1,6,8,9,10,13,15,18","1,10,18","1,10,18"
5,1,0.531742738934565,0.531742738934565,300.83814343948,305.052751537903,FALSE,FALSE,FALSE,"16","16","9","16","16,19,20"
5,2,0.896919645876391,0.448459822938195,-453.916369967635,-445.487153770791,TRUE,FALSE,FALSE,"16,19","16,19","9,16","16,19","16,19,20"
5,3,0.990486651940115,0.330162217313372,-1643.3228448842,-1630.67902058893,FALSE,FALSE,TRUE,"16,19,20","16,19","9,16,19","16,19,20","16,19,20"
5,4,0.99055735931481,0.247639339828703,-1645.05294324934,-1628.19451085565,FALSE,TRUE,FALSE,"16,19,20,1","16,19","9,16,19,20","16,19,20","16,19,20"
5,5,0.990582924657464,0.198116584931493,-1644.40849697426,-1623.33545648215,FALSE,FALSE,FALSE,"16,19,20,1,2","16,19","9,16,19,20","16,19,20","16,19,20"
5,6,0.990609339402262,0.165101556567044,-1643.81295959802,-1618.52531100749,FALSE,FALSE,FALSE,"16,19,20,1,2,3","16,19","9,16,19,20","16,19,20","16,19,20"
5,7,0.990631197637817,0.141518742519688,-1642.97814462993,-1613.47588794098,FALSE,FALSE,FALSE,"16,19,20,1,2,3,4","16,19","9,16,19,20","16,19,20","16,19,20"
5,8,0.990657120648393,0.123832140081049,-1642.36353732508,-1608.6466725377,FALSE,FALSE,FALSE,"16,19,20,1,2,3,4,5","16,19","9,16,19,20","16,19,20","16,19,20"
5,9,0.990674848845337,0.110074983205037,-1641.31319306236,-1603.38172017656,FALSE,FALSE,FALSE,"16,19,20,1,2,3,4,5,6","16,19","9,16,19,20","16,19,20","16,19,20"
5,10,0.990686529843806,0.0990686529843806,-1639.93990250633,-1597.79382152211,FALSE,FALSE,FALSE,"16,19,20,1,2,3,4,5,6,7","16,19","9,16,19,20","16,19,20","16,19,20"
5,11,0.990707236228237,0.090064294202567,-1639.05277645271,-1592.69208737007,FALSE,FALSE,FALSE,"16,19,20,1,2,3,4,5,6,7,8","16,19","9,16,19,20","16,19,20","16,19,20"
5,12,0.990714899487544,0.0825595749572953,-1637.46527057071,-1586.88997338964,FALSE,FALSE,FALSE,"16,19,20,1,2,3,4,5,6,7,8,9","16,19","9,16,19,20","16,19,20","16,19,20"
5,13,0.990718133403788,0.0762090871849068,-1635.63944636679,-1580.8495410873,FALSE,FALSE,FALSE,"16,19,20,1,2,3,4,5,6,7,8,9,10","16,19","9,16,19,20","16,19,20","16,19,20"
5,14,0.990724707547969,0.0707660505391406,-1633.99371096291,-1574.989197585,FALSE,FALSE,FALSE,"16,19,20,1,2,3,4,5,6,7,8,9,10,11","16,19","9,16,19,20","16,19,20","16,19,20"
5,15,0.990726893450135,0.0660484595633423,-1632.11155952633,-1568.89243804999,FALSE,FALSE,FALSE,"16,19,20,1,2,3,4,5,6,7,8,9,10,11,12","16,19","9,16,19,20","16,19,20","16,19,20"
5,16,0.990728147997782,0.0619205092498614,-1630.17920851276,-1562.745478938,FALSE,FALSE,FALSE,"16,19,20,1,2,3,4,5,6,7,8,9,10,11,12,13","16,19","9,16,19,20","16,19,20","16,19,20"
5,17,0.990728961408749,0.0582781742005146,-1628.22307497269,-1556.57473729951,FALSE,FALSE,FALSE,"16,19,20,1,2,3,4,5,6,7,8,9,10,11,12,13,14","16,19","9,16,19,20","16,19,20","16,19,20"
5,18,0.990729871563003,0.0550405484201668,-1626.27216326649,-1550.40921749489,FALSE,FALSE,FALSE,"16,19,20,1,2,3,4,5,6,7,8,9,10,11,12,13,14,15","16,19","9,16,19,20","16,19,20","16,19,20"
5,19,0.990730381554672,0.0521437042923511,-1624.29967128331,-1544.22211741329,FALSE,FALSE,FALSE,"16,19,20,1,2,3,4,5,6,7,8,9,10,11,12,13,14,15,17","16,19","9,16,19,20","16,19,20","16,19,20"
5,20,0.990730709480604,0.0495365354740302,-1622.31735980709,-1538.02519783865,FALSE,FALSE,FALSE,"16,19,20,1,2,3,4,5,6,7,8,9,10,11,12,13,14,15,17,18","16,19","9,16,19,20","16,19,20","16,19,20"
6,1,0.764604846184018,0.764604846184018,-385.698617619807,-381.484009521385,TRUE,FALSE,FALSE,"17","17","8","8","11,13,17"
6,2,0.902180357496518,0.451090178748259,-822.768721183837,-814.339504986992,FALSE,FALSE,FALSE,"17,11","17","8,11","8,11","11,13,17"
6,3,0.979525898558053,0.326508632852684,-1602.7510498395,-1590.10722554423,FALSE,FALSE,FALSE,"17,11,13","17","8,11,13","8,11,13","11,13,17"
6,4,0.979890331000506,0.244972582750126,-1609.73104934246,-1592.87261694877,FALSE,TRUE,TRUE,"17,11,13,1","17","8,11,13,17","8,11,13,17","11,13,17"
6,5,0.97995904698026,0.195991809396052,-1609.44250593739,-1588.36946544528,FALSE,FALSE,FALSE,"17,11,13,1,2","17","8,11,13,17","8,11,13,17","11,13,17"
6,6,0.980020080040743,0.16333668000679,-1608.96753783337,-1583.67988924284,FALSE,FALSE,FALSE,"17,11,13,1,2,3","17","8,11,13,17","8,11,13,17","11,13,17"
6,7,0.98006192433894,0.140008846334134,-1608.01579471287,-1578.51353802391,FALSE,FALSE,FALSE,"17,11,13,1,2,3,4","17","8,11,13,17","8,11,13,17","11,13,17"
6,8,0.980108331591411,0.122513541448926,-1607.18093585435,-1573.46407106697,FALSE,FALSE,FALSE,"17,11,13,1,2,3,4,5","17","8,11,13,17","8,11,13,17","11,13,17"
6,9,0.980155816512924,0.108906201834769,-1606.3759509818,-1568.44447809601,FALSE,FALSE,FALSE,"17,11,13,1,2,3,4,5,6","17","8,11,13,17","8,11,13,17","11,13,17"
6,10,0.980186547240849,0.0980186547240849,-1605.15085178238,-1563.00477079815,FALSE,FALSE,FALSE,"17,11,13,1,2,3,4,5,6,7","17","8,11,13,17","8,11,13,17","11,13,17"
6,11,0.980210038970975,0.0891100035428159,-1603.74402622451,-1557.38333714187,FALSE,FALSE,FALSE,"17,11,13,1,2,3,4,5,6,7,8","17","8,11,13,17","8,11,13,17","11,13,17"
6,12,0.980236888801841,0.0816864074001534,-1602.42285680528,-1551.84755962421,FALSE,FALSE,FALSE,"17,11,13,1,2,3,4,5,6,7,8,9","17","8,11,13,17","8,11,13,17","11,13,17"
6,13,0.98024866119763,0.0754037431690484,-1600.72078316225,-1545.93087788277,FALSE,FALSE,FALSE,"17,11,13,1,2,3,4,5,6,7,8,9,10","17","8,11,13,17","8,11,13,17","11,13,17"
6,14,0.980257369404884,0.0700183835289203,-1598.94127777264,-1539.93676439473,FALSE,FALSE,FALSE,"17,11,13,1,2,3,4,5,6,7,8,9,10,12","17","8,11,13,17","8,11,13,17","11,13,17"
6,15,0.980265119370417,0.0653510079580278,-1597.13759120255,-1533.91846972622,FALSE,FALSE,FALSE,"17,11,13,1,2,3,4,5,6,7,8,9,10,12,14","17","8,11,13,17","8,11,13,17","11,13,17"
6,16,0.980271971477796,0.0612669982173623,-1595.31122532116,-1527.87749574641,FALSE,FALSE,FALSE,"17,11,13,1,2,3,4,5,6,7,8,9,10,12,14,15","17","8,11,13,17","8,11,13,17","11,13,17"
6,17,0.98027807380219,0.0576634161060112,-1593.46591052893,-1521.81757285575,FALSE,FALSE,FALSE,"17,11,13,1,2,3,4,5,6,7,8,9,10,12,14,15,16","17","8,11,13,17","8,11,13,17","11,13,17"
6,18,0.980284540700499,0.0544602522611388,-1591.62988941052,-1515.76694363892,FALSE,FALSE,FALSE,"17,11,13,1,2,3,4,5,6,7,8,9,10,12,14,15,16,18","17","8,11,13,17","8,11,13,17","11,13,17"
6,19,0.980288211298937,0.0515941163841546,-1589.72298742357,-1509.64543355355,FALSE,FALSE,FALSE,"17,11,13,1,2,3,4,5,6,7,8,9,10,12,14,15,16,18,19","17","8,11,13,17","8,11,13,17","11,13,17"
6,20,0.980288214359057,0.0490144107179529,-1587.72306504515,-1503.43090307671,FALSE,FALSE,FALSE,"17,11,13,1,2,3,4,5,6,7,8,9,10,12,14,15,16,18,19,20","17","8,11,13,17","8,11,13,17","11,13,17"
7,1,0.304209320014169,0.304209320014169,362.364618532525,366.579226630947,FALSE,FALSE,FALSE,"13","5","2","5","5,13,18"
7,2,0.729773059963701,0.36488652998185,-108.528753137871,-100.099536941026,FALSE,FALSE,FALSE,"13,18","5,13","2,5","5,13","5,13,18"
7,3,0.986301178396142,0.328767059465381,-1597.50490803567,-1584.86108374041,TRUE,FALSE,TRUE,"13,18,5","5,13,18","2,5,13","5,13,18","5,13,18"
7,4,0.986447279099662,0.246611819774916,-1600.86614963446,-1584.00771724077,FALSE,FALSE,FALSE,"13,18,5,1","5,13,18","2,5,13,15","5,13,18","5,13,18"
7,5,0.98654498842745,0.19730899768549,-1602.48399330886,-1581.41095281675,FALSE,FALSE,FALSE,"13,18,5,1,2","5,13,18","2,5,13,15,17","5,13,18","5,13,18"
7,6,0.986678803038466,0.164446467173078,-1605.48155391858,-1580.19390532805,FALSE,TRUE,FALSE,"13,18,5,1,2,3","5,13,18","2,5,13,15,17,18","5,13,18","5,13,18"
7,7,0.986707894640467,0.140958270662924,-1604.57467694544,-1575.07242025649,FALSE,FALSE,FALSE,"13,18,5,1,2,3,4","5,13,18","2,5,13,15,17,18","5,13,18","5,13,18"
7,8,0.986721374686379,0.123340171835797,-1603.08200386973,-1569.36513908235,FALSE,FALSE,FALSE,"13,18,5,1,2,3,4,6","5,13,18","2,5,13,15,17,18","5,13,18","5,13,18"
7,9,0.986731194258846,0.109636799362094,-1601.45189174684,-1563.52041886104,FALSE,FALSE,FALSE,"13,18,5,1,2,3,4,6,7","5,13,18","2,5,13,15,17,18","5,13,18","5,13,18"
7,10,0.986741248512516,0.0986741248512516,-1599.83090343134,-1557.68482244711,FALSE,FALSE,FALSE,"13,18,5,1,2,3,4,6,7,8","5,13,18","2,5,13,15,17,18","5,13,18","5,13,18"
7,11,0.986750901967809,0.089704627451619,-1598.19507690806,-1551.83438782542,FALSE,FALSE,FALSE,"13,18,5,1,2,3,4,6,7,8,9","5,13,18","2,5,13,15,17,18","5,13,18","5,13,18"
7,12,0.986760072153107,0.0822300060127589,-1596.54126501277,-1545.9659678317,FALSE,FALSE,FALSE,"13,18,5,1,2,3,4,6,7,8,9,10","5,13,18","2,5,13,15,17,18","5,13,18","5,13,18"
7,13,0.986766897226631,0.07590514594051,-1594.79907734157,-1540.00917206208,FALSE,FALSE,FALSE,"13,18,5,1,2,3,4,6,7,8,9,10,11","5,13,18","2,5,13,15,17,18","5,13,18","5,13,18"
7,14,0.98677561091279,0.0704839722080565,-1593.12842399773,-1534.12391061982,FALSE,FALSE,FALSE,"13,18,5,1,2,3,4,6,7,8,9,10,11,12","5,13,18","2,5,13,15,17,18","5,13,18","5,13,18"
7,15,0.98678079726705,0.06578538648447,-1591.32455296391,-1528.10543148758,FALSE,FALSE,FALSE,"13,18,5,1,2,3,4,6,7,8,9,10,11,12,14","5,13,18","2,5,13,15,17,18","5,13,18","5,13,18"
7,16,0.986785116677953,0.0616740697923721,-1589.48795603876,-1522.054226464,FALSE,FALSE,FALSE,"13,18,5,1,2,3,4,6,7,8,9,10,11,12,14,15","5,13,18","2,5,13,15,17,18","5,13,18","5,13,18"
7,17,0.986787479080896,0.0580463222988762,-1587.57734820636,-1515.92901053318,FALSE,FALSE,FALSE,"13,18,5,1,2,3,4,6,7,8,9,10,11,12,14,15,16","5,13,18","2,5,13,15,17,18","5,13,18","5,13,18"
7,18,0.986788468578339,0.0548215815876855,-1585.61479505328,-1509.75184928168,FALSE,FALSE,FALSE,"13,18,5,1,2,3,4,6,7,8,9,10,11,12,14,15,16,17","5,13,18","2,5,13,15,17,18","5,13,18","5,13,18"
7,19,0.986789192218082,0.0519362732746359,-1583.64218247486,-1503.56462860484,FALSE,FALSE,FALSE,"13,18,5,1,2,3,4,6,7,8,9,10,11,12,14,15,16,17,19","5,13,18","2,5,13,15,17,18","5,13,18","5,13,18"
7,20,0.986789576258601,0.0493394788129301,-1581.6567177746,-1497.36455580616,FALSE,FALSE,FALSE,"13,18,5,1,2,3,4,6,7,8,9,10,11,12,14,15,16,17,19,20","5,13,18","2,5,13,15,17,18","5,13,18","5,13,18"
8,1,0.3597865678114,0.3597865678114,428.211123238906,432.425731337328,TRUE,FALSE,FALSE,"20","1","1","1","1,17,20"
8,2,0.591103008828841,0.295551504414421,206.041953459391,214.471169656236,FALSE,FALSE,FALSE,"20,17","1","1,15","1,17","1,17,20"
8,3,0.989074224208369,0.329691408069456,-1603.12730646989,-1590.48348217462,FALSE,FALSE,FALSE,"20,17,1","1","1,15,17","1,17,19","1,17,20"
8,4,0.989317689248599,0.24732942231215,-1612.39509472807,-1595.53666233438,FALSE,FALSE,TRUE,"20,17,1,2","1","1,15,17,19","1,17,19,20","1,17,20"
8,5,0.989376391892951,0.19787527837859,-1613.15032876818,-1592.07728827606,FALSE,TRUE,FALSE,"20,17,1,2,3","1","1,15,17,19,20","1,17,19,20","1,17,20"
8,6,0.989404710906388,0.164900785151065,-1612.48494243747,-1587.19729384693,FALSE,FALSE,FALSE,"20,17,1,2,3,4","1","1,15,17,19,20","1,17,19,20","1,17,20"
8,7,0.98942668416556,0.141346669166508,-1611.5229544906,-1582.02069780164,FALSE,FALSE,FALSE,"20,17,1,2,3,4,5","1","1,15,17,19,20","1,17,19,20","1,17,20"
8,8,0.989447778212401,0.12368097227655,-1610.52146417256,-1576.80459938518,FALSE,FALSE,FALSE,"20,17,1,2,3,4,5,6","1","1,15,17,19,20","1,17,19,20","1,17,20"
8,9,0.989465126435098,0.1099405696039,-1609.34415816245,-1571.41268527665,FALSE,FALSE,FALSE,"20,17,1,2,3,4,5,6,7","1","1,15,17,19,20","1,17,19,20","1,17,20"
8,10,0.989478443318015,0.0989478443318015,-1607.97659607032,-1565.8305150861,FALSE,FALSE,FALSE,"20,17,1,2,3,4,5,6,7,8","1","1,15,17,19,20","1,17,19,20","1,17,20"
8,11,0.989486561401909,0.0899533237638099,-1606.36252837925,-1560.00183929661,FALSE,FALSE,FALSE,"20,17,1,2,3,4,5,6,7,8,9","1","1,15,17,19,20","1,17,19,20","1,17,20"
8,12,0.9894934727462,0.0824577893955166,-1604.69132741672,-1554.11603023565,FALSE,FALSE,FALSE,"20,17,1,2,3,4,5,6,7,8,9,10","1","1,15,17,19,20","1,17,19,20","1,17,20"
8,13,0.989498693544287,0.0761152841187913,-1602.93984414943,-1548.14993886995,FALSE,FALSE,FALSE,"20,17,1,2,3,4,5,6,7,8,9,10,11","1","1,15,17,19,20","1,17,19,20","1,17,20"
8,14,0.989503340178473,0.070678810012748,-1601.16113387818,-1542.15662050027,FALSE,FALSE,FALSE,"20,17,1,2,3,4,5,6,7,8,9,10,11,12","1","1,15,17,19,20","1,17,19,20","1,17,20"
8,15,0.989507169227506,0.0659671446151671,-1599.34356084365,-1536.12443936731,FALSE,FALSE,FALSE,"20,17,1,2,3,4,5,6,7,8,9,10,11,12,13","1","1,15,17,19,20","1,17,19,20","1,17,20"
8,16,0.989510809698469,0.0618444256061543,-1597.5170651494,-1530.08333557464,FALSE,FALSE,FALSE,"20,17,1,2,3,4,5,6,7,8,9,10,11,12,13,14","1","1,15,17,19,20","1,17,19,20","1,17,20"
8,17,0.989511159618976,0.0582065388011162,-1595.53374548094,-1523.88540780776,FALSE,FALSE,FALSE,"20,17,1,2,3,4,5,6,7,8,9,10,11,12,13,14,15","1","1,15,17,19,20","1,17,19,20","1,17,20"
8,18,0.989511360444255,0.0549728533580142,-1593.5433188558,-1517.6803730842,FALSE,FALSE,FALSE,"20,17,1,2,3,4,5,6,7,8,9,10,11,12,13,14,15,16","1","1,15,17,19,20","1,17,19,20","1,17,20"
8,19,0.989511523818331,0.0520795538851753,-1591.55110706071,-1511.47355319069,FALSE,FALSE,FALSE,"20,17,1,2,3,4,5,6,7,8,9,10,11,12,13,14,15,16,18","1","1,15,17,19,20","1,17,19,20","1,17,20"
8,20,0.989511653309899,0.049475582665495,-1589.55728013893,-1505.26511817048,FALSE,FALSE,FALSE,"20,17,1,2,3,4,5,6,7,8,9,10,11,12,13,14,15,16,18,19","1","1,15,17,19,20","1,17,19,20","1,17,20"
9,1,0.49830948028032,0.49830948028032,172.325297049271,176.539905147693,TRUE,FALSE,FALSE,"13","4","2","4","4,11,13"
9,2,0.64615661023092,0.32307830511546,-0.239213718489586,8.1900024783548,FALSE,FALSE,FALSE,"13,4","4","2,4","4,11","4,11,13"
9,3,0.986343265114059,0.328781088371353,-1625.55002135621,-1612.90619706095,FALSE,FALSE,TRUE,"13,4,11","4","2,4,5","4,11,13","4,11,13"
9,4,0.986424652675906,0.246606163168976,-1626.53869491932,-1609.68026252563,FALSE,FALSE,FALSE,"13,4,11,1","4","2,4,5,8","4,11,13","4,11,13"
9,5,0.986487722602498,0.1972975445205,-1626.86706594535,-1605.79402545324,FALSE,FALSE,FALSE,"13,4,11,1,2","4","2,4,5,8,11","4,11,13","4,11,13"
9,6,0.986557324777418,0.164426220796236,-1627.44923815668,-1602.16158956615,FALSE,FALSE,FALSE,"13,4,11,1,2,3","4","2,4,5,8,11,12","4,11,13","4,11,13"
9,7,0.98661177489499,0.140944539270713,-1627.47862187682,-1597.97636518787,FALSE,TRUE,FALSE,"13,4,11,1,2,3,5","4","2,4,5,8,11,12,13","4,11,13","4,11,13"
9,8,0.986638265320492,0.123329783165061,-1626.46891996978,-1592.7520551824,FALSE,FALSE,FALSE,"13,4,11,1,2,3,5,6","4","2,4,5,8,11,12,13","4,11,13","4,11,13"
9,9,0.986670907277513,0.109630100808613,-1625.69188592746,-1587.76041304166,FALSE,FALSE,FALSE,"13,4,11,1,2,3,5,6,7","4","2,4,5,8,11,12,13","4,11,13","4,11,13"
9,10,0.986689339268089,0.0986689339268089,-1624.38378397932,-1582.2377029951,FALSE,FALSE,FALSE,"13,4,11,1,2,3,5,6,7,8","4","2,4,5,8,11,12,13","4,11,13","4,11,13"
9,11,0.986706017829654,0.0897005470754231,-1623.010688231,-1576.64999914836,FALSE,FALSE,FALSE,"13,4,11,1,2,3,5,6,7,8,9","4","2,4,5,8,11,12,13","4,11,13","4,11,13"
9,12,0.986722332530328,0.082226861044194,-1621.62467731127,-1571.0493801302,FALSE,FALSE,FALSE,"13,4,11,1,2,3,5,6,7,8,9,10","4","2,4,5,8,11,12,13","4,11,13","4,11,13"
9,13,0.986740358352182,0.0759031044886294,-1620.30394077943,-1565.51403549994,FALSE,FALSE,FALSE,"13,4,11,1,2,3,5,6,7,8,9,10,12","4","2,4,5,8,11,12,13","4,11,13","4,11,13"
9,14,0.986757049657166,0.0704826464040833,-1618.9337398269,-1559.92922644899,FALSE,FALSE,FALSE,"13,4,11,1,2,3,5,6,7,8,9,10,12,14","4","2,4,5,8,11,12,13","4,11,13","4,11,13"
9,15,0.986762230355479,0.0657841486903652,-1617.12938021661,-1553.91025874028,FALSE,FALSE,FALSE,"13,4,11,1,2,3,5,6,7,8,9,10,12,14,15","4","2,4,5,8,11,12,13","4,11,13","4,11,13"
9,16,0.98676384719378,0.0616727404496113,-1615.19045308207,-1547.75672350731,FALSE,FALSE,FALSE,"13,4,11,1,2,3,5,6,7,8,9,10,12,14,15,16","4","2,4,5,8,11,12,13","4,11,13","4,11,13"
9,17,0.986765368220001,0.05804502166,-1613.24791364645,-1541.59957597327,FALSE,FALSE,FALSE,"13,4,11,1,2,3,5,6,7,8,9,10,12,14,15,16,17","4","2,4,5,8,11,12,13","4,11,13","4,11,13"
9,18,0.986765493562112,0.0548203051978951,-1611.25264905227,-1535.38970328067,FALSE,FALSE,FALSE,"13,4,11,1,2,3,5,6,7,8,9,10,12,14,15,16,17,18","4","2,4,5,8,11,12,13","4,11,13","4,11,13"
9,19,0.986765585845635,0.0519350308339808,-1609.25613553835,-1529.17858166832,FALSE,FALSE,FALSE,"13,4,11,1,2,3,5,6,7,8,9,10,12,14,15,16,17,18,19","4","2,4,5,8,11,12,13","4,11,13","4,11,13"
9,20,0.986765619636289,0.0493382809818144,-1607.25741216066,-1522.96525019222,FALSE,FALSE,FALSE,"13,4,11,1,2,3,5,6,7,8,9,10,12,14,15,16,17,18,19,20","4","2,4,5,8,11,12,13","4,11,13","4,11,13"
10,1,0.634487926828389,0.634487926828389,-258.763540079494,-254.548931981072,TRUE,FALSE,FALSE,"2","2","2","2","2,3,9"
10,2,0.821293544615418,0.410646772307709,-614.540922539676,-606.111706342832,FALSE,FALSE,FALSE,"2,3","2","2,3","2,3","2,3,9"
10,3,0.976133859247118,0.325377953082373,-1619.1828205873,-1606.53899629203,FALSE,FALSE,TRUE,"2,3,9","2","2,3,5","2,3,9","2,3,9"
10,4,0.976411598852536,0.244102899713134,-1623.03563816084,-1606.17720576715,FALSE,FALSE,FALSE,"2,3,9,1","2","2,3,5,8","2,3,9","2,3,9"
10,5,0.976586287001769,0.195317257400354,-1624.7522572267,-1603.67921673459,FALSE,TRUE,FALSE,"2,3,9,1,4","2","2,3,5,8,9","2,3,9","2,3,9"
10,6,0.976672133943981,0.162778688990664,-1624.58888834777,-1599.30123975723,FALSE,FALSE,FALSE,"2,3,9,1,4,5","2","2,3,5,8,9","2,3,9","2,3,9"
10,7,0.976712037119776,0.139530291017111,-1623.44488911943,-1593.94263243048,FALSE,FALSE,FALSE,"2,3,9,1,4,5,6","2","2,3,5,8,9","2,3,9","2,3,9"
10,8,0.976802241667043,0.12210028020838,-1623.38537015603,-1589.66850536866,FALSE,FALSE,FALSE,"2,3,9,1,4,5,6,7","2","2,3,5,8,9","2,3,9","2,3,9"
10,9,0.976830708071647,0.108536745341294,-1621.99930630295,-1584.06783341715,FALSE,FALSE,FALSE,"2,3,9,1,4,5,6,7,8","2","2,3,5,8,9","2,3,9","2,3,9"
10,10,0.976898812217622,0.0976898812217622,-1621.47117769009,-1579.32509670587,FALSE,FALSE,FALSE,"2,3,9,1,4,5,6,7,8,10","2","2,3,5,8,9","2,3,9","2,3,9"
10,11,0.976936854217848,0.0888124412925316,-1620.29523396685,-1573.93454488421,FALSE,FALSE,FALSE,"2,3,9,1,4,5,6,7,8,10,11","2","2,3,5,8,9","2,3,9","2,3,9"
10,12,0.976976356564807,0.0814146963804006,-1619.15236368459,-1568.57706650352,FALSE,FALSE,FALSE,"2,3,9,1,4,5,6,7,8,10,11,12","2","2,3,5,8,9","2,3,9","2,3,9"
10,13,0.977006576689794,0.0751543520530611,-1617.80907936572,-1563.01917408623,FALSE,FALSE,FALSE,"2,3,9,1,4,5,6,7,8,10,11,12,13","2","2,3,5,8,9","2,3,9","2,3,9"
10,14,0.977026401215537,0.0697876000868241,-1616.24035653071,-1557.2358431528,FALSE,FALSE,FALSE,"2,3,9,1,4,5,6,7,8,10,11,12,13,14","2","2,3,5,8,9","2,3,9","2,3,9"
10,15,0.977028668092349,0.06513524453949,-1614.28969552806,-1551.07057405173,FALSE,FALSE,FALSE,"2,3,9,1,4,5,6,7,8,10,11,12,13,14,15","2","2,3,5,8,9","2,3,9","2,3,9"
10,16,0.977029443374641,0.0610643402109151,-1612.30657080936,-1544.87284123461,FALSE,FALSE,FALSE,"2,3,9,1,4,5,6,7,8,10,11,12,13,14,15,16","2","2,3,5,8,9","2,3,9","2,3,9"
10,17,0.977029885990368,0.0574723462347275,-1610.31620531666,-1538.66786764348,FALSE,FALSE,FALSE,"2,3,9,1,4,5,6,7,8,10,11,12,13,14,15,16,17","2","2,3,5,8,9","2,3,9","2,3,9"
10,18,0.977029933792939,0.0542794407662744,-1608.31724585614,-1532.45430008454,FALSE,FALSE,FALSE,"2,3,9,1,4,5,6,7,8,10,11,12,13,14,15,16,17,18","2","2,3,5,8,9","2,3,9","2,3,9"
10,19,0.977029937902313,0.051422628310648,-1606.31733530677,-1526.23978143675,FALSE,FALSE,FALSE,"2,3,9,1,4,5,6,7,8,10,11,12,13,14,15,16,17,18,19","2","2,3,5,8,9","2,3,9","2,3,9"
10,20,0.977029941726099,0.048851497086305,-1604.31741854092,-1520.02525657247,FALSE,FALSE,FALSE,"2,3,9,1,4,5,6,7,8,10,11,12,13,14,15,16,17,18,19,20","2","2,3,5,8,9","2,3,9","2,3,9"
11,1,0.338886945356151,0.338886945356151,-401.546427212307,-397.331819113884,TRUE,FALSE,FALSE,"11","3","3","3","3,11,12"
11,2,0.575888176162859,0.287944088081429,-621.510279748169,-613.081063551324,FALSE,FALSE,FALSE,"11,12","3","3,11","3,11","3,11,12"
11,3,0.946249845947058,0.315416615315686,-1652.33559115813,-1639.69176686286,FALSE,TRUE,TRUE,"11,12,3","3","3,11,12","3,11,12","3,11,12"
11,4,0.946386633427777,0.236596658356944,-1651.60965104304,-1634.75121864935,FALSE,FALSE,FALSE,"11,12,3,1","3","3,11,12","3,11,12","3,11,12"
11,5,0.946583262910819,0.189316652582164,-1651.44679496358,-1630.37375447147,FALSE,FALSE,FALSE,"11,12,3,1,2","3","3,11,12","3,11,12","3,11,12"
11,6,0.946709582382646,0.157784930397108,-1650.63059122524,-1625.3429426347,FALSE,FALSE,FALSE,"11,12,3,1,2,4","3","3,11,12","3,11,12","3,11,12"
11,7,0.946815744431791,0.135259392061684,-1649.6276554204,-1620.12539873145,FALSE,FALSE,FALSE,"11,12,3,1,2,4,5","3","3,11,12","3,11,12","3,11,12"
11,8,0.946917794374859,0.118364724296857,-1648.58797698651,-1614.87111219914,FALSE,FALSE,FALSE,"11,12,3,1,2,4,5,6","3","3,11,12","3,11,12","3,11,12"
11,9,0.94700765958554,0.105223073287282,-1647.43516639751,-1609.50369351171,FALSE,FALSE,FALSE,"11,12,3,1,2,4,5,6,7","3","3,11,12","3,11,12","3,11,12"
11,10,0.947092459736157,0.0947092459736157,-1646.23592432281,-1604.08984333859,FALSE,FALSE,FALSE,"11,12,3,1,2,4,5,6,7,8","3","3,11,12","3,11,12","3,11,12"
11,11,0.947173434600309,0.0861066758727553,-1645.00175933389,-1598.64107025125,FALSE,FALSE,FALSE,"11,12,3,1,2,4,5,6,7,8,9","3","3,11,12","3,11,12","3,11,12"
11,12,0.94719888611921,0.0789332405099341,-1643.24271435219,-1592.66741717113,FALSE,FALSE,FALSE,"11,12,3,1,2,4,5,6,7,8,9,10","3","3,11,12","3,11,12","3,11,12"
11,13,0.947248679832513,0.0728652830640395,-1641.71445825319,-1586.9245529737,FALSE,FALSE,FALSE,"11,12,3,1,2,4,5,6,7,8,9,10,13","3","3,11,12","3,11,12","3,11,12"
11,14,0.947272976389831,0.0676623554564165,-1639.94480466248,-1580.94029128457,FALSE,FALSE,FALSE,"11,12,3,1,2,4,5,6,7,8,9,10,13,14","3","3,11,12","3,11,12","3,11,12"
11,15,0.947292146201446,0.0631528097467631,-1638.12662127096,-1574.90749979463,FALSE,FALSE,FALSE,"11,12,3,1,2,4,5,6,7,8,9,10,13,14,15","3","3,11,12","3,11,12","3,11,12"
11,16,0.947314256204932,0.0592071410128082,-1636.33640634629,-1568.90267677153,FALSE,FALSE,FALSE,"11,12,3,1,2,4,5,6,7,8,9,10,13,14,15,16","3","3,11,12","3,11,12","3,11,12"
11,17,0.947324506140719,0.055724970949454,-1634.43369009169,-1562.78535241852,FALSE,FALSE,FALSE,"11,12,3,1,2,4,5,6,7,8,9,10,13,14,15,16,17","3","3,11,12","3,11,12","3,11,12"
11,18,0.94732805616865,0.0526293364538139,-1632.46738837625,-1556.60444260465,FALSE,FALSE,FALSE,"11,12,3,1,2,4,5,6,7,8,9,10,13,14,15,16,17,18","3","3,11,12","3,11,12","3,11,12"
11,19,0.947329168288882,0.0498594299099412,-1630.47794553336,-1550.40039166334,FALSE,FALSE,FALSE,"11,12,3,1,2,4,5,6,7,8,9,10,13,14,15,16,17,18,19","3","3,11,12","3,11,12","3,11,12"
11,20,0.947329292541109,0.0473664646270555,-1628.47912505123,-1544.18696308278,FALSE,FALSE,FALSE,"11,12,3,1,2,4,5,6,7,8,9,10,13,14,15,16,17,18,19,20","3","3,11,12","3,11,12","3,11,12"
12,1,0.487220881268734,0.487220881268734,169.437125970703,173.651734069125,TRUE,FALSE,FALSE,"18","18","2","2","2,9,18"
12,2,0.74439273192823,0.372196365964115,-176.664387649234,-168.23517145239,FALSE,FALSE,FALSE,"18,9","18","2,9","2,9","2,9,18"
12,3,0.985135155335955,0.328378385111985,-1596.98596305801,-1584.34213876275,FALSE,FALSE,TRUE,"18,9,2","18","2,9,17","2,9,18","2,9,18"
12,4,0.985232114170538,0.246308028542635,-1598.25799297181,-1581.39956057812,FALSE,FALSE,FALSE,"18,9,2,1","18","2,9,17,18","2,9,18","2,9,18"
12,5,0.985326153121258,0.197065230624252,-1599.45207368205,-1578.37903318994,FALSE,TRUE,FALSE,"18,9,2,1,3","18","2,9,17,18,19","2,9,18","2,9,18"
12,6,0.985358037353451,0.164226339558909,-1598.53968631434,-1573.25203772381,FALSE,FALSE,FALSE,"18,9,2,1,3,4","18","2,9,17,18,19","2,9,18","2,9,18"
12,7,0.985384673752439,0.140769239107491,-1597.45010581506,-1567.9478491261,FALSE,FALSE,FALSE,"18,9,2,1,3,4,5","18","2,9,17,18,19","2,9,18","2,9,18"
12,8,0.985398929828383,0.123174866228548,-1595.93805363964,-1562.22118885227,FALSE,FALSE,FALSE,"18,9,2,1,3,4,5,6","18","2,9,17,18,19","2,9,18","2,9,18"
12,9,0.985406876473829,0.109489652941537,-1594.21025316412,-1556.27878027832,FALSE,FALSE,FALSE,"18,9,2,1,3,4,5,6,7","18","2,9,17,18,19","2,9,18","2,9,18"
12,10,0.98541333149521,0.098541333149521,-1592.43146863679,-1550.28538765257,FALSE,FALSE,FALSE,"18,9,2,1,3,4,5,6,7,8","18","2,9,17,18,19","2,9,18","2,9,18"
12,11,0.985419564651034,0.0895835967864576,-1590.64517363644,-1544.28448455379,FALSE,FALSE,FALSE,"18,9,2,1,3,4,5,6,7,8,10","18","2,9,17,18,19","2,9,18","2,9,18"
12,12,0.985425263620248,0.082118771968354,-1588.84064390635,-1538.26534672528,FALSE,FALSE,FALSE,"18,9,2,1,3,4,5,6,7,8,10,11","18","2,9,17,18,19","2,9,18","2,9,18"
12,13,0.985428237440342,0.0758021721107955,-1586.942674003,-1532.15276872351,FALSE,FALSE,FALSE,"18,9,2,1,3,4,5,6,7,8,10,11,12","18","2,9,17,18,19","2,9,18","2,9,18"
12,14,0.98543020801685,0.0703878720012036,-1585.01029484691,-1526.005781469,FALSE,FALSE,FALSE,"18,9,2,1,3,4,5,6,7,8,10,11,12,13","18","2,9,17,18,19","2,9,18","2,9,18"
12,15,0.985430955733713,0.0656953970489142,-1583.03595533852,-1519.81683386219,FALSE,FALSE,FALSE,"18,9,2,1,3,4,5,6,7,8,10,11,12,13,14","18","2,9,17,18,19","2,9,18","2,9,18"
12,16,0.98543152319659,0.0615894701997868,-1581.05543066984,-1513.62170109509,FALSE,FALSE,FALSE,"18,9,2,1,3,4,5,6,7,8,10,11,12,13,14,15","18","2,9,17,18,19","2,9,18","2,9,18"
12,17,0.985432063162871,0.0579665919507571,-1579.07396302212,-1507.42562534894,FALSE,FALSE,FALSE,"18,9,2,1,3,4,5,6,7,8,10,11,12,13,14,15,16","18","2,9,17,18,19","2,9,18","2,9,18"
12,18,0.985432326086526,0.0547462403381404,-1577.08298715611,-1501.22004138451,FALSE,FALSE,FALSE,"18,9,2,1,3,4,5,6,7,8,10,11,12,13,14,15,16,17","18","2,9,17,18,19","2,9,18","2,9,18"
12,19,0.98543233701806,0.0518648598430558,-1575.08336235457,-1495.00580848455,FALSE,FALSE,FALSE,"18,9,2,1,3,4,5,6,7,8,10,11,12,13,14,15,16,17,19","18","2,9,17,18,19","2,9,18","2,9,18"
12,20,0.98543234039661,0.0492716170198305,-1573.08347831517,-1488.79131634673,FALSE,FALSE,FALSE,"18,9,2,1,3,4,5,6,7,8,10,11,12,13,14,15,16,17,19,20","18","2,9,17,18,19","2,9,18","2,9,18"
13,1,0.613107096375378,0.613107096375378,-8.62636955559145,-4.41176145716926,TRUE,FALSE,FALSE,"15","15","1","6","6,9,15"
13,2,0.823479781104272,0.411739890552136,-398.982617280119,-390.553401083275,FALSE,FALSE,FALSE,"15,9","15","1,5","6,9","6,9,15"
13,3,0.983176652580046,0.327725550860015,-1572.31650500633,-1559.67268071106,FALSE,FALSE,FALSE,"15,9,6","15","1,5,6","6,9,15","6,9,15"
13,4,0.983413346278333,0.245853336569583,-1577.40113985316,-1560.54270745947,FALSE,FALSE,TRUE,"15,9,6,1","15","1,5,6,9","6,9,15,17","6,9,15"
13,5,0.983533052439542,0.196706610487908,-1579.02273265751,-1557.9496921654,FALSE,FALSE,FALSE,"15,9,6,1,2","15","1,5,6,9,15","6,9,15,17","6,9,15"
13,6,0.983618914183492,0.163936485697249,-1579.63664681535,-1554.34899822482,FALSE,TRUE,FALSE,"15,9,6,1,2,3","15","1,5,6,9,15,17","6,9,15,17","6,9,15"
13,7,0.983669124115444,0.140524160587921,-1579.17155847371,-1549.66930178475,FALSE,FALSE,FALSE,"15,9,6,1,2,3,4","15","1,5,6,9,15,17","6,9,15,17","6,9,15"
13,8,0.983736060662153,0.122967007582769,-1579.22515627289,-1545.50829148552,FALSE,FALSE,FALSE,"15,9,6,1,2,3,4,5","15","1,5,6,9,15,17","6,9,15,17","6,9,15"
13,9,0.983783806744829,0.109309311860537,-1578.69516619146,-1540.76369330566,FALSE,FALSE,FALSE,"15,9,6,1,2,3,4,5,7","15","1,5,6,9,15,17","6,9,15,17","6,9,15"
13,10,0.983828554383092,0.0983828554383092,-1578.07679413023,-1535.93071314601,FALSE,FALSE,FALSE,"15,9,6,1,2,3,4,5,7,8","15","1,5,6,9,15,17","6,9,15,17","6,9,15"
13,11,0.983869083137624,0.0894426439216022,-1577.33146322215,-1530.9707741395,FALSE,FALSE,FALSE,"15,9,6,1,2,3,4,5,7,8,10","15","1,5,6,9,15,17","6,9,15,17","6,9,15"
13,12,0.98392589096889,0.0819938242474075,-1577.09540809128,-1526.52011091021,FALSE,FALSE,FALSE,"15,9,6,1,2,3,4,5,7,8,10,11","15","1,5,6,9,15,17","6,9,15,17","6,9,15"
13,13,0.983949597371553,0.0756884305670426,-1575.8333619384,-1521.04345665891,FALSE,FALSE,FALSE,"15,9,6,1,2,3,4,5,7,8,10,11,12","15","1,5,6,9,15,17","6,9,15,17","6,9,15"
13,14,0.983978571673527,0.0702841836909662,-1574.73678120054,-1515.73226782263,FALSE,FALSE,FALSE,"15,9,6,1,2,3,4,5,7,8,10,11,12,13","15","1,5,6,9,15,17","6,9,15,17","6,9,15"
13,15,0.983985654016253,0.0655990436010835,-1572.95785726295,-1509.73873578662,FALSE,FALSE,FALSE,"15,9,6,1,2,3,4,5,7,8,10,11,12,13,14","15","1,5,6,9,15,17","6,9,15,17","6,9,15"
13,16,0.984013233912817,0.0615008271195511,-1571.81969929306,-1504.3859697183,FALSE,FALSE,FALSE,"15,9,6,1,2,3,4,5,7,8,10,11,12,13,14,16","15","1,5,6,9,15,17","6,9,15,17","6,9,15"
13,17,0.984015178120079,0.0578832457717694,-1569.88050976224,-1498.23217208906,FALSE,FALSE,FALSE,"15,9,6,1,2,3,4,5,7,8,10,11,12,13,14,16,17","15","1,5,6,9,15,17","6,9,15,17","6,9,15"
13,18,0.984017357967884,0.0546676309982158,-1567.94869933818,-1492.08575356658,FALSE,FALSE,FALSE,"15,9,6,1,2,3,4,5,7,8,10,11,12,13,14,16,17,18","15","1,5,6,9,15,17","6,9,15,17","6,9,15"
13,19,0.984019356581201,0.0517904924516422,-1566.01122774512,-1485.9336738751,FALSE,FALSE,FALSE,"15,9,6,1,2,3,4,5,7,8,10,11,12,13,14,16,17,18,19","15","1,5,6,9,15,17","6,9,15,17","6,9,15"
13,20,0.984020487499318,0.0492010243749659,-1564.04661299544,-1479.75445102699,FALSE,FALSE,FALSE,"15,9,6,1,2,3,4,5,7,8,10,11,12,13,14,16,17,18,19,20","15","1,5,6,9,15,17","6,9,15,17","6,9,15"
14,1,0.854827026736913,0.854827026736913,-450.604852698214,-446.390244599792,TRUE,FALSE,FALSE,"15","15","4","15","15,17,18"
14,2,0.943806152897842,0.471903076448921,-923.164193586082,-914.734977389238,FALSE,FALSE,FALSE,"15,18","15","4,8","15,17","15,17,18"
14,3,0.984962440895649,0.328320813631883,-1580.29232207662,-1567.64849778135,FALSE,FALSE,TRUE,"15,18,17","15","4,8,9","15,17,18","15,17,18"
14,4,0.985029887625409,0.246257471906352,-1580.53997542706,-1563.68154303337,FALSE,FALSE,FALSE,"15,18,17,1","15","4,8,9,15","15,17,18","15,17,18"
14,5,0.985170748741955,0.197034149748391,-1583.26699468318,-1562.19395419107,FALSE,FALSE,FALSE,"15,18,17,1,2","15","4,8,9,15,17","15,17,18","15,17,18"
14,6,0.985255431673204,0.164209238612201,-1584.13044498772,-1558.84279639719,FALSE,TRUE,FALSE,"15,18,17,1,2,3","15","4,8,9,15,17,18","15,17,18","15,17,18"
14,7,0.985314163928839,0.140759166275548,-1584.12607959776,-1554.6238229088,FALSE,FALSE,FALSE,"15,18,17,1,2,3,4","15","4,8,9,15,17,18","15,17,18","15,17,18"
14,8,0.985353686616417,0.123169210827052,-1583.47349914357,-1549.75663435619,FALSE,FALSE,FALSE,"15,18,17,1,2,3,4,5","15","4,8,9,15,17,18","15,17,18","15,17,18"
14,9,0.985405082824324,0.109489453647147,-1583.23116323127,-1545.29969034547,FALSE,FALSE,FALSE,"15,18,17,1,2,3,4,5,6","15","4,8,9,15,17,18","15,17,18","15,17,18"
14,10,0.985435644530228,0.0985435644530228,-1582.27925923377,-1540.13317824955,FALSE,FALSE,FALSE,"15,18,17,1,2,3,4,5,6,7","15","4,8,9,15,17,18","15,17,18","15,17,18"
14,11,0.985457891124733,0.0895870810113394,-1581.0435773788,-1534.68288829616,FALSE,FALSE,FALSE,"15,18,17,1,2,3,4,5,6,7,8","15","4,8,9,15,17,18","15,17,18","15,17,18"
14,12,0.985472287234104,0.082122690602842,-1579.53880265831,-1528.96350547724,FALSE,FALSE,FALSE,"15,18,17,1,2,3,4,5,6,7,8,9","15","4,8,9,15,17,18","15,17,18","15,17,18"
14,13,0.985492292403471,0.0758070994156516,-1578.22779466473,-1523.43788938525,FALSE,FALSE,FALSE,"15,18,17,1,2,3,4,5,6,7,8,9,10","15","4,8,9,15,17,18","15,17,18","15,17,18"
14,14,0.985504538302208,0.0703931813073006,-1576.65002091666,-1517.64550753875,FALSE,FALSE,FALSE,"15,18,17,1,2,3,4,5,6,7,8,9,10,11","15","4,8,9,15,17,18","15,17,18","15,17,18"
14,15,0.985516074648677,0.0657010716432451,-1575.04810894586,-1511.82898746952,FALSE,FALSE,FALSE,"15,18,17,1,2,3,4,5,6,7,8,9,10,11,12","15","4,8,9,15,17,18","15,17,18","15,17,18"
14,16,0.985523341043977,0.0615952088152485,-1573.29901532866,-1505.86528575391,FALSE,FALSE,FALSE,"15,18,17,1,2,3,4,5,6,7,8,9,10,11,12,13","15","4,8,9,15,17,18","15,17,18","15,17,18"
14,17,0.985526266755004,0.0579721333385297,-1571.40007478987,-1499.75173711669,FALSE,FALSE,FALSE,"15,18,17,1,2,3,4,5,6,7,8,9,10,11,12,13,14","15","4,8,9,15,17,18","15,17,18","15,17,18"
14,18,0.98552813957872,0.0547515633099289,-1569.46477630332,-1493.60183053172,FALSE,FALSE,FALSE,"15,18,17,1,2,3,4,5,6,7,8,9,10,11,12,13,14,16","15","4,8,9,15,17,18","15,17,18","15,17,18"
14,19,0.985528797680313,0.0518699367200165,-1567.48751410407,-1487.40996023405,FALSE,FALSE,FALSE,"15,18,17,1,2,3,4,5,6,7,8,9,10,11,12,13,14,16,19","15","4,8,9,15,17,18","15,17,18","15,17,18"
14,20,0.985528888332074,0.0492764444166037,-1565.49064625724,-1481.19848428879,FALSE,FALSE,FALSE,"15,18,17,1,2,3,4,5,6,7,8,9,10,11,12,13,14,16,19,20","15","4,8,9,15,17,18","15,17,18","15,17,18"
15,1,0.407866631667221,0.407866631667221,-283.677523182906,-279.462915084483,TRUE,FALSE,FALSE,"3","13","3","3","3,5,13"
15,2,0.644442819305552,0.322221409652776,-536.700429039365,-528.271212842521,FALSE,FALSE,FALSE,"3,5","13","3,5","3,5","3,5,13"
15,3,0.950399701071322,0.316799900357107,-1519.54503986121,-1506.90121556595,FALSE,FALSE,TRUE,"3,5,13","13","3,5,8","3,5,13","3,5,13"
15,4,0.950865999485519,0.23771649987138,-1522.26783511797,-1505.40940272428,FALSE,FALSE,FALSE,"3,5,13,1","13","3,5,8,9","3,5,13","3,5,13"
15,5,0.950988069169599,0.19019761383392,-1521.51159270784,-1500.43855221573,FALSE,FALSE,FALSE,"3,5,13,1,2","13","3,5,8,9,13","3,5,13","3,5,13"
15,6,0.951308570043897,0.15855142834065,-1522.79195094042,-1497.50430234988,FALSE,TRUE,FALSE,"3,5,13,1,2,4","13","3,5,8,9,13,16","3,5,13","3,5,13"
15,7,0.951425965967151,0.135917995138164,-1521.99891562701,-1492.49665893805,FALSE,FALSE,FALSE,"3,5,13,1,2,4,6","13","3,5,8,9,13,16","3,5,13","3,5,13"
15,8,0.951633827616519,0.118954228452065,-1522.14314427697,-1488.42627948959,FALSE,FALSE,FALSE,"3,5,13,1,2,4,6,7","13","3,5,8,9,13,16","3,5,13","3,5,13"
15,9,0.951715670828457,0.105746185647606,-1520.9899400016,-1483.0584671158,FALSE,FALSE,FALSE,"3,5,13,1,2,4,6,7,8","13","3,5,8,9,13,16","3,5,13","3,5,13"
15,10,0.951785348613557,0.0951785348613557,-1519.71199734155,-1477.56591635732,FALSE,FALSE,FALSE,"3,5,13,1,2,4,6,7,8,9","13","3,5,8,9,13,16","3,5,13","3,5,13"
15,11,0.951872865719171,0.086533896883561,-1518.62039995294,-1472.2597108703,FALSE,FALSE,FALSE,"3,5,13,1,2,4,6,7,8,9,10","13","3,5,8,9,13,16","3,5,13","3,5,13"
15,12,0.951926697577934,0.0793272247981612,-1517.17998020255,-1466.60468302148,FALSE,FALSE,FALSE,"3,5,13,1,2,4,6,7,8,9,10,11","13","3,5,8,9,13,16","3,5,13","3,5,13"
15,13,0.951954707153379,0.0732272851656446,-1515.4713866277,-1460.68148134821,FALSE,FALSE,FALSE,"3,5,13,1,2,4,6,7,8,9,10,11,12","13","3,5,8,9,13,16","3,5,13","3,5,13"
15,14,0.951973272436281,0.0679980908883058,-1513.66463002004,-1454.66011664213,FALSE,FALSE,FALSE,"3,5,13,1,2,4,6,7,8,9,10,11,12,14","13","3,5,8,9,13,16","3,5,13","3,5,13"
15,15,0.951992867919534,0.0634661911946356,-1511.86867767154,-1448.6495561952,FALSE,FALSE,FALSE,"3,5,13,1,2,4,6,7,8,9,10,11,12,14,15","13","3,5,8,9,13,16","3,5,13","3,5,13"
15,16,0.95200351636404,0.0595002197727525,-1509.97959479138,-1442.54586521662,FALSE,FALSE,FALSE,"3,5,13,1,2,4,6,7,8,9,10,11,12,14,15,16","13","3,5,8,9,13,16","3,5,13","3,5,13"
15,17,0.95200859247781,0.0560005054398712,-1508.03247764685,-1436.38413997367,FALSE,FALSE,FALSE,"3,5,13,1,2,4,6,7,8,9,10,11,12,14,15,16,17","13","3,5,8,9,13,16","3,5,13","3,5,13"
15,18,0.952009643558348,0.0528894246421305,-1506.04342848267,-1430.18048271107,FALSE,FALSE,FALSE,"3,5,13,1,2,4,6,7,8,9,10,11,12,14,15,16,17,18","13","3,5,8,9,13,16","3,5,13","3,5,13"
15,19,0.952010076033912,0.050105793475469,-1504.04793436201,-1423.97038049199,FALSE,FALSE,FALSE,"3,5,13,1,2,4,6,7,8,9,10,11,12,14,15,16,17,18,19","13","3,5,8,9,13,16","3,5,13","3,5,13"
15,20,0.952010259234896,0.0476005129617448,-1502.04984310992,-1417.75768114148,FALSE,FALSE,FALSE,"3,5,13,1,2,4,6,7,8,9,10,11,12,14,15,16,17,18,19,20","13","3,5,8,9,13,16","3,5,13","3,5,13"
16,1,0.639254839392587,0.639254839392587,-244.757900061425,-240.543291963003,TRUE,FALSE,FALSE,"7","7","4","4","4,7,18"
16,2,0.817487877291289,0.408743938645645,-583.43549312979,-575.006276932945,FALSE,FALSE,FALSE,"7,4","7","4,7","4,7","4,7,18"
16,3,0.975796196880367,0.325265398960122,-1591.58890417902,-1578.94507988375,FALSE,TRUE,TRUE,"7,4,18","7","4,7,18","4,7,18","4,7,18"
16,4,0.97589109068109,0.243972772670273,-1591.55306470666,-1574.69463231297,FALSE,FALSE,FALSE,"7,4,18,1","7","4,7,18","4,7,18","4,7,18"
16,5,0.975983819708039,0.195196763941608,-1591.47990042699,-1570.40685993488,FALSE,FALSE,FALSE,"7,4,18,1,2","7","4,7,18","4,7,18","4,7,18"
16,6,0.976048469544631,0.162674744924105,-1590.82767947941,-1565.54003088888,FALSE,FALSE,FALSE,"7,4,18,1,2,3","7","4,7,18","4,7,18","4,7,18"
16,7,0.976090230976817,0.139441461568117,-1589.70023085682,-1560.19797416787,FALSE,FALSE,FALSE,"7,4,18,1,2,3,5","7","4,7,18","4,7,18","4,7,18"
16,8,0.976146065703833,0.122018258212979,-1588.86920957012,-1555.15234478274,FALSE,FALSE,FALSE,"7,4,18,1,2,3,5,6","7","4,7,18","4,7,18","4,7,18"
16,9,0.976172833958427,0.108463648217603,-1587.43061140894,-1549.49913852314,FALSE,FALSE,FALSE,"7,4,18,1,2,3,5,6,8","7","4,7,18","4,7,18","4,7,18"
16,10,0.976188199247536,0.0976188199247536,-1585.75314757366,-1543.60706658944,FALSE,FALSE,FALSE,"7,4,18,1,2,3,5,6,8,9","7","4,7,18","4,7,18","4,7,18"
16,11,0.976201336973418,0.0887455760884925,-1584.02908956567,-1537.66840048302,FALSE,FALSE,FALSE,"7,4,18,1,2,3,5,6,8,9,10","7","4,7,18","4,7,18","4,7,18"
16,12,0.976211262221453,0.0813509385184544,-1582.23765838875,-1531.66236120768,FALSE,FALSE,FALSE,"7,4,18,1,2,3,5,6,8,9,10,11","7","4,7,18","4,7,18","4,7,18"
16,13,0.976219239480243,0.0750937876523264,-1580.40535531956,-1525.61545004007,FALSE,FALSE,FALSE,"7,4,18,1,2,3,5,6,8,9,10,11,12","7","4,7,18","4,7,18","4,7,18"
16,14,0.976225916995729,0.0697304226425521,-1578.54577246816,-1519.54125909025,FALSE,FALSE,FALSE,"7,4,18,1,2,3,5,6,8,9,10,11,12,13","7","4,7,18","4,7,18","4,7,18"
16,15,0.97623052467639,0.065082034978426,-1576.64268739917,-1513.42356592284,FALSE,FALSE,FALSE,"7,4,18,1,2,3,5,6,8,9,10,11,12,13,14","7","4,7,18","4,7,18","4,7,18"
16,16,0.976234777869792,0.061014673616862,-1574.73216295369,-1507.29843337894,FALSE,FALSE,FALSE,"7,4,18,1,2,3,5,6,8,9,10,11,12,13,14,15","7","4,7,18","4,7,18","4,7,18"
16,17,0.976238881450981,0.0574258165559401,-1572.81850625597,-1501.17016858279,FALSE,FALSE,FALSE,"7,4,18,1,2,3,5,6,8,9,10,11,12,13,14,15,16","7","4,7,18","4,7,18","4,7,18"
16,18,0.976240150635487,0.0542355639241937,-1570.84521414011,-1494.98226836852,FALSE,FALSE,FALSE,"7,4,18,1,2,3,5,6,8,9,10,11,12,13,14,15,16,17","7","4,7,18","4,7,18","4,7,18"
16,19,0.976241437588164,0.0513811282941139,-1568.87229738278,-1488.79474351276,FALSE,FALSE,FALSE,"7,4,18,1,2,3,5,6,8,9,10,11,12,13,14,15,16,17,19","7","4,7,18","4,7,18","4,7,18"
16,20,0.976242028547888,0.0488121014273944,-1566.88473431106,-1482.59257234262,FALSE,FALSE,FALSE,"7,4,18,1,2,3,5,6,8,9,10,11,12,13,14,15,16,17,19,20","7","4,7,18","4,7,18","4,7,18"
17,1,0.422828418057849,0.422828418057849,354.276206551594,358.490814650017,FALSE,FALSE,FALSE,"2","2","2","2","2,10,15"
17,2,0.810979067738497,0.405489533869248,-201.86470830832,-193.435492111475,FALSE,FALSE,FALSE,"2,10","2,10","2,10","2,10","2,10,15"
17,3,0.989267826519197,0.329755942173066,-1634.17054050075,-1621.52671620548,TRUE,FALSE,TRUE,"2,10,15","2,10,15","2,10,13","2,10,15","2,10,15"
17,4,0.989360997028802,0.2473402492572,-1636.53020222081,-1619.67176982712,FALSE,FALSE,FALSE,"2,10,15,1","2,10,15","2,10,13,15","2,10,15","2,10,15"
17,5,0.989454905377592,0.197890981075518,-1638.9631955791,-1617.89015508699,FALSE,FALSE,FALSE,"2,10,15,1,3","2,10,15","2,10,13,15,17","2,10,15","2,10,15"
17,6,0.989504110716238,0.16491735178604,-1639.30174726299,-1614.01409867246,FALSE,TRUE,FALSE,"2,10,15,1,3,4","2,10,15","2,10,13,15,17,18","2,10,15","2,10,15"
17,7,0.989522946808549,0.14136042097265,-1638.19986145933,-1608.69760477037,FALSE,FALSE,FALSE,"2,10,15,1,3,4,5","2,10,15","2,10,13,15,17,18","2,10,15","2,10,15"
17,8,0.989553617277734,0.123694202159717,-1637.6657053713,-1603.94884058392,FALSE,FALSE,FALSE,"2,10,15,1,3,4,5,6","2,10,15","2,10,13,15,17,18","2,10,15","2,10,15"
17,9,0.989578976737433,0.109953219637493,-1636.88097248222,-1598.94949959642,FALSE,FALSE,FALSE,"2,10,15,1,3,4,5,6,7","2,10,15","2,10,13,15,17,18","2,10,15","2,10,15"
17,10,0.989596201206021,0.0989596201206021,-1635.70808507262,-1593.5620040884,FALSE,FALSE,FALSE,"2,10,15,1,3,4,5,6,7,8","2,10,15","2,10,13,15,17,18","2,10,15","2,10,15"
17,11,0.989611240458616,0.0899646582235105,-1634.43138496554,-1588.07069588289,FALSE,FALSE,FALSE,"2,10,15,1,3,4,5,6,7,8,9","2,10,15","2,10,13,15,17,18","2,10,15","2,10,15"
17,12,0.989620474788067,0.0824683728990056,-1632.87602111,-1582.30072392894,FALSE,FALSE,FALSE,"2,10,15,1,3,4,5,6,7,8,9,11","2,10,15","2,10,13,15,17,18","2,10,15","2,10,15"
17,13,0.989625671686787,0.0761250516682144,-1631.12642756207,-1576.33652228258,FALSE,FALSE,FALSE,"2,10,15,1,3,4,5,6,7,8,9,11,12","2,10,15","2,10,13,15,17,18","2,10,15","2,10,15"
17,14,0.989629186487458,0.0706877990348184,-1629.29585521574,-1570.29134183783,FALSE,FALSE,FALSE,"2,10,15,1,3,4,5,6,7,8,9,11,12,13","2,10,15","2,10,13,15,17,18","2,10,15","2,10,15"
17,15,0.989631004458219,0.0659754002972146,-1627.38351131525,-1564.16438983892,FALSE,FALSE,FALSE,"2,10,15,1,3,4,5,6,7,8,9,11,12,13,14","2,10,15","2,10,13,15,17,18","2,10,15","2,10,15"
17,16,0.989633368785377,0.0618520855490861,-1625.49753377504,-1558.06380420028,FALSE,FALSE,FALSE,"2,10,15,1,3,4,5,6,7,8,9,11,12,13,14,16","2,10,15","2,10,13,15,17,18","2,10,15","2,10,15"
17,17,0.989634989025404,0.0582138228838473,-1623.57568677497,-1551.9273491018,FALSE,FALSE,FALSE,"2,10,15,1,3,4,5,6,7,8,9,11,12,13,14,16,17","2,10,15","2,10,13,15,17,18","2,10,15","2,10,15"
17,18,0.9896363246819,0.0549797958156611,-1621.64012194845,-1545.77717617686,FALSE,FALSE,FALSE,"2,10,15,1,3,4,5,6,7,8,9,11,12,13,14,16,17,18","2,10,15","2,10,13,15,17,18","2,10,15","2,10,15"
17,19,0.989637738547472,0.0520861967656564,-1619.70833915813,-1539.6307852881,FALSE,FALSE,FALSE,"2,10,15,1,3,4,5,6,7,8,9,11,12,13,14,16,17,18,19","2,10,15","2,10,13,15,17,18","2,10,15","2,10,15"
17,20,0.989637787755891,0.0494818893877945,-1617.71071356916,-1533.41855160071,FALSE,FALSE,FALSE,"2,10,15,1,3,4,5,6,7,8,9,11,12,13,14,16,17,18,19,20","2,10,15","2,10,13,15,17,18","2,10,15","2,10,15"
18,1,0.524820882588938,0.524820882588938,213.076265049835,217.290873148257,FALSE,FALSE,FALSE,"10","10","3","10","10,13,18"
18,2,0.84689202076083,0.423446010380415,-351.197936504755,-342.76872030791,FALSE,FALSE,FALSE,"10,18","10,13","3,4","10,13","10,13,18"
18,3,0.986447120601783,0.328815706867261,-1561.47013283863,-1548.82630854336,TRUE,FALSE,TRUE,"10,18,13","10,13,18","3,4,10","10,13,18","10,13,18"
18,4,0.986544317597545,0.246636079399386,-1563.0688959302,-1546.21046353651,FALSE,FALSE,FALSE,"10,18,13,1","10,13,18","3,4,10,13","10,13,18","10,13,18"
18,5,0.986648944295827,0.197329788859165,-1564.9719157286,-1543.89887523649,FALSE,FALSE,FALSE,"10,18,13,1,2","10,13,18","3,4,10,13,15","10,13,18","10,13,18"
18,6,0.986704056780624,0.164450676130104,-1565.0401622707,-1539.75251368016,FALSE,TRUE,FALSE,"10,18,13,1,2,3","10,13,18","3,4,10,13,15,18","10,13,18","10,13,18"
18,7,0.98672553928359,0.140960791326227,-1563.84867491876,-1534.3464182298,FALSE,FALSE,FALSE,"10,18,13,1,2,3,4","10,13,18","3,4,10,13,15,18","10,13,18","10,13,18"
18,8,0.986757253079645,0.123344656634956,-1563.04464591277,-1529.32778112539,FALSE,FALSE,FALSE,"10,18,13,1,2,3,4,5","10,13,18","3,4,10,13,15,18","10,13,18","10,13,18"
18,9,0.986777553845894,0.109641950427322,-1561.81172024219,-1523.88024735639,FALSE,FALSE,FALSE,"10,18,13,1,2,3,4,5,6","10,13,18","3,4,10,13,15,18","10,13,18","10,13,18"
18,10,0.98679524890059,0.098679524890059,-1560.4812977676,-1518.33521678338,FALSE,FALSE,FALSE,"10,18,13,1,2,3,4,5,6,7","10,13,18","3,4,10,13,15,18","10,13,18","10,13,18"
18,11,0.98681266990926,0.0897102427190237,-1559.14138255119,-1512.78069346854,FALSE,FALSE,FALSE,"10,18,13,1,2,3,4,5,6,7,8","10,13,18","3,4,10,13,15,18","10,13,18","10,13,18"
18,12,0.986832293062436,0.0822360244218697,-1557.88595205343,-1507.31065487236,FALSE,FALSE,FALSE,"10,18,13,1,2,3,4,5,6,7,8,9","10,13,18","3,4,10,13,15,18","10,13,18","10,13,18"
18,13,0.986834910164194,0.075910377704938,-1555.98533768988,-1501.19543241039,FALSE,FALSE,FALSE,"10,18,13,1,2,3,4,5,6,7,8,9,11","10,13,18","3,4,10,13,15,18","10,13,18","10,13,18"
18,14,0.986839857068706,0.0704885612191933,-1554.17325263116,-1495.16873925325,FALSE,FALSE,FALSE,"10,18,13,1,2,3,4,5,6,7,8,9,11,12","10,13,18","3,4,10,13,15,18","10,13,18","10,13,18"
18,15,0.986842505268902,0.0657895003512601,-1552.27387717199,-1489.05475569566,FALSE,FALSE,FALSE,"10,18,13,1,2,3,4,5,6,7,8,9,11,12,14","10,13,18","3,4,10,13,15,18","10,13,18","10,13,18"
18,16,0.986845271606449,0.0616778294754031,-1550.37901224721,-1482.94528267245,FALSE,FALSE,FALSE,"10,18,13,1,2,3,4,5,6,7,8,9,11,12,14,15","10,13,18","3,4,10,13,15,18","10,13,18","10,13,18"
18,17,0.986846958029453,0.058049821060556,-1548.44311585548,-1476.7947781823,FALSE,FALSE,FALSE,"10,18,13,1,2,3,4,5,6,7,8,9,11,12,14,15,16","10,13,18","3,4,10,13,15,18","10,13,18","10,13,18"
18,18,0.986847663375879,0.0548248701875488,-1546.46992962757,-1470.60698385597,FALSE,FALSE,FALSE,"10,18,13,1,2,3,4,5,6,7,8,9,11,12,14,15,16,17","10,13,18","3,4,10,13,15,18","10,13,18","10,13,18"
18,19,0.986849531041754,0.0519394490021976,-1544.54093596458,-1464.46338209456,FALSE,FALSE,FALSE,"10,18,13,1,2,3,4,5,6,7,8,9,11,12,14,15,16,17,19","10,13,18","3,4,10,13,15,18","10,13,18","10,13,18"
18,20,0.986849850204255,0.0493424925102127,-1542.55307113539,-1458.26090916695,FALSE,FALSE,FALSE,"10,18,13,1,2,3,4,5,6,7,8,9,11,12,14,15,16,17,19,20","10,13,18","3,4,10,13,15,18","10,13,18","10,13,18"
19,1,0.339833561849131,0.339833561849131,123.751616263052,127.966224361474,FALSE,FALSE,FALSE,"20","7","4","7","7,15,20"
19,2,0.642125826023628,0.321062913011814,-180.40364721896,-171.974431022116,FALSE,FALSE,FALSE,"20,7","7,15","4,5","7,15","7,15,20"
19,3,0.979774449916911,0.326591483305637,-1615.02104448468,-1602.37722018942,TRUE,FALSE,TRUE,"20,7,15","7,15,20","4,5,7","7,15,20","7,15,20"
19,4,0.9799284444089,0.244982111102225,-1616.84254081919,-1599.9841084255,FALSE,FALSE,FALSE,"20,7,15,1","7,15,20","4,5,7,8","7,15,20","7,15,20"
19,5,0.980125279070416,0.196025055814083,-1619.77006527801,-1598.6970247859,FALSE,FALSE,FALSE,"20,7,15,1,2","7,15,20","4,5,7,8,15","7,15,20","7,15,20"
19,6,0.980273039705459,0.16337883995091,-1621.50125335313,-1596.2136047626,FALSE,FALSE,FALSE,"20,7,15,1,2,3","7,15,20","4,5,7,8,15,18","7,15,20","7,15,20"
19,7,0.980347668413314,0.140049666916188,-1621.39638131592,-1591.89412462697,FALSE,FALSE,FALSE,"20,7,15,1,2,3,4","7,15,20","4,5,7,8,15,18,19","7,15,20","7,15,20"
19,8,0.980443471264864,0.122555433908108,-1621.83978419523,-1588.12291940785,FALSE,TRUE,FALSE,"20,7,15,1,2,3,4,5","7,15,20","4,5,7,8,15,18,19,20","7,15,20","7,15,20"
19,9,0.980469448979514,0.108941049886613,-1620.50439558694,-1582.57292270114,FALSE,FALSE,FALSE,"20,7,15,1,2,3,4,5,6","7,15,20","4,5,7,8,15,18,19,20","7,15,20","7,15,20"
19,10,0.980496253960135,0.0980496253960135,-1619.19109899532,-1577.04501801109,FALSE,FALSE,FALSE,"20,7,15,1,2,3,4,5,6,8","7,15,20","4,5,7,8,15,18,19,20","7,15,20","7,15,20"
19,11,0.980523606914337,0.0891385097194852,-1617.89281426122,-1571.53212517858,FALSE,FALSE,FALSE,"20,7,15,1,2,3,4,5,6,8,9","7,15,20","4,5,7,8,15,18,19,20","7,15,20","7,15,20"
19,12,0.980540076874316,0.0817116730728597,-1616.31581167248,-1565.74051449141,FALSE,FALSE,FALSE,"20,7,15,1,2,3,4,5,6,8,9,10","7,15,20","4,5,7,8,15,18,19,20","7,15,20","7,15,20"
19,13,0.980566546694574,0.0754281958995826,-1614.99638576437,-1560.20648048488,FALSE,FALSE,FALSE,"20,7,15,1,2,3,4,5,6,8,9,10,11","7,15,20","4,5,7,8,15,18,19,20","7,15,20","7,15,20"
19,14,0.980577484130598,0.0700412488664713,-1613.27787240708,-1554.27335902917,FALSE,FALSE,FALSE,"20,7,15,1,2,3,4,5,6,8,9,10,11,12","7,15,20","4,5,7,8,15,18,19,20","7,15,20","7,15,20"
19,15,0.980588011927099,0.0653725341284732,-1611.54896629756,-1548.32984482122,FALSE,FALSE,FALSE,"20,7,15,1,2,3,4,5,6,8,9,10,11,12,13","7,15,20","4,5,7,8,15,18,19,20","7,15,20","7,15,20"
19,16,0.980606194576403,0.0612878871610252,-1610.01752135074,-1542.58379177598,FALSE,FALSE,FALSE,"20,7,15,1,2,3,4,5,6,8,9,10,11,12,13,14","7,15,20","4,5,7,8,15,18,19,20","7,15,20","7,15,20"
19,17,0.980611981120737,0.0576830577129845,-1608.16672898809,-1536.51839131491,FALSE,FALSE,FALSE,"20,7,15,1,2,3,4,5,6,8,9,10,11,12,13,14,16","7,15,20","4,5,7,8,15,18,19,20","7,15,20","7,15,20"
19,18,0.980612376700712,0.0544784653722618,-1606.17693075273,-1530.31398498113,FALSE,FALSE,FALSE,"20,7,15,1,2,3,4,5,6,8,9,10,11,12,13,14,16,17","7,15,20","4,5,7,8,15,18,19,20","7,15,20","7,15,20"
19,19,0.980612730711127,0.0516111963532172,-1604.18606064044,-1524.10850677042,FALSE,FALSE,FALSE,"20,7,15,1,2,3,4,5,6,8,9,10,11,12,13,14,16,17,18","7,15,20","4,5,7,8,15,18,19,20","7,15,20","7,15,20"
19,20,0.980613072293765,0.0490306536146883,-1602.19487017524,-1517.90270820679,FALSE,FALSE,FALSE,"20,7,15,1,2,3,4,5,6,8,9,10,11,12,13,14,16,17,18,19","7,15,20","4,5,7,8,15,18,19,20","7,15,20","7,15,20"
20,1,0.777645376146507,0.777645376146507,-261.792268656556,-257.577660558134,TRUE,FALSE,FALSE,"5","5","2","5","5,10,11"
20,2,0.809439240973167,0.404719620486583,-336.94348034981,-328.514264152966,FALSE,FALSE,FALSE,"5,11","5","2,5","5,10","5,10,11"
20,3,0.986029738601982,0.328676579533994,-1641.46358248015,-1628.81975818488,FALSE,FALSE,TRUE,"5,11,10","5","2,5,10","5,10,11","5,10,11"
20,4,0.986112075427032,0.246528018856758,-1642.4191613138,-1625.56072892011,FALSE,FALSE,FALSE,"5,11,10,1","5","2,5,10,11","5,10,11","5,10,11"
20,5,0.986189897303224,0.197237979460645,-1643.22882281838,-1622.15578232627,FALSE,FALSE,FALSE,"5,11,10,1,2","5","2,5,10,11,13","5,10,11","5,10,11"
20,6,0.986242318093833,0.164373719682305,-1643.13034862268,-1617.84270003215,FALSE,FALSE,FALSE,"5,11,10,1,2,3","5","2,5,10,11,13,15","5,10,11","5,10,11"
20,7,0.986318258540461,0.140902608362923,-1643.89792283529,-1614.39566614633,FALSE,TRUE,FALSE,"5,11,10,1,2,3,4","5","2,5,10,11,13,15,16","5,10,11","5,10,11"
20,8,0.986360785681833,0.123295098210229,-1643.45449999403,-1609.73763520665,FALSE,FALSE,FALSE,"5,11,10,1,2,3,4,6","5","2,5,10,11,13,15,16","5,10,11","5,10,11"
20,9,0.986388896008936,0.109598766223215,-1642.48605994704,-1604.55458706124,FALSE,FALSE,FALSE,"5,11,10,1,2,3,4,6,7","5","2,5,10,11,13,15,16","5,10,11","5,10,11"
20,10,0.986409814830681,0.0986409814830681,-1641.25509797848,-1599.10901699426,FALSE,FALSE,FALSE,"5,11,10,1,2,3,4,6,7,8","5","2,5,10,11,13,15,16","5,10,11","5,10,11"
20,11,0.986436025505451,0.0896760023186774,-1640.22035277683,-1593.85966369418,FALSE,FALSE,FALSE,"5,11,10,1,2,3,4,6,7,8,9","5","2,5,10,11,13,15,16","5,10,11","5,10,11"
20,12,0.986443700101733,0.0822036416751444,-1638.50333650979,-1587.92803932873,FALSE,FALSE,FALSE,"5,11,10,1,2,3,4,6,7,8,9,12","5","2,5,10,11,13,15,16","5,10,11","5,10,11"
20,13,0.986447440907023,0.0758805723774633,-1636.64132849664,-1581.85142321715,FALSE,FALSE,FALSE,"5,11,10,1,2,3,4,6,7,8,9,12,13","5","2,5,10,11,13,15,16","5,10,11","5,10,11"
20,14,0.986450383708514,0.0704607416934653,-1634.74991024187,-1575.74539686396,FALSE,FALSE,FALSE,"5,11,10,1,2,3,4,6,7,8,9,12,13,14","5","2,5,10,11,13,15,16","5,10,11","5,10,11"
20,15,0.98645316078072,0.065763544052048,-1632.85239863615,-1569.63327715982,FALSE,FALSE,FALSE,"5,11,10,1,2,3,4,6,7,8,9,12,13,14,15","5","2,5,10,11,13,15,16","5,10,11","5,10,11"
20,16,0.986454863622992,0.061653428976437,-1630.91525275573,-1563.48152318098,FALSE,FALSE,FALSE,"5,11,10,1,2,3,4,6,7,8,9,12,13,14,15,16","5","2,5,10,11,13,15,16","5,10,11","5,10,11"
20,17,0.986455599538804,0.0580267999728708,-1628.94241880941,-1557.29408113623,FALSE,FALSE,FALSE,"5,11,10,1,2,3,4,6,7,8,9,12,13,14,15,16,17","5","2,5,10,11,13,15,16","5,10,11","5,10,11"
20,18,0.986456265822629,0.0548031258790349,-1626.96701569784,-1551.10406992624,FALSE,FALSE,FALSE,"5,11,10,1,2,3,4,6,7,8,9,12,13,14,15,16,17,18","5","2,5,10,11,13,15,16","5,10,11","5,10,11"
20,19,0.98645642270322,0.0519187590896432,-1624.97280736127,-1544.89525349125,FALSE,FALSE,FALSE,"5,11,10,1,2,3,4,6,7,8,9,12,13,14,15,16,17,18,19","5","2,5,10,11,13,15,16","5,10,11","5,10,11"
20,20,0.986456437377746,0.0493228218688873,-1622.97334911378,-1538.68118714533,FALSE,FALSE,FALSE,"5,11,10,1,2,3,4,6,7,8,9,12,13,14,15,16,17,18,19,20","5","2,5,10,11,13,15,16","5,10,11","5,10,11"
21,1,0.76254966553045,0.76254966553045,14.2844304504758,18.499038548898,TRUE,FALSE,FALSE,"7","7","3","3","3,7,16"
21,2,0.882580886399209,0.441290443199604,-335.819960518901,-327.390744322056,FALSE,FALSE,FALSE,"7,3","7","3,7","3,7","3,7,16"
21,3,0.990433378368996,0.330144459456332,-1587.55474807835,-1574.91092378309,FALSE,FALSE,TRUE,"7,3,16","7","3,7,13","3,7,16","3,7,16"
21,4,0.990461558131707,0.247615389532927,-1587.02973836814,-1570.17130597446,FALSE,FALSE,FALSE,"7,3,16,1","7","3,7,13,14","3,7,16","3,7,16"
21,5,0.990569453792627,0.198113890758525,-1590.71780270287,-1569.64476221076,FALSE,TRUE,FALSE,"7,3,16,1,2","7","3,7,13,14,16","3,7,16","3,7,16"
21,6,0.990597045824538,0.165099507637423,-1590.18285439752,-1564.89520580699,FALSE,FALSE,FALSE,"7,3,16,1,2,4","7","3,7,13,14,16","3,7,16","3,7,16"
21,7,0.990619310326619,0.141517044332374,-1589.36816821025,-1559.86591152129,FALSE,FALSE,FALSE,"7,3,16,1,2,4,5","7","3,7,13,14,16","3,7,16","3,7,16"
21,8,0.990638370861163,0.123829796357645,-1588.38514702201,-1554.66828223464,FALSE,FALSE,FALSE,"7,3,16,1,2,4,5,6","7","3,7,13,14,16","3,7,16","3,7,16"
21,9,0.990650818625655,0.110072313180628,-1587.05041838048,-1549.11894549468,FALSE,FALSE,FALSE,"7,3,16,1,2,4,5,6,8","7","3,7,13,14,16","3,7,16","3,7,16"
21,10,0.990656518285238,0.0990656518285238,-1585.35533265261,-1543.20925166839,FALSE,FALSE,FALSE,"7,3,16,1,2,4,5,6,8,9","7","3,7,13,14,16","3,7,16","3,7,16"
21,11,0.990661733756812,0.0900601576142556,-1583.63450737015,-1537.27381828751,FALSE,FALSE,FALSE,"7,3,16,1,2,4,5,6,8,9,10","7","3,7,13,14,16","3,7,16","3,7,16"
21,12,0.990667651983587,0.0825556376652989,-1581.95148820918,-1531.37619102812,FALSE,FALSE,FALSE,"7,3,16,1,2,4,5,6,8,9,10,11","7","3,7,13,14,16","3,7,16","3,7,16"
21,13,0.99067235249039,0.0762055655761838,-1580.20339110465,-1525.41348582516,FALSE,FALSE,FALSE,"7,3,16,1,2,4,5,6,8,9,10,11,12","7","3,7,13,14,16","3,7,16","3,7,16"
21,14,0.990676969768105,0.0707626406977218,-1578.45095732573,-1519.44644394782,FALSE,FALSE,FALSE,"7,3,16,1,2,4,5,6,8,9,10,11,12,13","7","3,7,13,14,16","3,7,16","3,7,16"
21,15,0.990681953204727,0.0660454635469818,-1576.71829363544,-1513.49917215911,FALSE,FALSE,FALSE,"7,3,16,1,2,4,5,6,8,9,10,11,12,13,14","7","3,7,13,14,16","3,7,16","3,7,16"
21,16,0.990684120700803,0.0619177575438002,-1574.83461351752,-1507.40088394277,FALSE,FALSE,FALSE,"7,3,16,1,2,4,5,6,8,9,10,11,12,13,14,15","7","3,7,13,14,16","3,7,16","3,7,16"
21,17,0.990686041449776,0.0582756494970457,-1572.93771419907,-1501.2893765259,FALSE,FALSE,FALSE,"7,3,16,1,2,4,5,6,8,9,10,11,12,13,14,15,17","7","3,7,13,14,16","3,7,16","3,7,16"
21,18,0.990686450385721,0.05503813613254,-1570.95966753502,-1495.09672176342,FALSE,FALSE,FALSE,"7,3,16,1,2,4,5,6,8,9,10,11,12,13,14,15,17,18","7","3,7,13,14,16","3,7,16","3,7,16"
21,19,0.990686529192246,0.0521413962732761,-1568.9638982989,-1488.88634442888,FALSE,FALSE,FALSE,"7,3,16,1,2,4,5,6,8,9,10,11,12,13,14,15,17,18,19","7","3,7,13,14,16","3,7,16","3,7,16"
21,20,0.990686556815731,0.0495343278407866,-1566.96538128666,-1482.67321931821,FALSE,FALSE,FALSE,"7,3,16,1,2,4,5,6,8,9,10,11,12,13,14,15,17,18,19,20","7","3,7,13,14,16","3,7,16","3,7,16"
22,1,0.283254083947121,0.283254083947121,-140.802606383152,-136.58799828473,FALSE,FALSE,FALSE,"4","4","4","4","4,6,8"
22,2,0.838408860958312,0.419204430479156,-883.628653862208,-875.199437665364,FALSE,FALSE,FALSE,"4,8","4,6","4,6","4,6","4,6,8"
22,3,0.962355592381864,0.320785197460621,-1610.07110623538,-1597.42728194012,TRUE,FALSE,FALSE,"4,8,6","4,6,8","4,6,7","4,6,8","4,6,8"
22,4,0.962854103002462,0.240713525750616,-1614.73664939625,-1597.87821700256,FALSE,FALSE,FALSE,"4,8,6,1","4,6,8","4,6,7,8","4,6,8,12","4,6,8"
22,5,0.963425936561694,0.192685187312339,-1620.49363983753,-1599.42059934542,FALSE,FALSE,TRUE,"4,8,6,1,2","4,6,8","4,6,7,8,10","4,6,8,12,14","4,6,8"
22,6,0.963724374387812,0.160620729064635,-1622.59028732525,-1597.30263873471,FALSE,FALSE,FALSE,"4,8,6,1,2,3","4,6,8","4,6,7,8,10,12","4,6,8,12,14","4,6,8"
22,7,0.963991062028803,0.137713008861258,-1624.27971751353,-1594.77746082457,FALSE,FALSE,FALSE,"4,8,6,1,2,3,5","4,6,8","4,6,7,8,10,12,14","4,6,8,12,14","4,6,8"
22,8,0.964165770246638,0.12052072128083,-1624.71152234281,-1590.99465755543,FALSE,FALSE,FALSE,"4,8,6,1,2,3,5,7","4,6,8","4,6,7,8,10,12,14,15","4,6,8,12,14","4,6,8"
22,9,0.96434577538258,0.107149530598064,-1625.22948860669,-1587.29801572089,FALSE,TRUE,FALSE,"4,8,6,1,2,3,5,7,9","4,6,8","4,6,7,8,10,12,14,15,17","4,6,8,12,14","4,6,8"
22,10,0.964413700433422,0.0964413700433422,-1624.182949747,-1582.03686876278,FALSE,FALSE,FALSE,"4,8,6,1,2,3,5,7,9,10","4,6,8","4,6,7,8,10,12,14,15,17","4,6,8,12,14","4,6,8"
22,11,0.964463591453051,0.0876785083139137,-1622.88442792656,-1576.52373884391,FALSE,FALSE,FALSE,"4,8,6,1,2,3,5,7,9,10,11","4,6,8","4,6,7,8,10,12,14,15,17","4,6,8,12,14","4,6,8"
22,12,0.964502156362379,0.0803751796968649,-1621.42733380549,-1570.85203662443,FALSE,FALSE,FALSE,"4,8,6,1,2,3,5,7,9,10,11,12","4,6,8","4,6,7,8,10,12,14,15,17","4,6,8,12,14","4,6,8"
22,13,0.964523928951074,0.0741941483808519,-1619.73410270044,-1564.94419742095,FALSE,FALSE,FALSE,"4,8,6,1,2,3,5,7,9,10,11,12,13","4,6,8","4,6,7,8,10,12,14,15,17","4,6,8,12,14","4,6,8"
22,14,0.964542016475711,0.0688958583196937,-1617.98909341171,-1558.9845800338,FALSE,FALSE,FALSE,"4,8,6,1,2,3,5,7,9,10,11,12,13,14","4,6,8","4,6,7,8,10,12,14,15,17","4,6,8,12,14","4,6,8"
22,15,0.964560246009626,0.0643040164006417,-1616.24621775665,-1553.02709628032,FALSE,FALSE,FALSE,"4,8,6,1,2,3,5,7,9,10,11,12,13,14,15","4,6,8","4,6,7,8,10,12,14,15,17","4,6,8,12,14","4,6,8"
22,16,0.964573887525174,0.0602858679703234,-1614.43871544838,-1547.00498587363,FALSE,FALSE,FALSE,"4,8,6,1,2,3,5,7,9,10,11,12,13,14,15,16","4,6,8","4,6,7,8,10,12,14,15,17","4,6,8,12,14","4,6,8"
22,17,0.964586615938725,0.0567403891728662,-1612.61839506653,-1540.97005739336,FALSE,FALSE,FALSE,"4,8,6,1,2,3,5,7,9,10,11,12,13,14,15,16,17","4,6,8","4,6,7,8,10,12,14,15,17","4,6,8,12,14","4,6,8"
22,18,0.964600085907215,0.053588893661512,-1610.80861313296,-1534.94566736137,FALSE,FALSE,FALSE,"4,8,6,1,2,3,5,7,9,10,11,12,13,14,15,16,17,18","4,6,8","4,6,7,8,10,12,14,15,17","4,6,8,12,14","4,6,8"
22,19,0.964601122287305,0.0507684801203845,-1608.82325151963,-1528.74569764961,FALSE,FALSE,FALSE,"4,8,6,1,2,3,5,7,9,10,11,12,13,14,15,16,17,18,19","4,6,8","4,6,7,8,10,12,14,15,17","4,6,8,12,14","4,6,8"
22,20,0.96460144809905,0.0482300724049525,-1606.82785354751,-1522.53569157907,FALSE,FALSE,FALSE,"4,8,6,1,2,3,5,7,9,10,11,12,13,14,15,16,17,18,19,20","4,6,8","4,6,7,8,10,12,14,15,17","4,6,8,12,14","4,6,8"
23,1,0.764941041127631,0.764941041127631,-22.9083587905051,-18.6937506920829,TRUE,FALSE,FALSE,"6","6","1","1","3,6,17"
23,2,0.894176658935818,0.447088329467909,-419.940989505381,-411.511773308536,FALSE,FALSE,FALSE,"6,3","6","1,3","1,3","3,6,17"
23,3,0.990868062637485,0.330289354212495,-1642.93760977626,-1630.29378548099,FALSE,FALSE,FALSE,"6,3,17","6","1,3,6","1,3,6","3,6,17"
23,4,0.990984691223235,0.247746172805809,-1647.36449078201,-1630.50605838832,FALSE,FALSE,TRUE,"6,3,17,1","6","1,3,6,17","1,3,6,17","3,6,17"
23,5,0.991044543177821,0.198208908635564,-1648.69502088976,-1627.62198039765,FALSE,TRUE,FALSE,"6,3,17,1,2","6","1,3,6,17,18","1,3,6,17","3,6,17"
23,6,0.991072588496408,0.165178764749401,-1648.26330071314,-1622.97565212261,FALSE,FALSE,FALSE,"6,3,17,1,2,4","6","1,3,6,17,18","1,3,6,17","3,6,17"
23,7,0.991112705634923,0.141587529376418,-1648.51521587939,-1619.01295919043,FALSE,FALSE,FALSE,"6,3,17,1,2,4,5","6","1,3,6,17,18","1,3,6,17","3,6,17"
23,8,0.991127336229719,0.123890917028715,-1647.33901275968,-1613.62214797231,FALSE,FALSE,FALSE,"6,3,17,1,2,4,5,7","6","1,3,6,17,18","1,3,6,17","3,6,17"
23,9,0.991146019810051,0.11012733553445,-1646.39299609078,-1608.46152320498,FALSE,FALSE,FALSE,"6,3,17,1,2,4,5,7,8","6","1,3,6,17,18","1,3,6,17","3,6,17"
23,10,0.991160935485428,0.0991160935485428,-1645.23602108503,-1603.08994010081,FALSE,FALSE,FALSE,"6,3,17,1,2,4,5,7,8,9","6","1,3,6,17,18","1,3,6,17","3,6,17"
23,11,0.991172797661636,0.0901066179692396,-1643.90748031802,-1597.54679123537,FALSE,FALSE,FALSE,"6,3,17,1,2,4,5,7,8,9,10","6","1,3,6,17,18","1,3,6,17","3,6,17"
23,12,0.991186556461139,0.0825988797050949,-1642.68742921495,-1592.11213203388,FALSE,FALSE,FALSE,"6,3,17,1,2,4,5,7,8,9,10,11","6","1,3,6,17,18","1,3,6,17","3,6,17"
23,13,0.991195012511671,0.0762457701932055,-1641.16738405136,-1586.37747877188,FALSE,FALSE,FALSE,"6,3,17,1,2,4,5,7,8,9,10,11,12","6","1,3,6,17,18","1,3,6,17","3,6,17"
23,14,0.991202134821048,0.0708001524872177,-1639.57199516182,-1580.56748178391,FALSE,FALSE,FALSE,"6,3,17,1,2,4,5,7,8,9,10,11,12,13","6","1,3,6,17,18","1,3,6,17","3,6,17"
23,15,0.991206857765997,0.0660804571843998,-1637.8404814942,-1574.62136001786,FALSE,FALSE,FALSE,"6,3,17,1,2,4,5,7,8,9,10,11,12,13,14","6","1,3,6,17,18","1,3,6,17","3,6,17"
23,16,0.991209788484363,0.0619506117802727,-1636.00715722822,-1568.57342765346,FALSE,FALSE,FALSE,"6,3,17,1,2,4,5,7,8,9,10,11,12,13,14,15","6","1,3,6,17,18","1,3,6,17","3,6,17"
23,17,0.99121250164944,0.0583066177440847,-1634.16150982134,-1562.51317214816,FALSE,FALSE,FALSE,"6,3,17,1,2,4,5,7,8,9,10,11,12,13,14,15,16","6","1,3,6,17,18","1,3,6,17","3,6,17"
23,18,0.991215206231896,0.0550675114573275,-1632.3154215853,-1556.4524758137,FALSE,FALSE,FALSE,"6,3,17,1,2,4,5,7,8,9,10,11,12,13,14,15,16,18","6","1,3,6,17,18","1,3,6,17","3,6,17"
23,19,0.991217215458235,0.0521693271293808,-1630.4297928613,-1550.35223899128,FALSE,FALSE,FALSE,"6,3,17,1,2,4,5,7,8,9,10,11,12,13,14,15,16,18,19","6","1,3,6,17,18","1,3,6,17","3,6,17"
23,20,0.991217536515619,0.049560876825781,-1628.44807084884,-1544.1559088804,FALSE,FALSE,FALSE,"6,3,17,1,2,4,5,7,8,9,10,11,12,13,14,15,16,18,19,20","6","1,3,6,17,18","1,3,6,17","3,6,17"
24,1,0.740458352741629,0.740458352741629,-196.049225895589,-191.834617797167,TRUE,FALSE,FALSE,"12","12","1","1","1,4,12"
24,2,0.854576529023122,0.427288264511561,-483.682828173181,-475.253611976337,FALSE,FALSE,FALSE,"12,4","12","1,4","1,4","1,4,12"
24,3,0.98571010844512,0.328570036148373,-1641.73161444352,-1629.08779014825,FALSE,FALSE,TRUE,"12,4,1","12","1,4,12","1,4,12","1,4,12"
24,4,0.985801001967556,0.246450250491889,-1642.92211544804,-1626.06368305435,FALSE,FALSE,FALSE,"12,4,1,2","12","1,4,12,16","1,4,12","1,4,12"
24,5,0.985865017744728,0.197173003548946,-1643.18144807435,-1622.10840758224,FALSE,TRUE,FALSE,"12,4,1,2,3","12","1,4,12,16,19","1,4,12","1,4,12"
24,6,0.985911949662233,0.164318658277039,-1642.8443438177,-1617.55669522717,FALSE,FALSE,FALSE,"12,4,1,2,3,5","12","1,4,12,16,19","1,4,12","1,4,12"
24,7,0.985938245331405,0.140848320761629,-1641.7784773513,-1612.27622066235,FALSE,FALSE,FALSE,"12,4,1,2,3,5,6","12","1,4,12,16,19","1,4,12","1,4,12"
24,8,0.985965600545994,0.123245700068249,-1640.75210609471,-1607.03524130733,FALSE,FALSE,FALSE,"12,4,1,2,3,5,6,7","12","1,4,12,16,19","1,4,12","1,4,12"
24,9,0.985986582581932,0.109554064731326,-1639.50018712887,-1601.56871424307,FALSE,FALSE,FALSE,"12,4,1,2,3,5,6,7,8","12","1,4,12,16,19","1,4,12","1,4,12"
24,10,0.985996927654918,0.0985996927654918,-1637.8694365796,-1595.72335559538,FALSE,FALSE,FALSE,"12,4,1,2,3,5,6,7,8,9","12","1,4,12,16,19","1,4,12","1,4,12"
24,11,0.986008536198997,0.0896371396544543,-1636.28410838142,-1589.92341929877,FALSE,FALSE,FALSE,"12,4,1,2,3,5,6,7,8,9,10","12","1,4,12,16,19","1,4,12","1,4,12"
24,12,0.986015144701389,0.0821679287251158,-1634.52032610867,-1583.9450289276,FALSE,FALSE,FALSE,"12,4,1,2,3,5,6,7,8,9,10,11","12","1,4,12,16,19","1,4,12","1,4,12"
24,13,0.986018684944597,0.0758475911495844,-1632.64691631326,-1577.85701103377,FALSE,FALSE,FALSE,"12,4,1,2,3,5,6,7,8,9,10,11,13","12","1,4,12,16,19","1,4,12","1,4,12"
24,14,0.986019763221768,0.0704299830872691,-1630.68547916478,-1571.68096578687,FALSE,FALSE,FALSE,"12,4,1,2,3,5,6,7,8,9,10,11,13,14","12","1,4,12,16,19","1,4,12","1,4,12"
24,15,0.986020283552761,0.065734685570184,-1628.70408903113,-1565.4849675548,FALSE,FALSE,FALSE,"12,4,1,2,3,5,6,7,8,9,10,11,13,14,15","12","1,4,12,16,19","1,4,12","1,4,12"
24,16,0.986021360409782,0.0616263350256114,-1626.74260549543,-1559.30887592067,FALSE,FALSE,FALSE,"12,4,1,2,3,5,6,7,8,9,10,11,13,14,15,16","12","1,4,12,16,19","1,4,12","1,4,12"
24,17,0.98602147120639,0.0580012630121406,-1624.74656857945,-1553.09823090627,FALSE,FALSE,FALSE,"12,4,1,2,3,5,6,7,8,9,10,11,13,14,15,16,17","12","1,4,12,16,19","1,4,12","1,4,12"
24,18,0.986021564797029,0.0547789758220572,-1622.74991624765,-1546.88697047606,FALSE,FALSE,FALSE,"12,4,1,2,3,5,6,7,8,9,10,11,13,14,15,16,17,18","12","1,4,12,16,19","1,4,12","1,4,12"
24,19,0.986021595369425,0.0518958734404961,-1620.75100980459,-1540.67345593457,FALSE,FALSE,FALSE,"12,4,1,2,3,5,6,7,8,9,10,11,13,14,15,16,17,18,19","12","1,4,12,16,19","1,4,12","1,4,12"
24,20,0.986021609470445,0.0493010804735222,-1618.75151419072,-1534.45935222228,FALSE,FALSE,FALSE,"12,4,1,2,3,5,6,7,8,9,10,11,13,14,15,16,17,18,19,20","12","1,4,12,16,19","1,4,12","1,4,12"
25,1,0.525943401060471,0.525943401060471,332.236887530245,336.451495628667,FALSE,FALSE,FALSE,"7","7","1","7","7,15,17"
25,2,0.915056062469641,0.457528031234821,-525.430733065987,-517.001516869142,TRUE,FALSE,FALSE,"7,17","7,17","1,7","7,15","7,15,17"
25,3,0.989599370641969,0.329866456880656,-1573.49331351996,-1560.84948922469,FALSE,FALSE,TRUE,"7,17,15","7,17","1,7,15","7,15,17","7,15,17"
25,4,0.989679680933261,0.247419920233315,-1575.36913482822,-1558.51070243453,FALSE,FALSE,FALSE,"7,17,15,1","7,17","1,7,15,17","7,15,17","7,15,17"
25,5,0.989845576977271,0.197969115395454,-1581.47178509801,-1560.3987446059,FALSE,FALSE,FALSE,"7,17,15,1,2","7,17","1,7,15,17,18","7,15,17","7,15,17"
25,6,0.989893467287422,0.164982244547904,-1581.83546428292,-1556.54781569239,FALSE,FALSE,FALSE,"7,17,15,1,2,3","7,17","1,7,15,17,18,19","7,15,17","7,15,17"
25,7,0.98993513689038,0.141419305270054,-1581.90124409306,-1552.3989874041,FALSE,TRUE,FALSE,"7,17,15,1,2,3,4","7,17","1,7,15,17,18,19,20","7,15,17","7,15,17"
25,8,0.989947001942917,0.123743375242865,-1580.49102119781,-1546.77415641044,FALSE,FALSE,FALSE,"7,17,15,1,2,3,4,5","7,17","1,7,15,17,18,19,20","7,15,17","7,15,17"
25,9,0.989969810925994,0.109996645658444,-1579.62674695368,-1541.69527406788,FALSE,FALSE,FALSE,"7,17,15,1,2,3,4,5,6","7,17","1,7,15,17,18,19,20","7,15,17","7,15,17"
25,10,0.989979066379629,0.0989979066379629,-1578.08833977485,-1535.94225879063,FALSE,FALSE,FALSE,"7,17,15,1,2,3,4,5,6,8","7,17","1,7,15,17,18,19,20","7,15,17","7,15,17"
25,11,0.9899855918309,0.0899986901664455,-1576.41403681414,-1530.0533477315,FALSE,FALSE,FALSE,"7,17,15,1,2,3,4,5,6,8,9","7,17","1,7,15,17,18,19,20","7,15,17","7,15,17"
25,12,0.989994425991969,0.0824995354993307,-1574.85530402226,-1524.28000684119,FALSE,FALSE,FALSE,"7,17,15,1,2,3,4,5,6,8,9,10","7,17","1,7,15,17,18,19,20","7,15,17","7,15,17"
25,13,0.99000114787979,0.0761539344522916,-1573.1913240626,-1518.40141878311,FALSE,FALSE,FALSE,"7,17,15,1,2,3,4,5,6,8,9,10,11","7,17","1,7,15,17,18,19,20","7,15,17","7,15,17"
25,14,0.990005004547432,0.0707146431819594,-1571.38421678499,-1512.37970340708,FALSE,FALSE,FALSE,"7,17,15,1,2,3,4,5,6,8,9,10,11,12","7,17","1,7,15,17,18,19,20","7,15,17","7,15,17"
25,15,0.990007308781585,0.0660004872521057,-1569.49949946884,-1506.28037799251,FALSE,FALSE,FALSE,"7,17,15,1,2,3,4,5,6,8,9,10,11,12,13","7,17","1,7,15,17,18,19,20","7,15,17","7,15,17"
25,16,0.990008887497041,0.0618755554685651,-1567.57849921689,-1500.14476964214,FALSE,FALSE,FALSE,"7,17,15,1,2,3,4,5,6,8,9,10,11,12,13,14","7,17","1,7,15,17,18,19,20","7,15,17","7,15,17"
25,17,0.990009230033929,0.0582358370608194,-1565.59564159018,-1493.947303917,FALSE,FALSE,FALSE,"7,17,15,1,2,3,4,5,6,8,9,10,11,12,13,14,16","7,17","1,7,15,17,18,19,20","7,15,17","7,15,17"
25,18,0.990009399298933,0.0550005221832741,-1563.60411273097,-1487.74116695937,FALSE,FALSE,FALSE,"7,17,15,1,2,3,4,5,6,8,9,10,11,12,13,14,16,18","7,17","1,7,15,17,18,19,20","7,15,17","7,15,17"
25,19,0.990009481546054,0.0521057621866344,-1561.60822897292,-1481.5306751029,FALSE,FALSE,FALSE,"7,17,15,1,2,3,4,5,6,8,9,10,11,12,13,14,16,18,19","7,17","1,7,15,17,18,19,20","7,15,17","7,15,17"
25,20,0.990009489038526,0.0495004744519263,-1559.60860395219,-1475.31644198374,FALSE,FALSE,FALSE,"7,17,15,1,2,3,4,5,6,8,9,10,11,12,13,14,16,18,19,20","7,17","1,7,15,17,18,19,20","7,15,17","7,15,17"
26,1,0.618829908589576,0.618829908589576,48.7339888823123,52.9485969807345,TRUE,FALSE,FALSE,"9","9","4","4","4,9,15"
26,2,0.842846211516266,0.421423105758133,-392.276430749018,-383.847214552173,FALSE,FALSE,FALSE,"9,4","9","4,9","4,9","4,9,15"
26,3,0.986405922380853,0.328801974126951,-1614.07175158534,-1601.42792729007,FALSE,FALSE,TRUE,"9,4,15","9","4,9,15","4,9,15","4,9,15"
26,4,0.986449424975065,0.246612356243766,-1613.67437409911,-1596.81594170542,FALSE,FALSE,FALSE,"9,4,15,1","9","4,9,15,17","4,9,15","4,9,15"
26,5,0.986539886000172,0.197307977200034,-1615.02346909037,-1593.95042859826,FALSE,TRUE,FALSE,"9,4,15,1,2","9","4,9,15,17,18","4,9,15","4,9,15"
26,6,0.986574913719311,0.164429152286552,-1614.32633232342,-1589.03868373289,FALSE,FALSE,FALSE,"9,4,15,1,2,3","9","4,9,15,17,18","4,9,15","4,9,15"
26,7,0.986632853202832,0.140947550457547,-1614.48888345056,-1584.98662676161,FALSE,FALSE,FALSE,"9,4,15,1,2,3,5","9","4,9,15,17,18","4,9,15","4,9,15"
26,8,0.986665206538012,0.123333150817252,-1613.70053139447,-1579.9836666071,FALSE,FALSE,FALSE,"9,4,15,1,2,3,5,6","9","4,9,15,17,18","4,9,15","4,9,15"
26,9,0.986722800427526,0.10963586671417,-1613.86474282193,-1575.93326993613,FALSE,FALSE,FALSE,"9,4,15,1,2,3,5,6,7","9","4,9,15,17,18","4,9,15","4,9,15"
26,10,0.986752674746272,0.0986752674746272,-1612.99103373854,-1570.84495275432,FALSE,FALSE,FALSE,"9,4,15,1,2,3,5,6,7,8","9","4,9,15,17,18","4,9,15","4,9,15"
26,11,0.986766241207145,0.0897060219279223,-1611.50334139316,-1565.14265231052,FALSE,FALSE,FALSE,"9,4,15,1,2,3,5,6,7,8,10","9","4,9,15,17,18","4,9,15","4,9,15"
26,12,0.986775822182123,0.0822313185151769,-1609.86546242844,-1559.29016524737,FALSE,FALSE,FALSE,"9,4,15,1,2,3,5,6,7,8,10,11","9","4,9,15,17,18","4,9,15","4,9,15"
26,13,0.986784820799761,0.0759065246769047,-1608.2058117788,-1553.41590649931,FALSE,FALSE,FALSE,"9,4,15,1,2,3,5,6,7,8,10,11,12","9","4,9,15,17,18","4,9,15","4,9,15"
26,14,0.986788894036174,0.0704849210025839,-1606.35994757277,-1547.35543419486,FALSE,FALSE,FALSE,"9,4,15,1,2,3,5,6,7,8,10,11,12,13","9","4,9,15,17,18","4,9,15","4,9,15"
26,15,0.986796847098217,0.0657864564732145,-1604.66103731085,-1541.44191583452,FALSE,FALSE,FALSE,"9,4,15,1,2,3,5,6,7,8,10,11,12,13,14","9","4,9,15,17,18","4,9,15","4,9,15"
26,16,0.986799658536573,0.0616749786585358,-1602.76751709445,-1535.3337875197,FALSE,FALSE,FALSE,"9,4,15,1,2,3,5,6,7,8,10,11,12,13,14,16","9","4,9,15,17,18","4,9,15","4,9,15"
26,17,0.986805237186982,0.0580473668933519,-1600.97886880703,-1529.33053113385,FALSE,FALSE,FALSE,"9,4,15,1,2,3,5,6,7,8,10,11,12,13,14,16,17","9","4,9,15,17,18","4,9,15","4,9,15"
26,18,0.986806685526252,0.0548225936403473,-1599.0337549306,-1523.170809159,FALSE,FALSE,FALSE,"9,4,15,1,2,3,5,6,7,8,10,11,12,13,14,16,17,18","9","4,9,15,17,18","4,9,15","4,9,15"
26,19,0.986807016950803,0.0519372114184633,-1597.04631541017,-1516.96876154015,FALSE,FALSE,FALSE,"9,4,15,1,2,3,5,6,7,8,10,11,12,13,14,16,17,18,19","9","4,9,15,17,18","4,9,15","4,9,15"
26,20,0.986807087407735,0.0493403543703868,-1595.04898565998,-1510.75682369154,FALSE,FALSE,FALSE,"9,4,15,1,2,3,5,6,7,8,10,11,12,13,14,16,17,18,19,20","9","4,9,15,17,18","4,9,15","4,9,15"
27,1,0.697659582764211,0.697659582764211,-20.7290421329853,-16.5144340345632,TRUE,FALSE,FALSE,"4","4","4","4","4,13,18"
27,2,0.832281369442955,0.416140684721477,-313.361959496364,-304.93274329952,FALSE,FALSE,FALSE,"4,18","4","4,13","4,13","4,13,18"
27,3,0.988410900003463,0.329470300001154,-1647.47333765948,-1634.82951336421,FALSE,FALSE,FALSE,"4,18,13","4","4,13,14","4,13,14","4,13,18"
27,4,0.988618500304827,0.247154625076207,-1654.51123639236,-1637.65280399867,FALSE,FALSE,TRUE,"4,18,13,1","4","4,13,14,16","4,13,14,18","4,13,18"
27,5,0.988675261883401,0.19773505237668,-1655.01106473387,-1633.93802424176,FALSE,TRUE,FALSE,"4,18,13,1,2","4","4,13,14,16,18","4,13,14,18","4,13,18"
27,6,0.988705700161397,0.164784283360233,-1654.35675841148,-1629.06910982094,FALSE,FALSE,FALSE,"4,18,13,1,2,3","4","4,13,14,16,18","4,13,14,18","4,13,18"
27,7,0.988756042333105,0.141250863190444,-1654.59039406042,-1625.08813737146,FALSE,FALSE,FALSE,"4,18,13,1,2,3,5","4","4,13,14,16,18","4,13,14,18","4,13,18"
27,8,0.988780147756659,0.123597518469582,-1653.66347262109,-1619.94660783371,FALSE,FALSE,FALSE,"4,18,13,1,2,3,5,6","4","4,13,14,16,18","4,13,14,18","4,13,18"
27,9,0.988801479719774,0.109866831079975,-1652.61501223579,-1614.68353934999,FALSE,FALSE,FALSE,"4,18,13,1,2,3,5,6,7","4","4,13,14,16,18","4,13,14,18","4,13,18"
27,10,0.988814164477573,0.0988814164477572,-1651.18169189674,-1609.03561091252,FALSE,FALSE,FALSE,"4,18,13,1,2,3,5,6,7,8","4","4,13,14,16,18","4,13,14,18","4,13,18"
27,11,0.988825920445238,0.0898932654950217,-1649.70745278216,-1603.34676369952,FALSE,FALSE,FALSE,"4,18,13,1,2,3,5,6,7,8,9","4","4,13,14,16,18","4,13,14,18","4,13,18"
27,12,0.988832646655339,0.0824027205546116,-1648.00851719169,-1597.43322001062,FALSE,FALSE,FALSE,"4,18,13,1,2,3,5,6,7,8,9,10","4","4,13,14,16,18","4,13,14,18","4,13,18"
27,13,0.988837133350227,0.0760643948730944,-1646.20944198999,-1591.4195367105,FALSE,FALSE,FALSE,"4,18,13,1,2,3,5,6,7,8,9,10,11","4","4,13,14,16,18","4,13,14,18","4,13,18"
27,14,0.988840150759807,0.0706314393399862,-1644.34461414436,-1585.34010076645,FALSE,FALSE,FALSE,"4,18,13,1,2,3,5,6,7,8,9,10,11,12","4","4,13,14,16,18","4,13,14,18","4,13,18"
27,15,0.988842657494284,0.0659228438329523,-1642.45693716941,-1579.23781569308,FALSE,FALSE,FALSE,"4,18,13,1,2,3,5,6,7,8,9,10,11,12,14","4","4,13,14,16,18","4,13,14,18","4,13,18"
27,16,0.988844815562249,0.0618028009726406,-1640.55365718581,-1573.11992761105,FALSE,FALSE,FALSE,"4,18,13,1,2,3,5,6,7,8,9,10,11,12,14,15","4","4,13,14,16,18","4,13,14,18","4,13,18"
27,17,0.988846644232606,0.0581674496607415,-1638.63562894837,-1566.98729127519,FALSE,FALSE,FALSE,"4,18,13,1,2,3,5,6,7,8,9,10,11,12,14,15,16","4","4,13,14,16,18","4,13,14,18","4,13,18"
27,18,0.988847089953701,0.0549359494418723,-1636.65561082698,-1560.79266505538,FALSE,FALSE,FALSE,"4,18,13,1,2,3,5,6,7,8,9,10,11,12,14,15,16,17","4","4,13,14,16,18","4,13,14,18","4,13,18"
27,19,0.98884722687813,0.0520445908883227,-1634.6617493715,-1554.58419550148,FALSE,FALSE,FALSE,"4,18,13,1,2,3,5,6,7,8,9,10,11,12,14,15,16,17,19","4","4,13,14,16,18","4,13,14,18","4,13,18"
27,20,0.988847300438791,0.0494423650219395,-1632.66504724648,-1548.37288527803,FALSE,FALSE,FALSE,"4,18,13,1,2,3,5,6,7,8,9,10,11,12,14,15,16,17,19,20","4","4,13,14,16,18","4,13,14,18","4,13,18"
28,1,0.780280903665369,0.780280903665369,-93.5819823375014,-89.3673742390792,TRUE,FALSE,FALSE,"6","6","6","6","6,11,17"
28,2,0.895111355518331,0.447555677759166,-461.307300841823,-452.878084644978,FALSE,FALSE,FALSE,"6,11","6","6,8","6,8","6,11,17"
28,3,0.989603285678117,0.329867761892706,-1615.01201734704,-1602.36819305178,FALSE,FALSE,FALSE,"6,11,17","6","6,8,11","6,8,11","6,11,17"
28,4,0.989914899937793,0.247478724984448,-1628.22738354748,-1611.36895115379,FALSE,TRUE,TRUE,"6,11,17,1","6","6,8,11,17","6,8,11,17","6,11,17"
28,5,0.989945282851228,0.197989056570246,-1627.73598395664,-1606.66294346453,FALSE,FALSE,FALSE,"6,11,17,1,2","6","6,8,11,17","6,8,11,17","6,11,17"
28,6,0.989987458693123,0.164997909782187,-1627.83771120995,-1602.55006261942,FALSE,FALSE,FALSE,"6,11,17,1,2,3","6","6,8,11,17","6,8,11,17","6,11,17"
28,7,0.990019613706778,0.141431373386683,-1627.44603201332,-1597.94377532436,FALSE,FALSE,FALSE,"6,11,17,1,2,3,4","6","6,8,11,17","6,8,11,17","6,11,17"
28,8,0.990046491892979,0.123755811486622,-1626.7943988678,-1593.07753408042,FALSE,FALSE,FALSE,"6,11,17,1,2,3,4,5","6","6,8,11,17","6,8,11,17","6,11,17"
28,9,0.990068691152348,0.110007632350261,-1625.91079177412,-1587.97931888832,FALSE,FALSE,FALSE,"6,11,17,1,2,3,4,5,7","6","6,8,11,17","6,8,11,17","6,11,17"
28,10,0.990082373132105,0.0990082373132105,-1624.60009734293,-1582.45401635871,FALSE,FALSE,FALSE,"6,11,17,1,2,3,4,5,7,8","6","6,8,11,17","6,8,11,17","6,11,17"
28,11,0.9900988392677,0.0900089853879728,-1623.43093219099,-1577.07024310835,FALSE,FALSE,FALSE,"6,11,17,1,2,3,4,5,7,8,9","6","6,8,11,17","6,8,11,17","6,11,17"
28,12,0.990109104598318,0.0825090920498599,-1621.94959136763,-1571.37429418656,FALSE,FALSE,FALSE,"6,11,17,1,2,3,4,5,7,8,9,10","6","6,8,11,17","6,8,11,17","6,11,17"
28,13,0.9901190432888,0.0761630033299077,-1620.45226007376,-1565.66235479427,FALSE,FALSE,FALSE,"6,11,17,1,2,3,4,5,7,8,9,10,12","6","6,8,11,17","6,8,11,17","6,11,17"
28,14,0.990127765191322,0.0707234117993801,-1618.89380406827,-1559.88929069036,FALSE,FALSE,FALSE,"6,11,17,1,2,3,4,5,7,8,9,10,12,13","6","6,8,11,17","6,8,11,17","6,11,17"
28,15,0.990134905497552,0.0660089936998368,-1617.25557066947,-1554.03644919314,FALSE,FALSE,FALSE,"6,11,17,1,2,3,4,5,7,8,9,10,12,13,14","6","6,8,11,17","6,8,11,17","6,11,17"
28,16,0.990141491929262,0.0618838432455788,-1615.58950722747,-1548.15577765271,FALSE,FALSE,FALSE,"6,11,17,1,2,3,4,5,7,8,9,10,12,13,14,15","6","6,8,11,17","6,8,11,17","6,11,17"
28,17,0.990144226148456,0.0582437780087327,-1613.72819953302,-1542.07986185984,FALSE,FALSE,FALSE,"6,11,17,1,2,3,4,5,7,8,9,10,12,13,14,15,16","6","6,8,11,17","6,8,11,17","6,11,17"
28,18,0.9901463022026,0.0550081279001444,-1611.83353234904,-1535.97058657744,FALSE,FALSE,FALSE,"6,11,17,1,2,3,4,5,7,8,9,10,12,13,14,15,16,18","6","6,8,11,17","6,8,11,17","6,11,17"
28,19,0.99014715665032,0.0521130082447537,-1609.87689093313,-1529.79933706311,FALSE,FALSE,FALSE,"6,11,17,1,2,3,4,5,7,8,9,10,12,13,14,15,16,18,19","6","6,8,11,17","6,8,11,17","6,11,17"
28,20,0.990147415143851,0.0495073707571926,-1607.8900088176,-1523.59784684916,FALSE,FALSE,FALSE,"6,11,17,1,2,3,4,5,7,8,9,10,12,13,14,15,16,18,19,20","6","6,8,11,17","6,8,11,17","6,11,17"
29,1,0.53352260330246,0.53352260330246,-60.7171018813335,-56.5024937829113,TRUE,FALSE,FALSE,"6","6","1","1","1,4,6"
29,2,0.781749336111451,0.390874668055725,-438.499766668205,-430.070550471361,FALSE,FALSE,FALSE,"6,1","6","1,4","1,4","1,4,6"
29,3,0.979281365124172,0.326427121708057,-1613.80511953694,-1601.16129524167,FALSE,TRUE,TRUE,"6,1,4","6","1,4,6","1,4,6","1,4,6"
29,4,0.97930265340434,0.244825663351085,-1612.31913082644,-1595.46069843275,FALSE,FALSE,FALSE,"6,1,4,2","6","1,4,6","1,4,6","1,4,6"
29,5,0.97943322572092,0.195886645144184,-1613.48344766186,-1592.41040716975,FALSE,FALSE,FALSE,"6,1,4,2,3","6","1,4,6","1,4,6","1,4,6"
29,6,0.979513073431475,0.163252178905246,-1613.42840778947,-1588.14075919894,FALSE,FALSE,FALSE,"6,1,4,2,3,5","6","1,4,6","1,4,6","1,4,6"
29,7,0.979538422942401,0.139934060420343,-1612.04746616569,-1582.54520947674,FALSE,FALSE,FALSE,"6,1,4,2,3,5,7","6","1,4,6","1,4,6","1,4,6"
29,8,0.979576621850872,0.122447077731359,-1610.98176875679,-1577.26490396941,FALSE,FALSE,FALSE,"6,1,4,2,3,5,7,8","6","1,4,6","1,4,6","1,4,6"
29,9,0.979600165269947,0.108844462807772,-1609.55848528702,-1571.62701240122,FALSE,FALSE,FALSE,"6,1,4,2,3,5,7,8,9","6","1,4,6","1,4,6","1,4,6"
29,10,0.979620685954485,0.0979620685954485,-1608.0617004567,-1565.91561947248,FALSE,FALSE,FALSE,"6,1,4,2,3,5,7,8,9,10","6","1,4,6","1,4,6","1,4,6"
29,11,0.979642436502962,0.0890584033184511,-1606.59562823556,-1560.23493915292,FALSE,FALSE,FALSE,"6,1,4,2,3,5,7,8,9,10,11","6","1,4,6","1,4,6","1,4,6"
29,12,0.979665223406799,0.0816387686172332,-1605.15560847184,-1554.58031129078,FALSE,FALSE,FALSE,"6,1,4,2,3,5,7,8,9,10,11,12","6","1,4,6","1,4,6","1,4,6"
29,13,0.979687155830433,0.0753605504484949,-1603.69518312225,-1548.90527784276,FALSE,FALSE,FALSE,"6,1,4,2,3,5,7,8,9,10,11,12,13","6","1,4,6","1,4,6","1,4,6"
29,14,0.979702266879726,0.0699787333485519,-1602.06727953158,-1543.06276615367,FALSE,FALSE,FALSE,"6,1,4,2,3,5,7,8,9,10,11,12,13,14","6","1,4,6","1,4,6","1,4,6"
29,15,0.979707108069576,0.0653138072046384,-1600.18654820178,-1536.96742672544,FALSE,FALSE,FALSE,"6,1,4,2,3,5,7,8,9,10,11,12,13,14,15","6","1,4,6","1,4,6","1,4,6"
29,16,0.979708612528628,0.0612317882830393,-1598.22361819725,-1530.78988862249,FALSE,FALSE,FALSE,"6,1,4,2,3,5,7,8,9,10,11,12,13,14,15,16","6","1,4,6","1,4,6","1,4,6"
29,17,0.979709846704586,0.0576299909826227,-1596.25403044713,-1524.60569277395,FALSE,FALSE,FALSE,"6,1,4,2,3,5,7,8,9,10,11,12,13,14,15,16,17","6","1,4,6","1,4,6","1,4,6"
29,18,0.979710324483382,0.0544283513601879,-1594.26580424731,-1518.40285847571,FALSE,FALSE,FALSE,"6,1,4,2,3,5,7,8,9,10,11,12,13,14,15,16,17,18","6","1,4,6","1,4,6","1,4,6"
29,19,0.979710427231596,0.0515637066963998,-1592.26833628568,-1512.19078241565,FALSE,FALSE,FALSE,"6,1,4,2,3,5,7,8,9,10,11,12,13,14,15,16,17,18,19","6","1,4,6","1,4,6","1,4,6"
29,20,0.979710435797086,0.0489855217898543,-1590.26854736681,-1505.97638539837,FALSE,FALSE,FALSE,"6,1,4,2,3,5,7,8,9,10,11,12,13,14,15,16,17,18,19,20","6","1,4,6","1,4,6","1,4,6"
30,1,0.78084528813962,0.78084528813962,-249.69449585388,-245.479887755457,TRUE,FALSE,FALSE,"12","12","1","12","12,13,16"
30,2,0.920126004098582,0.460063002049291,-752.358288607387,-743.929072410542,FALSE,FALSE,FALSE,"12,16","12","1,4","12,13","12,13,16"
30,3,0.985593831821636,0.328531277273879,-1606.75522918569,-1594.11140489042,FALSE,FALSE,FALSE,"12,16,13","12","1,4,9","12,13,16","12,13,16"
30,4,0.985806466377183,0.246451616594296,-1612.19021837159,-1595.3317859779,FALSE,FALSE,TRUE,"12,16,13,1","12","1,4,9,10","12,13,16,18","12,13,16"
30,5,0.985962556404474,0.197192511280895,-1615.71930851543,-1594.64626802332,FALSE,FALSE,FALSE,"12,16,13,1,2","12","1,4,9,10,12","12,13,16,18","12,13,16"
30,6,0.986065647566826,0.164344274594471,-1617.4048648172,-1592.11721622666,FALSE,FALSE,FALSE,"12,16,13,1,2,3","12","1,4,9,10,12,13","12,13,16,18","12,13,16"
30,7,0.986110788594889,0.14087296979927,-1617.02726904737,-1587.52501235842,FALSE,FALSE,FALSE,"12,16,13,1,2,3,4","12","1,4,9,10,12,13,16","12,13,16,18","12,13,16"
30,8,0.986188299855744,0.123273537481968,-1617.82542473305,-1584.10855994568,FALSE,TRUE,FALSE,"12,16,13,1,2,3,4,5","12","1,4,9,10,12,13,16,18","12,13,16,18","12,13,16"
30,9,0.986236748237146,0.109581860915238,-1617.58239719915,-1579.65092431335,FALSE,FALSE,FALSE,"12,16,13,1,2,3,4,5,6","12","1,4,9,10,12,13,16,18","12,13,16,18","12,13,16"
30,10,0.986260090414094,0.0986260090414094,-1616.4311062714,-1574.28502528718,FALSE,FALSE,FALSE,"12,16,13,1,2,3,4,5,6,7","12","1,4,9,10,12,13,16,18","12,13,16,18","12,13,16"
30,11,0.986269880809407,0.0896608982554006,-1614.78750909163,-1568.42682000899,FALSE,FALSE,FALSE,"12,16,13,1,2,3,4,5,6,7,8","12","1,4,9,10,12,13,16,18","12,13,16,18","12,13,16"
30,12,0.986278438382578,0.0821898698652148,-1613.09924131334,-1562.52394413228,FALSE,FALSE,FALSE,"12,16,13,1,2,3,4,5,6,7,8,9","12","1,4,9,10,12,13,16,18","12,13,16,18","12,13,16"
30,13,0.986283625182502,0.0758679711678848,-1611.28827885261,-1556.49837357312,FALSE,FALSE,FALSE,"12,16,13,1,2,3,4,5,6,7,8,9,10","12","1,4,9,10,12,13,16,18","12,13,16,18","12,13,16"
30,14,0.986287193108302,0.0704490852220216,-1609.41835658728,-1550.41384320936,FALSE,FALSE,FALSE,"12,16,13,1,2,3,4,5,6,7,8,9,10,11","12","1,4,9,10,12,13,16,18","12,13,16,18","12,13,16"
30,15,0.986290948317295,0.0657527298878196,-1607.55529876447,-1544.33617728814,FALSE,FALSE,FALSE,"12,16,13,1,2,3,4,5,6,7,8,9,10,11,14","12","1,4,9,10,12,13,16,18","12,13,16,18","12,13,16"
30,16,0.986293728697467,0.0616433580435917,-1605.65671577798,-1538.22298620322,FALSE,FALSE,FALSE,"12,16,13,1,2,3,4,5,6,7,8,9,10,11,14,15","12","1,4,9,10,12,13,16,18","12,13,16,18","12,13,16"
30,17,0.986296083031942,0.0580174166489378,-1603.74260845619,-1532.09427078301,FALSE,FALSE,FALSE,"12,16,13,1,2,3,4,5,6,7,8,9,10,11,14,15,17","12","1,4,9,10,12,13,16,18","12,13,16,18","12,13,16"
30,18,0.986297040881047,0.0547942800489471,-1601.77755768217,-1525.91461191057,FALSE,FALSE,FALSE,"12,16,13,1,2,3,4,5,6,7,8,9,10,11,14,15,17,18","12","1,4,9,10,12,13,16,18","12,13,16,18","12,13,16"
30,19,0.986297933977255,0.0519104175777502,-1599.81014645752,-1519.7325925875,FALSE,FALSE,FALSE,"12,16,13,1,2,3,4,5,6,7,8,9,10,11,14,15,17,18,19","12","1,4,9,10,12,13,16,18","12,13,16,18","12,13,16"
30,20,0.986298807114299,0.0493149403557149,-1597.84200898333,-1513.54984701489,FALSE,FALSE,FALSE,"12,16,13,1,2,3,4,5,6,7,8,9,10,11,14,15,17,18,19,20","12","1,4,9,10,12,13,16,18","12,13,16,18","12,13,16"
31,1,0.528561511162729,0.528561511162729,284.338549854458,288.55315795288,FALSE,FALSE,FALSE,"17","3","3","3","3,10,17"
31,2,0.861823882974398,0.430911941487199,-327.291226786582,-318.862010589738,FALSE,FALSE,FALSE,"17,10","3,10","3,6","3,10","3,10,17"
31,3,0.988995437821321,0.32966514594044,-1590.40080253215,-1577.75697823688,TRUE,FALSE,TRUE,"17,10,3","3,10,17","3,6,7","3,10,17","3,10,17"
31,4,0.989087815302176,0.247271953825544,-1592.61575415924,-1575.75732176555,FALSE,FALSE,FALSE,"17,10,3,1","3,10,17","3,6,7,10","3,10,17","3,10,17"
31,5,0.989175980187042,0.197835196037408,-1594.67190703217,-1573.59886654006,FALSE,FALSE,FALSE,"17,10,3,1,2","3,10,17","3,6,7,10,12","3,10,17","3,10,17"
31,6,0.989271286293393,0.164878547715565,-1597.09393208429,-1571.80628349375,FALSE,TRUE,FALSE,"17,10,3,1,2,4","3,10,17","3,6,7,10,12,17","3,10,17","3,10,17"
31,7,0.989302793179664,0.141328970454238,-1596.56443641764,-1567.06217972868,FALSE,FALSE,FALSE,"17,10,3,1,2,4,5","3,10,17","3,6,7,10,12,17","3,10,17","3,10,17"
31,8,0.989327090893827,0.123665886361728,-1595.70143187039,-1561.98456708302,FALSE,FALSE,FALSE,"17,10,3,1,2,4,5,6","3,10,17","3,6,7,10,12,17","3,10,17","3,10,17"
31,9,0.989347958097891,0.109927550899766,-1594.67996686053,-1556.74849397473,FALSE,FALSE,FALSE,"17,10,3,1,2,4,5,6,7","3,10,17","3,6,7,10,12,17","3,10,17","3,10,17"
31,10,0.989379981354172,0.0989379981354172,-1594.18538192834,-1552.03930094412,FALSE,FALSE,FALSE,"17,10,3,1,2,4,5,6,7,8","3,10,17","3,6,7,10,12,17","3,10,17","3,10,17"
31,11,0.98939791371965,0.0899452648836046,-1593.03036737199,-1546.66967828935,FALSE,FALSE,FALSE,"17,10,3,1,2,4,5,6,7,8,9","3,10,17","3,6,7,10,12,17","3,10,17","3,10,17"
31,12,0.98941077380236,0.0824508978168633,-1591.6372238044,-1541.06192662333,FALSE,FALSE,FALSE,"17,10,3,1,2,4,5,6,7,8,9,11","3,10,17","3,6,7,10,12,17","3,10,17","3,10,17"
31,13,0.989421169447,0.0761093207266924,-1590.12832440936,-1535.33841912987,FALSE,FALSE,FALSE,"17,10,3,1,2,4,5,6,7,8,9,11,12","3,10,17","3,6,7,10,12,17","3,10,17","3,10,17"
31,14,0.989429228885994,0.0706735163489996,-1588.50939255007,-1529.50487917216,FALSE,FALSE,FALSE,"17,10,3,1,2,4,5,6,7,8,9,11,12,13","3,10,17","3,6,7,10,12,17","3,10,17","3,10,17"
31,15,0.989435404202561,0.0659623602801707,-1586.80157185163,-1523.5824503753,FALSE,FALSE,FALSE,"17,10,3,1,2,4,5,6,7,8,9,11,12,13,14","3,10,17","3,6,7,10,12,17","3,10,17","3,10,17"
31,16,0.989438627709623,0.0618399142318515,-1584.95415691064,-1517.52042733588,FALSE,FALSE,FALSE,"17,10,3,1,2,4,5,6,7,8,9,11,12,13,14,15","3,10,17","3,6,7,10,12,17","3,10,17","3,10,17"
31,17,0.989441574778305,0.0582024455751944,-1583.09369748621,-1511.44535981304,FALSE,FALSE,FALSE,"17,10,3,1,2,4,5,6,7,8,9,11,12,13,14,15,16","3,10,17","3,6,7,10,12,17","3,10,17","3,10,17"
31,18,0.989444663791633,0.054969147988424,-1581.24000080406,-1505.37705503246,FALSE,FALSE,FALSE,"17,10,3,1,2,4,5,6,7,8,9,11,12,13,14,15,16,18","3,10,17","3,6,7,10,12,17","3,10,17","3,10,17"
31,19,0.989447251894393,0.0520761711523365,-1579.3626127254,-1499.28505885538,FALSE,FALSE,FALSE,"17,10,3,1,2,4,5,6,7,8,9,11,12,13,14,15,16,18,19","3,10,17","3,6,7,10,12,17","3,10,17","3,10,17"
31,20,0.989448211890735,0.0494724105945367,-1577.40810040314,-1493.1159384347,FALSE,FALSE,FALSE,"17,10,3,1,2,4,5,6,7,8,9,11,12,13,14,15,16,18,19,20","3,10,17","3,6,7,10,12,17","3,10,17","3,10,17"
32,1,0.57432644348972,0.57432644348972,200.628127569574,204.842735667996,TRUE,FALSE,FALSE,"1","5","1","1","1,5,13"
32,2,0.827010421060476,0.413505210530238,-247.592571380782,-239.163355183937,FALSE,FALSE,FALSE,"1,13","5","1,5","1,5","1,5,13"
32,3,0.987680262522101,0.329226754174034,-1566.60692441749,-1553.96310012222,FALSE,TRUE,TRUE,"1,13,5","5","1,5,13","1,5,13","1,5,13"
32,4,0.987709733276701,0.246927433319175,-1565.80443614672,-1548.94600375303,FALSE,FALSE,FALSE,"1,13,5,2","5","1,5,13","1,5,13","1,5,13"
32,5,0.987751288456474,0.197550257691295,-1565.4978733813,-1544.42483288919,FALSE,FALSE,FALSE,"1,13,5,2,3","5","1,5,13","1,5,13","1,5,13"
32,6,0.987785101711781,0.164630850285297,-1564.88006010979,-1539.59241151925,FALSE,FALSE,FALSE,"1,13,5,2,3,4","5","1,5,13","1,5,13","1,5,13"
32,7,0.987814439219916,0.141116348459988,-1564.08239495886,-1534.5801382699,FALSE,FALSE,FALSE,"1,13,5,2,3,4,6","5","1,5,13","1,5,13","1,5,13"
32,8,0.987840199549721,0.123480024943715,-1563.14051601836,-1529.42365123098,FALSE,FALSE,FALSE,"1,13,5,2,3,4,6,7","5","1,5,13","1,5,13","1,5,13"
32,9,0.98786191579367,0.109762435088185,-1562.03426664883,-1524.10279376303,FALSE,FALSE,FALSE,"1,13,5,2,3,4,6,7,8","5","1,5,13","1,5,13","1,5,13"
32,10,0.987878985247033,0.0987878985247033,-1560.73789773623,-1518.59181675201,FALSE,FALSE,FALSE,"1,13,5,2,3,4,6,7,8,9","5","1,5,13","1,5,13","1,5,13"
32,11,0.98790233002395,0.08980930272945,-1559.70181400208,-1513.34112491944,FALSE,FALSE,FALSE,"1,13,5,2,3,4,6,7,8,9,10","5","1,5,13","1,5,13","1,5,13"
32,12,0.987918284720528,0.0823265237267106,-1558.36166117042,-1507.78636398935,FALSE,FALSE,FALSE,"1,13,5,2,3,4,6,7,8,9,10,11","5","1,5,13","1,5,13","1,5,13"
32,13,0.987931822555645,0.0759947555812035,-1556.92223660198,-1502.13233132249,FALSE,FALSE,FALSE,"1,13,5,2,3,4,6,7,8,9,10,11,12","5","1,5,13","1,5,13","1,5,13"
32,14,0.987937132437198,0.0705669380312284,-1555.14228018637,-1496.13776680846,FALSE,FALSE,FALSE,"1,13,5,2,3,4,6,7,8,9,10,11,12,14","5","1,5,13","1,5,13","1,5,13"
32,15,0.987943565274606,0.0658629043516404,-1553.40898929279,-1490.18986781646,FALSE,FALSE,FALSE,"1,13,5,2,3,4,6,7,8,9,10,11,12,14,15","5","1,5,13","1,5,13","1,5,13"
32,16,0.98794956270681,0.0617468476691757,-1551.65777446589,-1484.22404489113,FALSE,FALSE,FALSE,"1,13,5,2,3,4,6,7,8,9,10,11,12,14,15,16","5","1,5,13","1,5,13","1,5,13"
32,17,0.987951388902377,0.0581147875824927,-1549.73355320785,-1478.08521553468,FALSE,FALSE,FALSE,"1,13,5,2,3,4,6,7,8,9,10,11,12,14,15,16,17","5","1,5,13","1,5,13","1,5,13"
32,18,0.987952884407038,0.0548862713559466,-1547.79561834838,-1471.93267257678,FALSE,FALSE,FALSE,"1,13,5,2,3,4,6,7,8,9,10,11,12,14,15,16,17,18","5","1,5,13","1,5,13","1,5,13"
32,19,0.987953251456151,0.0519975395503237,-1545.81085248064,-1465.73329861062,FALSE,FALSE,FALSE,"1,13,5,2,3,4,6,7,8,9,10,11,12,14,15,16,17,18,19","5","1,5,13","1,5,13","1,5,13"
32,20,0.987953251543131,0.0493976625771566,-1543.81085609076,-1459.51869412232,FALSE,FALSE,FALSE,"1,13,5,2,3,4,6,7,8,9,10,11,12,14,15,16,17,18,19,20","5","1,5,13","1,5,13","1,5,13"
33,1,0.735397316795751,0.735397316795751,-104.305891326817,-100.091283228395,TRUE,FALSE,FALSE,"19","19","4","4","4,6,19"
33,2,0.926483603361318,0.463241801680659,-742.666355014928,-734.237138818084,FALSE,FALSE,FALSE,"19,4","19","4,6","4,6","4,6,19"
33,3,0.986557427385627,0.328852475795209,-1590.20722167563,-1577.56339738037,FALSE,FALSE,TRUE,"19,4,6","19","4,6,15","4,6,19","4,6,19"
33,4,0.986621571206431,0.246655392801608,-1590.59877828158,-1573.74034588789,FALSE,TRUE,FALSE,"19,4,6,1","19","4,6,15,19","4,6,19","4,6,19"
33,5,0.986664852419413,0.197332970483883,-1590.21897507768,-1569.14593458557,FALSE,FALSE,FALSE,"19,4,6,1,2","19","4,6,15,19","4,6,19","4,6,19"
33,6,0.986704761715013,0.164450793619169,-1589.71761372598,-1564.42996513545,FALSE,FALSE,FALSE,"19,4,6,1,2,3","19","4,6,15,19","4,6,19","4,6,19"
33,7,0.986729283848995,0.140961326264142,-1588.64068016449,-1559.13842347554,FALSE,FALSE,FALSE,"19,4,6,1,2,3,5","19","4,6,15,19","4,6,19","4,6,19"
33,8,0.986737518711625,0.123342189838953,-1586.95104090833,-1553.23417612095,FALSE,FALSE,FALSE,"19,4,6,1,2,3,5,7","19","4,6,15,19","4,6,19","4,6,19"
33,9,0.986754686178107,0.109639409575345,-1585.5986794166,-1547.6672065308,FALSE,FALSE,FALSE,"19,4,6,1,2,3,5,7,8","19","4,6,15,19","4,6,19","4,6,19"
33,10,0.986768706851877,0.0986768706851877,-1584.12822895807,-1541.98214797385,FALSE,FALSE,FALSE,"19,4,6,1,2,3,5,7,8,9","19","4,6,15,19","4,6,19","4,6,19"
33,11,0.986774977374474,0.0897068161249522,-1582.36524316549,-1536.00455408285,FALSE,FALSE,FALSE,"19,4,6,1,2,3,5,7,8,9,10","19","4,6,15,19","4,6,19","4,6,19"
33,12,0.986779256391215,0.0822316046992679,-1580.5270466368,-1529.95174945573,FALSE,FALSE,FALSE,"19,4,6,1,2,3,5,7,8,9,10,11","19","4,6,15,19","4,6,19","4,6,19"
33,13,0.986782020202186,0.075906309246322,-1578.63158311304,-1523.84167783356,FALSE,FALSE,FALSE,"19,4,6,1,2,3,5,7,8,9,10,11,12","19","4,6,15,19","4,6,19","4,6,19"
33,14,0.986784822509346,0.070484630179239,-1576.73759796174,-1517.73308458383,FALSE,FALSE,FALSE,"19,4,6,1,2,3,5,7,8,9,10,11,12,13","19","4,6,15,19","4,6,19","4,6,19"
33,15,0.986787754615654,0.0657858503077103,-1574.84854734692,-1511.62942587059,FALSE,FALSE,FALSE,"19,4,6,1,2,3,5,7,8,9,10,11,12,13,14","19","4,6,15,19","4,6,19","4,6,19"
33,16,0.986789615011686,0.0616743509382304,-1572.91895653817,-1505.48522696341,FALSE,FALSE,FALSE,"19,4,6,1,2,3,5,7,8,9,10,11,12,13,14,15","19","4,6,15,19","4,6,19","4,6,19"
33,17,0.986789987517655,0.0580464698539797,-1570.93305571927,-1499.2847180461,FALSE,FALSE,FALSE,"19,4,6,1,2,3,5,7,8,9,10,11,12,13,14,15,16","19","4,6,15,19","4,6,19","4,6,19"
33,18,0.98679029769418,0.0548216832052322,-1568.94479606269,-1493.08185029109,FALSE,FALSE,FALSE,"19,4,6,1,2,3,5,7,8,9,10,11,12,13,14,15,16,17","19","4,6,15,19","4,6,19","4,6,19"
33,19,0.986790500915951,0.0519363421534711,-1566.95248826235,-1486.87493439233,FALSE,FALSE,FALSE,"19,4,6,1,2,3,5,7,8,9,10,11,12,13,14,15,16,17,18","19","4,6,15,19","4,6,19","4,6,19"
33,20,0.986790579012304,0.0493395289506152,-1564.955444339,-1480.66328237055,FALSE,FALSE,FALSE,"19,4,6,1,2,3,5,7,8,9,10,11,12,13,14,15,16,17,18,20","19","4,6,15,19","4,6,19","4,6,19"
34,1,0.60940716829891,0.60940716829891,137.722215419661,141.936823518083,FALSE,FALSE,FALSE,"2","2","2","2","2,11,20"
34,2,0.905167892617151,0.452583946308576,-568.056599011016,-559.627382814171,TRUE,FALSE,FALSE,"2,20","2,20","2,11","2,11","2,11,20"
34,3,0.989636415168628,0.329878805056209,-1672.96151612139,-1660.31769182613,FALSE,TRUE,TRUE,"2,20,11","2,20","2,11,20","2,11,20","2,11,20"
34,4,0.989672359616786,0.247418089904197,-1672.69870103643,-1655.84026864274,FALSE,FALSE,FALSE,"2,20,11,1","2,20","2,11,20","2,11,20","2,11,20"
34,5,0.98970077546423,0.197940155092846,-1672.07631540156,-1651.00327490945,FALSE,FALSE,FALSE,"2,20,11,1,3","2,20","2,11,20","2,11,20","2,11,20"
34,6,0.989747614443816,0.164957935740636,-1672.35540986055,-1647.06776127001,FALSE,FALSE,FALSE,"2,20,11,1,3,4","2,20","2,11,20","2,11,20","2,11,20"
34,7,0.98976808870876,0.141395441244109,-1671.35492045712,-1641.85266376817,FALSE,FALSE,FALSE,"2,20,11,1,3,4,5","2,20","2,11,20","2,11,20","2,11,20"
34,8,0.989802864784591,0.123725358098074,-1671.05720790411,-1637.34034311673,FALSE,FALSE,FALSE,"2,20,11,1,3,4,5,6","2,20","2,11,20","2,11,20","2,11,20"
34,9,0.989819406524436,0.109979934058271,-1669.86896390153,-1631.93749101573,FALSE,FALSE,FALSE,"2,20,11,1,3,4,5,6,7","2,20","2,11,20","2,11,20","2,11,20"
34,10,0.98983716490431,0.098983716490431,-1668.74189366958,-1626.59581268536,FALSE,FALSE,FALSE,"2,20,11,1,3,4,5,6,7,8","2,20","2,11,20","2,11,20","2,11,20"
34,11,0.989854408324563,0.0899867643931421,-1667.59097098075,-1621.2302818981,FALSE,FALSE,FALSE,"2,20,11,1,3,4,5,6,7,8,9","2,20","2,11,20","2,11,20","2,11,20"
34,12,0.989871218548147,0.0824892682123456,-1666.4201077107,-1615.84481052963,FALSE,FALSE,FALSE,"2,20,11,1,3,4,5,6,7,8,9,10","2,20","2,11,20","2,11,20","2,11,20"
34,13,0.989885072285625,0.0761450055604327,-1665.10445560003,-1610.31455032054,FALSE,FALSE,FALSE,"2,20,11,1,3,4,5,6,7,8,9,10,12","2,20","2,11,20","2,11,20","2,11,20"
34,14,0.98989898848731,0.0707070706062364,-1663.79283340562,-1604.78832002771,FALSE,FALSE,FALSE,"2,20,11,1,3,4,5,6,7,8,9,10,12,13","2,20","2,11,20","2,11,20","2,11,20"
34,15,0.989906043146547,0.0659937362097698,-1662.14216099042,-1598.92303951409,FALSE,FALSE,FALSE,"2,20,11,1,3,4,5,6,7,8,9,10,12,13,14","2,20","2,11,20","2,11,20","2,11,20"
34,16,0.989913440514357,0.0618695900321473,-1660.50872089489,-1593.07499132014,FALSE,FALSE,FALSE,"2,20,11,1,3,4,5,6,7,8,9,10,12,13,14,15","2,20","2,11,20","2,11,20","2,11,20"
34,17,0.989916264592385,0.0582303685054344,-1658.64873263298,-1587.0003949598,FALSE,FALSE,FALSE,"2,20,11,1,3,4,5,6,7,8,9,10,12,13,14,15,16","2,20","2,11,20","2,11,20","2,11,20"
34,18,0.989917602266479,0.0549954223481377,-1656.71506533479,-1580.85211956319,FALSE,FALSE,FALSE,"2,20,11,1,3,4,5,6,7,8,9,10,12,13,14,15,16,17","2,20","2,11,20","2,11,20","2,11,20"
34,19,0.989918327349162,0.0521009645973243,-1654.75102447745,-1574.67347060743,FALSE,FALSE,FALSE,"2,20,11,1,3,4,5,6,7,8,9,10,12,13,14,15,16,17,18","2,20","2,11,20","2,11,20","2,11,20"
34,20,0.98991858440822,0.049495929220411,-1652.76377346982,-1568.47161150138,FALSE,FALSE,FALSE,"2,20,11,1,3,4,5,6,7,8,9,10,12,13,14,15,16,17,18,19","2,20","2,11,20","2,11,20","2,11,20"
35,1,0.768868506010808,0.768868506010808,-307.120579202002,-302.90597110358,TRUE,FALSE,FALSE,"13","13","5","8","8,11,13"
35,2,0.929741348968943,0.464870674484472,-900.522249019101,-892.093032822256,FALSE,FALSE,FALSE,"13,8","13","5,8","8,11","8,11,13"
35,3,0.983492657515024,0.327830885838341,-1622.71133200324,-1610.06750770797,FALSE,FALSE,TRUE,"13,8,11","13","5,8,10","8,11,13","8,11,13"
35,4,0.98369419341125,0.245923548352813,-1626.85333410205,-1609.99490170836,FALSE,FALSE,FALSE,"13,8,11,1","13","5,8,10,11","8,11,13","8,11,13"
35,5,0.983765813109777,0.196753162621955,-1627.05431223754,-1605.98127174543,FALSE,TRUE,FALSE,"13,8,11,1,2","13","5,8,10,11,13","8,11,13","8,11,13"
35,6,0.983813884786482,0.163968980797747,-1626.53707793726,-1601.24942934673,FALSE,FALSE,FALSE,"13,8,11,1,2,3","13","5,8,10,11,13","8,11,13","8,11,13"
35,7,0.983860180428306,0.140551454346901,-1625.96923059684,-1596.46697390789,FALSE,FALSE,FALSE,"13,8,11,1,2,3,4","13","5,8,10,11,13","8,11,13","8,11,13"
35,8,0.983892536931901,0.122986567116488,-1624.97261791526,-1591.25575312788,FALSE,FALSE,FALSE,"13,8,11,1,2,3,4,5","13","5,8,10,11,13","8,11,13","8,11,13"
35,9,0.983903097665994,0.109322566407333,-1623.3005465777,-1585.3690736919,FALSE,FALSE,FALSE,"13,8,11,1,2,3,4,5,6","13","5,8,10,11,13","8,11,13","8,11,13"
35,10,0.983914099645277,0.0983914099645277,-1621.64240554562,-1579.4963245614,FALSE,FALSE,FALSE,"13,8,11,1,2,3,4,5,6,7","13","5,8,10,11,13","8,11,13","8,11,13"
35,11,0.983926353918963,0.0894478503562693,-1620.02345178652,-1573.66276270388,FALSE,FALSE,FALSE,"13,8,11,1,2,3,4,5,6,7,9","13","5,8,10,11,13","8,11,13","8,11,13"
35,12,0.983938074180222,0.0819948395150185,-1618.38816481591,-1567.81286763484,FALSE,FALSE,FALSE,"13,8,11,1,2,3,4,5,6,7,9,10","13","5,8,10,11,13","8,11,13","8,11,13"
35,13,0.983946219173843,0.0756881707056802,-1616.64177884611,-1561.85187356662,FALSE,FALSE,FALSE,"13,8,11,1,2,3,4,5,6,7,9,10,12","13","5,8,10,11,13","8,11,13","8,11,13"
35,14,0.983952857395179,0.0702823469567985,-1614.84857107266,-1555.84405769475,FALSE,FALSE,FALSE,"13,8,11,1,2,3,4,5,6,7,9,10,12,14","13","5,8,10,11,13","8,11,13","8,11,13"
35,15,0.98395904391605,0.0655972695944033,-1613.04136906323,-1549.82224758689,FALSE,FALSE,FALSE,"13,8,11,1,2,3,4,5,6,7,9,10,12,14,15","13","5,8,10,11,13","8,11,13","8,11,13"
35,16,0.98396375510304,0.06149773469394,-1611.18823932871,-1543.75450975395,FALSE,FALSE,FALSE,"13,8,11,1,2,3,4,5,6,7,9,10,12,14,15,16","13","5,8,10,11,13","8,11,13","8,11,13"
35,17,0.98396847226517,0.0578804983685394,-1609.33533910449,-1537.68700143132,FALSE,FALSE,FALSE,"13,8,11,1,2,3,4,5,6,7,9,10,12,14,15,16,17","13","5,8,10,11,13","8,11,13","8,11,13"
35,18,0.983972229617602,0.0546651238676446,-1607.45253918902,-1531.58959341742,FALSE,FALSE,FALSE,"13,8,11,1,2,3,4,5,6,7,9,10,12,14,15,16,17,18","13","5,8,10,11,13","8,11,13","8,11,13"
35,19,0.98397356968394,0.0517880826149442,-1605.49434545183,-1525.41679158181,FALSE,FALSE,FALSE,"13,8,11,1,2,3,4,5,6,7,9,10,12,14,15,16,17,18,19","13","5,8,10,11,13","8,11,13","8,11,13"
35,20,0.983973831370693,0.0491986915685347,-1603.50250974309,-1519.21034777464,FALSE,FALSE,FALSE,"13,8,11,1,2,3,4,5,6,7,9,10,12,14,15,16,17,18,19,20","13","5,8,10,11,13","8,11,13","8,11,13"
36,1,0.686656963856858,0.686656963856858,-619.889622244578,-615.675014146156,TRUE,FALSE,FALSE,"14","14","10","14","14,18,20"
36,2,0.791590248027683,0.395795124013841,-821.78584687133,-813.356630674486,FALSE,FALSE,FALSE,"14,20","14","10,11","14,18","14,18,20"
36,3,0.961351116992376,0.320450372330792,-1662.27996129748,-1649.63613700221,FALSE,FALSE,TRUE,"14,20,18","14","10,11,13","14,18,20","14,18,20"
36,4,0.961573277349569,0.240393319337392,-1663.16233854952,-1646.30390615583,FALSE,FALSE,FALSE,"14,20,18,1","14","10,11,13,14","14,18,20","14,18,20"
36,5,0.961893483871826,0.192378696774365,-1665.34625126227,-1644.27321077016,FALSE,FALSE,FALSE,"14,20,18,1,2","14","10,11,13,14,15","14,18,20","14,18,20"
36,6,0.962106158974283,0.160351026495714,-1666.14460202741,-1640.85695343688,FALSE,FALSE,FALSE,"14,20,18,1,2,3","14","10,11,13,14,15,18","14,18,20","14,18,20"
36,7,0.96229231554861,0.137470330792659,-1666.60694586748,-1637.10468917852,FALSE,TRUE,FALSE,"14,20,18,1,2,3,4","14","10,11,13,14,15,18,20","14,18,20","14,18,20"
36,8,0.962417509390608,0.120302188673826,-1666.26976518331,-1632.55290039593,FALSE,FALSE,FALSE,"14,20,18,1,2,3,4,5","14","10,11,13,14,15,18,20","14,18,20","14,18,20"
36,9,0.962541771174044,0.106949085686005,-1665.92569143176,-1627.99421854596,FALSE,FALSE,FALSE,"14,20,18,1,2,3,4,5,6","14","10,11,13,14,15,18,20","14,18,20","14,18,20"
36,10,0.962632285469263,0.0962632285469263,-1665.13535662685,-1622.98927564262,FALSE,FALSE,FALSE,"14,20,18,1,2,3,4,5,6,7","14","10,11,13,14,15,18,20","14,18,20","14,18,20"
36,11,0.962714138813384,0.0875194671648531,-1664.23179944469,-1617.87111036205,FALSE,FALSE,FALSE,"14,20,18,1,2,3,4,5,6,7,8","14","10,11,13,14,15,18,20","14,18,20","14,18,20"
36,12,0.962790090061271,0.080232507505106,-1663.25133750781,-1612.67604032674,FALSE,FALSE,FALSE,"14,20,18,1,2,3,4,5,6,7,8,9","14","10,11,13,14,15,18,20","14,18,20","14,18,20"
36,13,0.962829645340215,0.0740638188723242,-1661.78313559814,-1606.99323031865,FALSE,FALSE,FALSE,"14,20,18,1,2,3,4,5,6,7,8,9,10","14","10,11,13,14,15,18,20","14,18,20","14,18,20"
36,14,0.962873851815946,0.068776703701139,-1660.37813642935,-1601.37362305144,FALSE,FALSE,FALSE,"14,20,18,1,2,3,4,5,6,7,8,9,10,11","14","10,11,13,14,15,18,20","14,18,20","14,18,20"
36,15,0.962911343801891,0.0641940895867927,-1658.88331850786,-1595.66419703153,FALSE,FALSE,FALSE,"14,20,18,1,2,3,4,5,6,7,8,9,10,11,12","14","10,11,13,14,15,18,20","14,18,20","14,18,20"
36,16,0.96292561072336,0.06018285067021,-1657.07569088893,-1589.64196131418,FALSE,FALSE,FALSE,"14,20,18,1,2,3,4,5,6,7,8,9,10,11,12,13","14","10,11,13,14,15,18,20","14,18,20","14,18,20"
36,17,0.962939802888892,0.0566435178169936,-1655.26712873727,-1583.61879106409,FALSE,FALSE,FALSE,"14,20,18,1,2,3,4,5,6,7,8,9,10,11,12,13,15","14","10,11,13,14,15,18,20","14,18,20","14,18,20"
36,18,0.9629493278019,0.0534971848778834,-1653.39565122189,-1577.53270545029,FALSE,FALSE,FALSE,"14,20,18,1,2,3,4,5,6,7,8,9,10,11,12,13,15,16","14","10,11,13,14,15,18,20","14,18,20","14,18,20"
36,19,0.962953403484667,0.0506817580781404,-1651.45065571587,-1571.37310184584,FALSE,FALSE,FALSE,"14,20,18,1,2,3,4,5,6,7,8,9,10,11,12,13,15,16,17","14","10,11,13,14,15,18,20","14,18,20","14,18,20"
36,20,0.962954001934238,0.0481477000967119,-1649.4587327656,-1565.16657079715,FALSE,FALSE,FALSE,"14,20,18,1,2,3,4,5,6,7,8,9,10,11,12,13,15,16,17,19","14","10,11,13,14,15,18,20","14,18,20","14,18,20"
37,1,0.698187116259789,0.698187116259789,15.0273934827019,19.2420015811241,TRUE,FALSE,FALSE,"3","19","3","3","3,19,20"
37,2,0.917781908278827,0.458890954139414,-633.188538171666,-624.759321974822,FALSE,FALSE,FALSE,"3,19","19","3,10","3,19","3,19,20"
37,3,0.985217083267589,0.32840569442253,-1489.14010443758,-1476.49628014232,FALSE,FALSE,TRUE,"3,19,20","19","3,10,11","3,19,20","3,19,20"
37,4,0.98529052564879,0.246322631412197,-1489.63032412858,-1472.7718917349,FALSE,FALSE,FALSE,"3,19,20,1","19","3,10,11,13","3,19,20","3,19,20"
37,5,0.985357955333594,0.197071591066719,-1489.92764316642,-1468.85460267431,FALSE,FALSE,FALSE,"3,19,20,1,2","19","3,10,11,13,19","3,19,20","3,19,20"
37,6,0.985430713989938,0.164238452331656,-1490.41841661365,-1465.13076802312,FALSE,TRUE,FALSE,"3,19,20,1,2,4","19","3,10,11,13,19,20","3,19,20","3,19,20"
37,7,0.985463927909088,0.14078056112987,-1489.55957878222,-1460.05732209327,FALSE,FALSE,FALSE,"3,19,20,1,2,4,5","19","3,10,11,13,19,20","3,19,20","3,19,20"
37,8,0.985492858387194,0.123186607298399,-1488.55569746147,-1454.83883267409,FALSE,FALSE,FALSE,"3,19,20,1,2,4,5,6","19","3,10,11,13,19,20","3,19,20","3,19,20"
37,9,0.9855124922186,0.109501388024289,-1487.23285117143,-1449.30137828563,FALSE,FALSE,FALSE,"3,19,20,1,2,4,5,6,7","19","3,10,11,13,19,20","3,19,20","3,19,20"
37,10,0.985528789430101,0.0985528789430101,-1485.7956251528,-1443.64954416858,FALSE,FALSE,FALSE,"3,19,20,1,2,4,5,6,7,8","19","3,10,11,13,19,20","3,19,20","3,19,20"
37,11,0.985544022855163,0.0895949111686512,-1484.32223792347,-1437.96154884083,FALSE,FALSE,FALSE,"3,19,20,1,2,4,5,6,7,8,9","19","3,10,11,13,19,20","3,19,20","3,19,20"
37,12,0.98555079177797,0.0821292326481641,-1482.55641469294,-1431.98111751187,FALSE,FALSE,FALSE,"3,19,20,1,2,4,5,6,7,8,9,10","19","3,10,11,13,19,20","3,19,20","3,19,20"
37,13,0.985555657520416,0.0758119736554166,-1480.72481706557,-1425.93491178608,FALSE,FALSE,FALSE,"3,19,20,1,2,4,5,6,7,8,9,10,11","19","3,10,11,13,19,20","3,19,20","3,19,20"
37,14,0.98556201888811,0.0703972870634365,-1478.94506831293,-1419.94055493502,FALSE,FALSE,FALSE,"3,19,20,1,2,4,5,6,7,8,9,10,11,12","19","3,10,11,13,19,20","3,19,20","3,19,20"
37,15,0.98556344113033,0.0657042294086886,-1476.99432423947,-1413.77520276314,FALSE,FALSE,FALSE,"3,19,20,1,2,4,5,6,7,8,9,10,11,12,13","19","3,10,11,13,19,20","3,19,20","3,19,20"
37,16,0.985564742315873,0.0615977963947421,-1475.03939191099,-1407.60566233623,FALSE,FALSE,FALSE,"3,19,20,1,2,4,5,6,7,8,9,10,11,12,13,14","19","3,10,11,13,19,20","3,19,20","3,19,20"
37,17,0.985566026659544,0.0579744721564438,-1473.08388023389,-1401.43554256071,FALSE,FALSE,FALSE,"3,19,20,1,2,4,5,6,7,8,9,10,11,12,13,14,15","19","3,10,11,13,19,20","3,19,20","3,19,20"
37,18,0.985566896923026,0.0547537164957237,-1471.11402750166,-1395.25108173006,FALSE,FALSE,FALSE,"3,19,20,1,2,4,5,6,7,8,9,10,11,12,13,14,15,16","19","3,10,11,13,19,20","3,19,20","3,19,20"
37,19,0.985567362660602,0.0518719664558212,-1469.13016211554,-1389.05260824552,FALSE,FALSE,FALSE,"3,19,20,1,2,4,5,6,7,8,9,10,11,12,13,14,15,16,17","19","3,10,11,13,19,20","3,19,20","3,19,20"
37,20,0.985567376664894,0.0492783688332447,-1467.1306472763,-1382.83848530786,FALSE,FALSE,FALSE,"3,19,20,1,2,4,5,6,7,8,9,10,11,12,13,14,15,16,17,18","19","3,10,11,13,19,20","3,19,20","3,19,20"
38,1,0.739235270446147,0.739235270446147,-160.327036938677,-156.112428840254,TRUE,FALSE,FALSE,"20","20","4","14","14,15,20"
38,2,0.925440259111377,0.462720129555689,-784.335980089183,-775.906763892339,FALSE,FALSE,FALSE,"20,14","20","4,6","14,15","14,15,20"
38,3,0.985385410427064,0.328461803475688,-1597.12616988263,-1584.48234558737,FALSE,FALSE,TRUE,"20,14,15","20","4,6,10","14,15,20","14,15,20"
38,4,0.985450747905738,0.246362686976435,-1597.36653275165,-1580.50810035796,FALSE,FALSE,FALSE,"20,14,15,1","20","4,6,10,11","14,15,20","14,15,20"
38,5,0.985550355044426,0.197110071008885,-1598.80140581767,-1577.72836532556,FALSE,FALSE,FALSE,"20,14,15,1,2","20","4,6,10,11,14","14,15,20","14,15,20"
38,6,0.985628289452346,0.164271381575391,-1599.50546315676,-1574.21781456622,FALSE,FALSE,FALSE,"20,14,15,1,2,3","20","4,6,10,11,14,15","14,15,20","14,15,20"
38,7,0.985681212174337,0.140811601739191,-1599.35007321985,-1569.8478165309,FALSE,FALSE,FALSE,"20,14,15,1,2,3,4","20","4,6,10,11,14,15,17","14,15,20","14,15,20"
38,8,0.985749746063439,0.12321871825793,-1599.74896433901,-1566.03209955163,FALSE,TRUE,FALSE,"20,14,15,1,2,3,4,5","20","4,6,10,11,14,15,17,20","14,15,20","14,15,20"
38,9,0.985787564623532,0.109531951624837,-1599.07767161375,-1561.14619872795,FALSE,FALSE,FALSE,"20,14,15,1,2,3,4,5,6","20","4,6,10,11,14,15,17,20","14,15,20","14,15,20"
38,10,0.98581313306587,0.098581313306587,-1597.97799124012,-1555.8319102559,FALSE,FALSE,FALSE,"20,14,15,1,2,3,4,5,6,7","20","4,6,10,11,14,15,17,20","14,15,20","14,15,20"
38,11,0.985854150149023,0.0896231045590021,-1597.42568551242,-1551.06499642978,FALSE,FALSE,FALSE,"20,14,15,1,2,3,4,5,6,7,8","20","4,6,10,11,14,15,17,20","14,15,20","14,15,20"
38,12,0.985890971098907,0.0821575809249089,-1596.72885764953,-1546.15356046846,FALSE,FALSE,FALSE,"20,14,15,1,2,3,4,5,6,7,8,9","20","4,6,10,11,14,15,17,20","14,15,20","14,15,20"
38,13,0.985902926656296,0.0758386866658689,-1595.15272189003,-1540.36281661054,FALSE,FALSE,FALSE,"20,14,15,1,2,3,4,5,6,7,8,9,10","20","4,6,10,11,14,15,17,20","14,15,20","14,15,20"
38,14,0.985910664364882,0.0704221903117773,-1593.42724103102,-1534.42272765311,FALSE,FALSE,FALSE,"20,14,15,1,2,3,4,5,6,7,8,9,10,11","20","4,6,10,11,14,15,17,20","14,15,20","14,15,20"
38,15,0.98591684073987,0.065727789382658,-1591.64647525611,-1528.42735377978,FALSE,FALSE,FALSE,"20,14,15,1,2,3,4,5,6,7,8,9,10,11,12","20","4,6,10,11,14,15,17,20","14,15,20","14,15,20"
38,16,0.985923805488996,0.0616202378430623,-1589.89380867592,-1522.46007910117,FALSE,FALSE,FALSE,"20,14,15,1,2,3,4,5,6,7,8,9,10,11,12,13","20","4,6,10,11,14,15,17,20","14,15,20","14,15,20"
38,17,0.985930392728368,0.0579959054546099,-1588.12784853534,-1516.47951086216,FALSE,FALSE,FALSE,"20,14,15,1,2,3,4,5,6,7,8,9,10,11,12,13,16","20","4,6,10,11,14,15,17,20","14,15,20","14,15,20"
38,18,0.98593133819724,0.05477396323318,-1586.16144935385,-1510.29850358225,FALSE,FALSE,FALSE,"20,14,15,1,2,3,4,5,6,7,8,9,10,11,12,13,16,17","20","4,6,10,11,14,15,17,20","14,15,20","14,15,20"
38,19,0.985933215911775,0.0518912218900934,-1584.22818775013,-1504.15063388011,FALSE,FALSE,FALSE,"20,14,15,1,2,3,4,5,6,7,8,9,10,11,12,13,16,17,18","20","4,6,10,11,14,15,17,20","14,15,20","14,15,20"
38,20,0.985933650316888,0.0492966825158444,-1582.2436287997,-1497.95146683126,FALSE,FALSE,FALSE,"20,14,15,1,2,3,4,5,6,7,8,9,10,11,12,13,16,17,18,19","20","4,6,10,11,14,15,17,20","14,15,20","14,15,20"
39,1,0.691324152657219,0.691324152657219,175.628064695376,179.842672793798,TRUE,FALSE,FALSE,"3","3","3","3","3,5,16"
39,2,0.855844885308481,0.42792244265424,-203.072826985127,-194.643610788283,FALSE,FALSE,FALSE,"3,5","3","3,5","3,5","3,5,16"
39,3,0.991482947390231,0.330494315796744,-1615.48260799286,-1602.8387836976,FALSE,FALSE,TRUE,"3,5,16","3","3,5,10","3,5,16","3,5,16"
39,4,0.991547779382248,0.247886944845562,-1617.30317865573,-1600.44474626204,FALSE,FALSE,FALSE,"3,5,16,1","3","3,5,10,11","3,5,16","3,5,16"
39,5,0.991587367887798,0.19831747357756,-1617.6505800175,-1596.57753952539,FALSE,FALSE,FALSE,"3,5,16,1,2","3","3,5,10,11,15","3,5,16","3,5,16"
39,6,0.991628226186287,0.165271371031048,-1618.08488596648,-1592.79723737594,FALSE,TRUE,FALSE,"3,5,16,1,2,4","3","3,5,10,11,15,16","3,5,16","3,5,16"
39,7,0.991645268478547,0.14166360978265,-1617.10376575135,-1587.6015090624,FALSE,FALSE,FALSE,"3,5,16,1,2,4,6","3","3,5,10,11,15,16","3,5,16","3,5,16"
39,8,0.991657845743832,0.123957230717979,-1615.8570360217,-1582.14017123432,FALSE,FALSE,FALSE,"3,5,16,1,2,4,6,7","3","3,5,10,11,15,16","3,5,16","3,5,16"
39,9,0.991670532030966,0.110185614670107,-1614.6179871404,-1576.6865142546,FALSE,FALSE,FALSE,"3,5,16,1,2,4,6,7,8","3","3,5,10,11,15,16","3,5,16","3,5,16"
39,10,0.991682011379869,0.0991682011379869,-1613.30754296896,-1571.16146198474,FALSE,FALSE,FALSE,"3,5,16,1,2,4,6,7,8,9","3","3,5,10,11,15,16","3,5,16","3,5,16"
39,11,0.991691047630948,0.0901537316028135,-1611.85101347114,-1565.4903243885,FALSE,FALSE,FALSE,"3,5,16,1,2,4,6,7,8,9,10","3","3,5,10,11,15,16","3,5,16","3,5,16"
39,12,0.991693989063856,0.0826411657553213,-1610.02804864629,-1559.45275146522,FALSE,FALSE,FALSE,"3,5,16,1,2,4,6,7,8,9,10,11","3","3,5,10,11,15,16","3,5,16","3,5,16"
39,13,0.99170085579069,0.0762846812146684,-1608.44157849078,-1553.65167321129,FALSE,FALSE,FALSE,"3,5,16,1,2,4,6,7,8,9,10,11,12","3","3,5,10,11,15,16","3,5,16","3,5,16"
39,14,0.991703233429293,0.0708359452449495,-1606.58484502499,-1547.58033164708,FALSE,FALSE,FALSE,"3,5,16,1,2,4,6,7,8,9,10,11,12,13","3","3,5,10,11,15,16","3,5,16","3,5,16"
39,15,0.991704718884247,0.0661136479256165,-1604.67437315231,-1541.45525167598,FALSE,FALSE,FALSE,"3,5,16,1,2,4,6,7,8,9,10,11,12,13,14","3","3,5,10,11,15,16","3,5,16","3,5,16"
39,16,0.99170599675456,0.06198162479716,-1602.75140301615,-1535.3176734414,FALSE,FALSE,FALSE,"3,5,16,1,2,4,6,7,8,9,10,11,12,13,14,15","3","3,5,10,11,15,16","3,5,16","3,5,16"
39,17,0.99170706181366,0.0583357095184506,-1600.81561371503,-1529.16727604185,FALSE,FALSE,FALSE,"3,5,16,1,2,4,6,7,8,9,10,11,12,13,14,15,17","3","3,5,10,11,15,16","3,5,16","3,5,16"
39,18,0.991707374176482,0.0550948541209157,-1598.83444713077,-1522.97150135917,FALSE,FALSE,FALSE,"3,5,16,1,2,4,6,7,8,9,10,11,12,13,14,15,17,18","3","3,5,10,11,15,16","3,5,16","3,5,16"
39,19,0.991707655086593,0.0521951397413996,-1596.85138476154,-1516.77383089152,FALSE,FALSE,FALSE,"3,5,16,1,2,4,6,7,8,9,10,11,12,13,14,15,17,18,19","3","3,5,10,11,15,16","3,5,16","3,5,16"
39,20,0.99170788685071,0.0495853943425355,-1594.86535953939,-1510.57319757095,FALSE,FALSE,FALSE,"3,5,16,1,2,4,6,7,8,9,10,11,12,13,14,15,17,18,19,20","3","3,5,10,11,15,16","3,5,16","3,5,16"
40,1,0.390061819155184,0.390061819155184,170.700914849905,174.915522948327,FALSE,FALSE,FALSE,"10","10","1","10","10,13,20"
40,2,0.83588074513843,0.417940372569215,-483.681226047948,-475.252009851103,FALSE,FALSE,FALSE,"10,20","10,13","1,7","10,13","10,13,20"
40,3,0.982645816502947,0.327548605500982,-1605.061089189,-1592.41726489373,TRUE,FALSE,FALSE,"10,20,13","10,13,20","1,7,8","10,13,15","10,13,20"
40,4,0.98290938938175,0.245727347345437,-1610.71327670068,-1593.85484430699,FALSE,FALSE,TRUE,"10,20,13,1","10,13,20","1,7,8,10","10,13,15,20","10,13,20"
40,5,0.982985460834244,0.196597092166849,-1610.9437779338,-1589.87073744169,FALSE,FALSE,FALSE,"10,20,13,1,2","10,13,20","1,7,8,10,13","10,13,15,20","10,13,20"
40,6,0.983063825984039,0.16384397099734,-1611.25198537993,-1585.9643367894,FALSE,FALSE,FALSE,"10,20,13,1,2,3","10,13,20","1,7,8,10,13,15","10,13,15,20","10,13,20"
40,7,0.983154424177616,0.140450632025374,-1611.93385980084,-1582.43160311188,FALSE,TRUE,FALSE,"10,20,13,1,2,3,4","10,13,20","1,7,8,10,13,15,20","10,13,15,20","10,13,20"
40,8,0.983214927823869,0.122901865977984,-1611.73292449715,-1578.01605970977,FALSE,FALSE,FALSE,"10,20,13,1,2,3,4,5","10,13,20","1,7,8,10,13,15,20","10,13,15,20","10,13,20"
40,9,0.983241500590137,0.109249055621126,-1610.52511121343,-1572.59363832763,FALSE,FALSE,FALSE,"10,20,13,1,2,3,4,5,6","10,13,20","1,7,8,10,13,15,20","10,13,15,20","10,13,20"
40,10,0.983291076376627,0.0983291076376628,-1610.00642702022,-1567.860346036,FALSE,FALSE,FALSE,"10,20,13,1,2,3,4,5,6,7","10,13,20","1,7,8,10,13,15,20","10,13,15,20","10,13,20"
40,11,0.98331365574224,0.0893921505220219,-1608.68255182731,-1562.32186274466,FALSE,FALSE,FALSE,"10,20,13,1,2,3,4,5,6,7,8","10,13,20","1,7,8,10,13,15,20","10,13,15,20","10,13,20"
40,12,0.983355719597274,0.0819463099664395,-1607.94457070014,-1557.36927351908,FALSE,FALSE,FALSE,"10,20,13,1,2,3,4,5,6,7,8,9","10,13,20","1,7,8,10,13,15,20","10,13,15,20","10,13,20"
40,13,0.983370272264904,0.0756438670973003,-1606.38192914816,-1551.59202386867,FALSE,FALSE,FALSE,"10,20,13,1,2,3,4,5,6,7,8,9,11","10,13,20","1,7,8,10,13,15,20","10,13,15,20","10,13,20"
40,14,0.983389411643218,0.0702421008316585,-1604.95771730782,-1545.95320392991,FALSE,FALSE,FALSE,"10,20,13,1,2,3,4,5,6,7,8,9,11,12","10,13,20","1,7,8,10,13,15,20","10,13,15,20","10,13,20"
40,15,0.983406068678328,0.0655604045785552,-1603.45936698286,-1540.24024550652,FALSE,FALSE,FALSE,"10,20,13,1,2,3,4,5,6,7,8,9,11,12,14","10,13,20","1,7,8,10,13,15,20","10,13,15,20","10,13,20"
40,16,0.983410277906676,0.0614631423691673,-1601.58621342494,-1534.15248385019,FALSE,FALSE,FALSE,"10,20,13,1,2,3,4,5,6,7,8,9,11,12,14,15","10,13,20","1,7,8,10,13,15,20","10,13,15,20","10,13,20"
40,17,0.983413148515352,0.0578478322656089,-1599.67273859536,-1528.02440092218,FALSE,FALSE,FALSE,"10,20,13,1,2,3,4,5,6,7,8,9,11,12,14,15,16","10,13,20","1,7,8,10,13,15,20","10,13,15,20","10,13,20"
40,18,0.983414156292503,0.0546341197940279,-1597.70311831414,-1521.84017254254,FALSE,FALSE,FALSE,"10,20,13,1,2,3,4,5,6,7,8,9,11,12,14,15,16,17","10,13,20","1,7,8,10,13,15,20","10,13,15,20","10,13,20"
40,19,0.983414870239688,0.0517586773810362,-1595.72464156507,-1515.64708769505,FALSE,FALSE,FALSE,"10,20,13,1,2,3,4,5,6,7,8,9,11,12,14,15,16,17,18","10,13,20","1,7,8,10,13,15,20","10,13,15,20","10,13,20"
40,20,0.983415181811115,0.0491707590905557,-1593.73403474914,-1509.4418727807,FALSE,FALSE,FALSE,"10,20,13,1,2,3,4,5,6,7,8,9,11,12,14,15,16,17,18,19","10,13,20","1,7,8,10,13,15,20","10,13,15,20","10,13,20"
41,1,0.643745220312374,0.643745220312374,-218.466590433692,-214.25198233527,TRUE,FALSE,FALSE,"2","13","1","1","1,2,13"
41,2,0.915130507470217,0.457565253735108,-933.732317223168,-925.303101026323,FALSE,FALSE,FALSE,"2,13","13","1,2","1,2","1,2,13"
41,3,0.978606228759336,0.326202076253112,-1620.73975644353,-1608.09593214826,FALSE,FALSE,TRUE,"2,13,1","13","1,2,7","1,2,13","1,2,13"
41,4,0.978827594588469,0.244706898647117,-1623.9403133695,-1607.08188097581,FALSE,FALSE,FALSE,"2,13,1,3","13","1,2,7,12","1,2,13","1,2,13"
41,5,0.979030516316101,0.19580610326322,-1626.75555303568,-1605.68251254356,FALSE,FALSE,FALSE,"2,13,1,3,4","13","1,2,7,12,13","1,2,13","1,2,13"
41,6,0.979149271880607,0.163191545313434,-1627.59522979938,-1602.30758120884,FALSE,FALSE,FALSE,"2,13,1,3,4,5","13","1,2,7,12,13,15","1,2,13","1,2,13"
41,7,0.979252650689382,0.139893235812769,-1628.08041728856,-1598.57816059961,FALSE,TRUE,FALSE,"2,13,1,3,4,5,6","13","1,2,7,12,13,15,17","1,2,13","1,2,13"
41,8,0.979313738273681,0.12241421728421,-1627.55476690551,-1593.83790211813,FALSE,FALSE,FALSE,"2,13,1,3,4,5,6,7","13","1,2,7,12,13,15,17","1,2,13","1,2,13"
41,9,0.979349543967612,0.108816615996401,-1626.42096298558,-1588.48949009978,FALSE,FALSE,FALSE,"2,13,1,3,4,5,6,7,8","13","1,2,7,12,13,15,17","1,2,13","1,2,13"
41,10,0.979375386826788,0.0979375386826788,-1625.04707611031,-1582.90099512609,FALSE,FALSE,FALSE,"2,13,1,3,4,5,6,7,8,9","13","1,2,7,12,13,15,17","1,2,13","1,2,13"
41,11,0.97940578182741,0.0890368892570373,-1623.78448193039,-1577.42379284774,FALSE,FALSE,FALSE,"2,13,1,3,4,5,6,7,8,9,10","13","1,2,7,12,13,15,17","1,2,13","1,2,13"
41,12,0.979440561970957,0.0816200468309131,-1622.62961101581,-1572.05431383474,FALSE,FALSE,FALSE,"2,13,1,3,4,5,6,7,8,9,10,11","13","1,2,7,12,13,15,17","1,2,13","1,2,13"
41,13,0.979467059066979,0.0753436199282291,-1621.27442887166,-1566.48452359217,FALSE,FALSE,FALSE,"2,13,1,3,4,5,6,7,8,9,10,11,12","13","1,2,7,12,13,15,17","1,2,13","1,2,13"
41,14,0.979480037558766,0.0699628598256262,-1619.5905695378,-1560.58605615989,FALSE,FALSE,FALSE,"2,13,1,3,4,5,6,7,8,9,10,11,12,14","13","1,2,7,12,13,15,17","1,2,13","1,2,13"
41,15,0.979501302346443,0.0653000868230962,-1618.10898699787,-1554.88986552154,FALSE,FALSE,FALSE,"2,13,1,3,4,5,6,7,8,9,10,11,12,14,15","13","1,2,7,12,13,15,17","1,2,13","1,2,13"
41,16,0.979513354230579,0.0612195846394112,-1616.40304051741,-1548.96931094265,FALSE,FALSE,FALSE,"2,13,1,3,4,5,6,7,8,9,10,11,12,14,15,16","13","1,2,7,12,13,15,17","1,2,13","1,2,13"
41,17,0.97951851870494,0.0576187363944082,-1614.52910130559,-1542.88076363241,FALSE,FALSE,FALSE,"2,13,1,3,4,5,6,7,8,9,10,11,12,14,15,16,17","13","1,2,7,12,13,15,17","1,2,13","1,2,13"
41,18,0.979521005195474,0.0544178336219708,-1612.58980593537,-1536.72686016377,FALSE,FALSE,FALSE,"2,13,1,3,4,5,6,7,8,9,10,11,12,14,15,16,17,18","13","1,2,7,12,13,15,17","1,2,13","1,2,13"
41,19,0.97952158184771,0.051553767465669,-1610.60388524838,-1530.52633137835,FALSE,FALSE,FALSE,"2,13,1,3,4,5,6,7,8,9,10,11,12,14,15,16,17,18,19","13","1,2,7,12,13,15,17","1,2,13","1,2,13"
41,20,0.979521679837314,0.0489760839918657,-1608.60627776319,-1524.31411579475,FALSE,FALSE,FALSE,"2,13,1,3,4,5,6,7,8,9,10,11,12,14,15,16,17,18,19,20","13","1,2,7,12,13,15,17","1,2,13","1,2,13"
42,1,0.321453222428595,0.321453222428595,77.3574414069112,81.5720495053334,FALSE,FALSE,FALSE,"9","4","2","4","4,9,19"
42,2,0.706096890946624,0.353048445473312,-338.994192365802,-330.564976168958,FALSE,FALSE,FALSE,"9,4","4,9","2,4","4,9","4,9,19"
42,3,0.976461910476864,0.325487303492288,-1599.30929845843,-1586.66547416317,TRUE,FALSE,TRUE,"9,4,19","4,9,19","2,4,6","4,9,19","4,9,19"
42,4,0.976607813110293,0.244151953277573,-1600.41823185184,-1583.55979945815,FALSE,FALSE,FALSE,"9,4,19,1","4,9,19","2,4,6,9","4,9,19","4,9,19"
42,5,0.976738900164749,0.19534778003295,-1601.22805316647,-1580.15501267436,FALSE,FALSE,FALSE,"9,4,19,1,2","4,9,19","2,4,6,9,11","4,9,19","4,9,19"
42,6,0.976862444158839,0.162810407359806,-1601.89072268256,-1576.60307409202,FALSE,TRUE,FALSE,"9,4,19,1,2,3","4,9,19","2,4,6,9,11,19","4,9,19","4,9,19"
42,7,0.976910033168116,0.139558576166874,-1600.92017490792,-1571.41791821896,FALSE,FALSE,FALSE,"9,4,19,1,2,3,5","4,9,19","2,4,6,9,11,19","4,9,19","4,9,19"
42,8,0.976955709761528,0.122119463720191,-1599.91025497504,-1566.19339018767,FALSE,FALSE,FALSE,"9,4,19,1,2,3,5,6","4,9,19","2,4,6,9,11,19","4,9,19","4,9,19"
42,9,0.976997461775319,0.108555273530591,-1598.81698463758,-1560.88551175178,FALSE,FALSE,FALSE,"9,4,19,1,2,3,5,6,7","4,9,19","2,4,6,9,11,19","4,9,19","4,9,19"
42,10,0.9770421559862,0.09770421559862,-1597.78943575292,-1555.64335476869,FALSE,FALSE,FALSE,"9,4,19,1,2,3,5,6,7,8","4,9,19","2,4,6,9,11,19","4,9,19","4,9,19"
42,11,0.977076288532868,0.0888251171393516,-1596.53336329868,-1550.17267421603,FALSE,FALSE,FALSE,"9,4,19,1,2,3,5,6,7,8,10","4,9,19","2,4,6,9,11,19","4,9,19","4,9,19"
42,12,0.977105438794748,0.0814254532328956,-1595.16957815604,-1544.59428097497,FALSE,FALSE,FALSE,"9,4,19,1,2,3,5,6,7,8,10,11","4,9,19","2,4,6,9,11,19","4,9,19","4,9,19"
42,13,0.977125056744941,0.075163465903457,-1593.59820310242,-1538.80829782293,FALSE,FALSE,FALSE,"9,4,19,1,2,3,5,6,7,8,10,11,12","4,9,19","2,4,6,9,11,19","4,9,19","4,9,19"
42,14,0.977136706441346,0.0697954790315247,-1591.8529067698,-1532.84839339189,FALSE,FALSE,FALSE,"9,4,19,1,2,3,5,6,7,8,10,11,12,13","4,9,19","2,4,6,9,11,19","4,9,19","4,9,19"
42,15,0.977142628470482,0.0651428418980321,-1589.98243308264,-1526.76331160631,FALSE,FALSE,FALSE,"9,4,19,1,2,3,5,6,7,8,10,11,12,13,14","4,9,19","2,4,6,9,11,19","4,9,19","4,9,19"
42,16,0.977145867774618,0.0610716167359136,-1588.0532971732,-1520.61956759845,FALSE,FALSE,FALSE,"9,4,19,1,2,3,5,6,7,8,10,11,12,13,14,15","4,9,19","2,4,6,9,11,19","4,9,19","4,9,19"
42,17,0.977147586660231,0.057479269803543,-1586.09090416346,-1514.44256649029,FALSE,FALSE,FALSE,"9,4,19,1,2,3,5,6,7,8,10,11,12,13,14,15,16","4,9,19","2,4,6,9,11,19","4,9,19","4,9,19"
42,18,0.977148997297591,0.0542860554054217,-1584.12176919461,-1508.25882342301,FALSE,FALSE,FALSE,"9,4,19,1,2,3,5,6,7,8,10,11,12,13,14,15,16,17","4,9,19","2,4,6,9,11,19","4,9,19","4,9,19"
42,19,0.977149726297375,0.0514289329630197,-1582.13772060433,-1502.06016673431,FALSE,FALSE,FALSE,"9,4,19,1,2,3,5,6,7,8,10,11,12,13,14,15,16,17,18","4,9,19","2,4,6,9,11,19","4,9,19","4,9,19"
42,20,0.977149796541419,0.048857489827071,-1580.13925765708,-1495.84709568864,FALSE,FALSE,FALSE,"9,4,19,1,2,3,5,6,7,8,10,11,12,13,14,15,16,17,18,20","4,9,19","2,4,6,9,11,19","4,9,19","4,9,19"
43,1,0.473608261416211,0.473608261416211,358.936827151769,363.151435250191,FALSE,FALSE,FALSE,"17","4","4","4","4,10,17"
43,2,0.84759574329349,0.423797871646745,-258.817728698561,-250.388512501717,FALSE,FALSE,FALSE,"17,4","4,10","4,8","4,8","4,10,17"
43,3,0.98879522385286,0.329598407950953,-1561.91595114754,-1549.27212685228,TRUE,FALSE,FALSE,"17,4,10","4,10,17","4,8,10","4,8,10","4,10,17"
43,4,0.98896547938031,0.247241369845077,-1567.57171722193,-1550.71328482824,FALSE,TRUE,TRUE,"17,4,10,1","4,10,17","4,8,10,17","4,8,10,17","4,10,17"
43,5,0.989000329481653,0.19780006589633,-1567.1533559662,-1546.08031547409,FALSE,FALSE,FALSE,"17,4,10,1,2","4,10,17","4,8,10,17","4,8,10,17","4,10,17"
43,6,0.98902020626189,0.164836701043648,-1566.05769036779,-1540.77004177726,FALSE,FALSE,FALSE,"17,4,10,1,2,3","4,10,17","4,8,10,17","4,8,10,17","4,10,17"
43,7,0.989030485406172,0.141290069343739,-1564.52600330406,-1535.0237466151,FALSE,FALSE,FALSE,"17,4,10,1,2,3,5","4,10,17","4,8,10,17","4,8,10,17","4,10,17"
43,8,0.989044041198654,0.123630505149832,-1563.1442701923,-1529.42740540493,FALSE,FALSE,FALSE,"17,4,10,1,2,3,5,6","4,10,17","4,8,10,17","4,8,10,17","4,10,17"
43,9,0.989053128270339,0.109894792030038,-1561.55915137367,-1523.62767848787,FALSE,FALSE,FALSE,"17,4,10,1,2,3,5,6,7","4,10,17","4,8,10,17","4,8,10,17","4,10,17"
43,10,0.989060241557057,0.0989060241557057,-1559.88415741217,-1517.73807642795,FALSE,FALSE,FALSE,"17,4,10,1,2,3,5,6,7,8","4,10,17","4,8,10,17","4,8,10,17","4,10,17"
43,11,0.989071760331839,0.0899156145756217,-1558.41089862499,-1512.05020954235,FALSE,FALSE,FALSE,"17,4,10,1,2,3,5,6,7,8,9","4,10,17","4,8,10,17","4,8,10,17","4,10,17"
43,12,0.989080793956557,0.0824233994963798,-1556.82438518781,-1506.24908800675,FALSE,FALSE,FALSE,"17,4,10,1,2,3,5,6,7,8,9,11","4,10,17","4,8,10,17","4,8,10,17","4,10,17"
43,13,0.989086801311922,0.076083600100917,-1555.09954294481,-1500.30963766532,FALSE,FALSE,FALSE,"17,4,10,1,2,3,5,6,7,8,9,11,12","4,10,17","4,8,10,17","4,8,10,17","4,10,17"
43,14,0.98908938366853,0.0706492416906093,-1553.21787040583,-1494.21335702792,FALSE,FALSE,FALSE,"17,4,10,1,2,3,5,6,7,8,9,11,12,13","4,10,17","4,8,10,17","4,8,10,17","4,10,17"
43,15,0.989095312134722,0.0659396874756482,-1551.48962762197,-1488.27050614564,FALSE,FALSE,FALSE,"17,4,10,1,2,3,5,6,7,8,9,11,12,13,14","4,10,17","4,8,10,17","4,8,10,17","4,10,17"
43,16,0.989098026972786,0.0618186266857992,-1549.61412343963,-1482.18039386487,FALSE,FALSE,FALSE,"17,4,10,1,2,3,5,6,7,8,9,11,12,13,14,15","4,10,17","4,8,10,17","4,8,10,17","4,10,17"
43,17,0.989098746624575,0.0581822792132103,-1547.6471301046,-1475.99879243142,FALSE,FALSE,FALSE,"17,4,10,1,2,3,5,6,7,8,9,11,12,13,14,15,16","4,10,17","4,8,10,17","4,8,10,17","4,10,17"
43,18,0.989100251070203,0.0549500139483446,-1545.71613819922,-1469.85319242762,FALSE,FALSE,FALSE,"17,4,10,1,2,3,5,6,7,8,9,11,12,13,14,15,16,18","4,10,17","4,8,10,17","4,8,10,17","4,10,17"
43,19,0.989100922969328,0.0520579433141751,-1543.74696091996,-1463.66940704994,FALSE,FALSE,FALSE,"17,4,10,1,2,3,5,6,7,8,9,11,12,13,14,15,16,18,19","4,10,17","4,8,10,17","4,8,10,17","4,10,17"
43,20,0.989100970410185,0.0494550485205093,-1541.74913729511,-1457.45697532667,FALSE,FALSE,FALSE,"17,4,10,1,2,3,5,6,7,8,9,11,12,13,14,15,16,18,19,20","4,10,17","4,8,10,17","4,8,10,17","4,10,17"
44,1,0.483447094324735,0.483447094324735,302.566723513928,306.78133161235,FALSE,FALSE,FALSE,"15","1","1","1","1,3,15"
44,2,0.941247138610622,0.470623569305311,-782.352205535646,-773.922989338801,TRUE,FALSE,FALSE,"15,1","1,15","1,3","1,3","1,3,15"
44,3,0.989278094606703,0.329759364868901,-1630.87769282456,-1618.23386852929,FALSE,FALSE,FALSE,"15,1,3","1,15","1,3,4","1,3,15","1,3,15"
44,4,0.98943623550453,0.247359058876132,-1636.30728317207,-1619.44885077838,FALSE,FALSE,TRUE,"15,1,3,2","1,15","1,3,4,13","1,3,15,16","1,3,15"
44,5,0.989494681738357,0.197898936347671,-1637.08131868281,-1616.0082781907,FALSE,FALSE,FALSE,"15,1,3,2,4","1,15","1,3,4,13,14","1,3,15,16","1,3,15"
44,6,0.989600630008502,0.16493343833475,-1640.14952041887,-1614.86187182834,FALSE,FALSE,FALSE,"15,1,3,2,4,5","1,15","1,3,4,13,14,15","1,3,15,16","1,3,15"
44,7,0.989667969883049,0.141381138554721,-1641.39773863024,-1611.89548194129,FALSE,TRUE,FALSE,"15,1,3,2,4,5,6","1,15","1,3,4,13,14,15,16","1,3,15,16","1,3,15"
44,8,0.989690748766616,0.123711343595827,-1640.50129864802,-1606.78443386064,FALSE,FALSE,FALSE,"15,1,3,2,4,5,6,7","1,15","1,3,4,13,14,15,16","1,3,15,16","1,3,15"
44,9,0.989734291566177,0.109970476840686,-1640.61760241101,-1602.68612952521,FALSE,FALSE,FALSE,"15,1,3,2,4,5,6,7,8","1,15","1,3,4,13,14,15,16","1,3,15,16","1,3,15"
44,10,0.989750647879599,0.0989750647879599,-1639.4148857943,-1597.26880481008,FALSE,FALSE,FALSE,"15,1,3,2,4,5,6,7,8,9","1,15","1,3,4,13,14,15,16","1,3,15,16","1,3,15"
44,11,0.989770620266133,0.0899791472969212,-1638.3901606799,-1592.02947159726,FALSE,FALSE,FALSE,"15,1,3,2,4,5,6,7,8,9,10","1,15","1,3,4,13,14,15,16","1,3,15,16","1,3,15"
44,12,0.989784980273231,0.0824820816894359,-1637.09255399243,-1586.51725681136,FALSE,FALSE,FALSE,"15,1,3,2,4,5,6,7,8,9,10,11","1,15","1,3,4,13,14,15,16","1,3,15,16","1,3,15"
44,13,0.989800948962025,0.0761385345355404,-1635.87479347006,-1581.08488819057,FALSE,FALSE,FALSE,"15,1,3,2,4,5,6,7,8,9,10,11,12","1,15","1,3,4,13,14,15,16","1,3,15,16","1,3,15"
44,14,0.989807871383944,0.0707005622417103,-1634.21427467233,-1575.20976129442,FALSE,FALSE,FALSE,"15,1,3,2,4,5,6,7,8,9,10,11,12,13","1,15","1,3,4,13,14,15,16","1,3,15,16","1,3,15"
44,15,0.989810451298574,0.0659873634199049,-1632.34085476696,-1569.12173329063,FALSE,FALSE,FALSE,"15,1,3,2,4,5,6,7,8,9,10,11,12,13,14","1,15","1,3,4,13,14,15,16","1,3,15,16","1,3,15"
44,16,0.989813019162134,0.0618633136976334,-1630.46687542072,-1563.03314584596,FALSE,FALSE,FALSE,"15,1,3,2,4,5,6,7,8,9,10,11,12,13,14,16","1,15","1,3,4,13,14,15,16","1,3,15,16","1,3,15"
44,17,0.989814301829956,0.0582243706958798,-1628.52983561477,-1556.8814979416,FALSE,FALSE,FALSE,"15,1,3,2,4,5,6,7,8,9,10,11,12,13,14,16,17","1,15","1,3,4,13,14,15,16","1,3,15,16","1,3,15"
44,18,0.989814806935381,0.0549897114964101,-1626.55463106527,-1550.69168529367,FALSE,FALSE,FALSE,"15,1,3,2,4,5,6,7,8,9,10,11,12,13,14,16,17,18","1,15","1,3,4,13,14,15,16","1,3,15,16","1,3,15"
44,19,0.989814939322889,0.0520955231222573,-1624.56113012557,-1544.48357625555,FALSE,FALSE,FALSE,"15,1,3,2,4,5,6,7,8,9,10,11,12,13,14,16,17,18,19","1,15","1,3,4,13,14,15,16","1,3,15,16","1,3,15"
44,20,0.989814944057973,0.0494907472028986,-1622.56136257805,-1538.26920060961,FALSE,FALSE,FALSE,"15,1,3,2,4,5,6,7,8,9,10,11,12,13,14,16,17,18,19,20","1,15","1,3,4,13,14,15,16","1,3,15,16","1,3,15"
45,1,0.418074751815126,0.418074751815126,117.273763953509,121.488372051931,FALSE,FALSE,FALSE,"4","4","3","4","4,14,17"
45,2,0.854243112539715,0.427121556269857,-572.927196307116,-564.497980110272,FALSE,FALSE,FALSE,"4,17","4,14","3,4","4,14","4,14,17"
45,3,0.981072593535866,0.327024197845289,-1591.59176142227,-1578.94793712701,TRUE,FALSE,TRUE,"4,17,14","4,14,17","3,4,14","4,14,17","4,14,17"
45,4,0.981202426332842,0.245300606583211,-1593.03333539057,-1576.17490299688,FALSE,FALSE,FALSE,"4,17,14,1","4,14,17","3,4,14,16","4,14,17","4,14,17"
45,5,0.981296824697505,0.196259364939501,-1593.55058015611,-1572.477539664,FALSE,TRUE,FALSE,"4,17,14,1,2","4,14,17","3,4,14,16,17","4,14,17","4,14,17"
45,6,0.981364521185968,0.163560753530995,-1593.3636225445,-1568.07597395397,FALSE,FALSE,FALSE,"4,17,14,1,2,3","4,14,17","3,4,14,16,17","4,14,17","4,14,17"
45,7,0.981421307302334,0.140203043900333,-1592.88955092431,-1563.38729423536,FALSE,FALSE,FALSE,"4,17,14,1,2,3,5","4,14,17","3,4,14,16,17","4,14,17","4,14,17"
45,8,0.981444179206442,0.122680522400805,-1591.50547139424,-1557.78860660686,FALSE,FALSE,FALSE,"4,17,14,1,2,3,5,6","4,14,17","3,4,14,16,17","4,14,17","4,14,17"
45,9,0.981497923372089,0.109055324819121,-1590.95574804419,-1553.02427515839,FALSE,FALSE,FALSE,"4,17,14,1,2,3,5,6,7","4,14,17","3,4,14,16,17","4,14,17","4,14,17"
45,10,0.98152437964431,0.098152437964431,-1589.67121382205,-1547.52513283783,FALSE,FALSE,FALSE,"4,17,14,1,2,3,5,6,7,8","4,14,17","3,4,14,16,17","4,14,17","4,14,17"
45,11,0.981548717622534,0.0892317016020486,-1588.33029920282,-1541.96961012018,FALSE,FALSE,FALSE,"4,17,14,1,2,3,5,6,7,8,9","4,14,17","3,4,14,16,17","4,14,17","4,14,17"
45,12,0.981570560175245,0.0817975466812704,-1586.92254778039,-1536.34725059933,FALSE,FALSE,FALSE,"4,17,14,1,2,3,5,6,7,8,9,10","4,14,17","3,4,14,16,17","4,14,17","4,14,17"
45,13,0.981574600601915,0.0755057385078396,-1585.03217861236,-1530.24227333287,FALSE,FALSE,FALSE,"4,17,14,1,2,3,5,6,7,8,9,10,11","4,14,17","3,4,14,16,17","4,14,17","4,14,17"
45,14,0.981578618831044,0.0701127584879317,-1583.14123099315,-1524.13671761524,FALSE,FALSE,FALSE,"4,17,14,1,2,3,5,6,7,8,9,10,11,12","4,14,17","3,4,14,16,17","4,14,17","4,14,17"
45,15,0.981581798491302,0.0654387865660868,-1581.22754196724,-1518.0084204909,FALSE,FALSE,FALSE,"4,17,14,1,2,3,5,6,7,8,9,10,11,12,13","4,14,17","3,4,14,16,17","4,14,17","4,14,17"
45,16,0.9815836796828,0.061348979980175,-1579.27861339172,-1511.84488381696,FALSE,FALSE,FALSE,"4,17,14,1,2,3,5,6,7,8,9,10,11,12,13,15","4,14,17","3,4,14,16,17","4,14,17","4,14,17"
45,17,0.981584565544523,0.0577402685614425,-1577.30266496702,-1505.65432729384,FALSE,FALSE,FALSE,"4,17,14,1,2,3,5,6,7,8,9,10,11,12,13,15,16","4,14,17","3,4,14,16,17","4,14,17","4,14,17"
45,18,0.981585509069434,0.0545325282816352,-1575.32828339827,-1499.46533762667,FALSE,FALSE,FALSE,"4,17,14,1,2,3,5,6,7,8,9,10,11,12,13,15,16,18","4,14,17","3,4,14,16,17","4,14,17","4,14,17"
45,19,0.981586031403754,0.0516624227054607,-1573.34246629721,-1493.26491242718,FALSE,FALSE,FALSE,"4,17,14,1,2,3,5,6,7,8,9,10,11,12,13,15,16,18,19","4,14,17","3,4,14,16,17","4,14,17","4,14,17"
45,20,0.981586041077453,0.0490793020538727,-1571.34272897013,-1487.05056700168,FALSE,FALSE,FALSE,"4,17,14,1,2,3,5,6,7,8,9,10,11,12,13,15,16,18,19,20","4,14,17","3,4,14,16,17","4,14,17","4,14,17"
46,1,0.247387687030902,0.247387687030902,-28.6090399952049,-24.3944318967827,FALSE,FALSE,FALSE,"7","2","2","2","2,7,12"
46,2,0.713159719006304,0.356579859503152,-508.921384979625,-500.49216878278,FALSE,FALSE,FALSE,"7,12","2,7","2,7","2,7","2,7,12"
46,3,0.965816087075037,0.321938695691679,-1570.50658374916,-1557.86275945389,TRUE,TRUE,TRUE,"7,12,2","2,7,12","2,7,12","2,7,12","2,7,12"
46,4,0.965906877862884,0.241476719465721,-1569.83632575212,-1552.97789335843,FALSE,FALSE,FALSE,"7,12,2,1","2,7,12","2,7,12","2,7,12","2,7,12"
46,5,0.96602030838522,0.193204061677044,-1569.50263894041,-1548.4295984483,FALSE,FALSE,FALSE,"7,12,2,1,3","2,7,12","2,7,12","2,7,12","2,7,12"
46,6,0.966118694568958,0.16101978242816,-1568.95245926367,-1543.66481067313,FALSE,FALSE,FALSE,"7,12,2,1,3,4","2,7,12","2,7,12","2,7,12","2,7,12"
46,7,0.966218363789478,0.138031194827068,-1568.42548556418,-1538.92322887523,FALSE,FALSE,FALSE,"7,12,2,1,3,4,5","2,7,12","2,7,12","2,7,12","2,7,12"
46,8,0.966291504093278,0.12078643801166,-1567.50920447447,-1533.79233968709,FALSE,FALSE,FALSE,"7,12,2,1,3,4,5,6","2,7,12","2,7,12","2,7,12","2,7,12"
46,9,0.966327860229984,0.107369762247776,-1566.04876810233,-1528.11729521654,FALSE,FALSE,FALSE,"7,12,2,1,3,4,5,6,8","2,7,12","2,7,12","2,7,12","2,7,12"
46,10,0.966358461608932,0.0966358461608932,-1564.50337676274,-1522.35729577852,FALSE,FALSE,FALSE,"7,12,2,1,3,4,5,6,8,9","2,7,12","2,7,12","2,7,12","2,7,12"
46,11,0.966378652625963,0.0878526047841785,-1562.80355742565,-1516.442868343,FALSE,FALSE,FALSE,"7,12,2,1,3,4,5,6,8,9,10","2,7,12","2,7,12","2,7,12","2,7,12"
46,12,0.9663935090375,0.0805327924197917,-1561.024543436,-1510.44924625494,FALSE,FALSE,FALSE,"7,12,2,1,3,4,5,6,8,9,10,11","2,7,12","2,7,12","2,7,12","2,7,12"
46,13,0.966410751353081,0.0743392885656216,-1559.28114178672,-1504.49123650723,FALSE,FALSE,FALSE,"7,12,2,1,3,4,5,6,8,9,10,11,13","2,7,12","2,7,12","2,7,12","2,7,12"
46,14,0.966424230137902,0.0690303021527073,-1557.4818234109,-1498.47731003299,FALSE,FALSE,FALSE,"7,12,2,1,3,4,5,6,8,9,10,11,13,14","2,7,12","2,7,12","2,7,12","2,7,12"
46,15,0.966441086287469,0.064429405752498,-1555.7329030172,-1492.51378154087,FALSE,FALSE,FALSE,"7,12,2,1,3,4,5,6,8,9,10,11,13,14,15","2,7,12","2,7,12","2,7,12","2,7,12"
46,16,0.966453540237275,0.0604033462648297,-1553.91849098585,-1486.48476141109,FALSE,FALSE,FALSE,"7,12,2,1,3,4,5,6,8,9,10,11,13,14,15,16","2,7,12","2,7,12","2,7,12","2,7,12"
46,17,0.966461749467063,0.0568506911451214,-1552.0408620864,-1480.39252441322,FALSE,FALSE,FALSE,"7,12,2,1,3,4,5,6,8,9,10,11,13,14,15,16,17","2,7,12","2,7,12","2,7,12","2,7,12"
46,18,0.966466288983704,0.0536925716102058,-1550.10854337294,-1474.24559760134,FALSE,FALSE,FALSE,"7,12,2,1,3,4,5,6,8,9,10,11,13,14,15,16,17,18","2,7,12","2,7,12","2,7,12","2,7,12"
46,19,0.966466856487971,0.0508666766572616,-1548.11700514247,-1468.03945127245,FALSE,FALSE,FALSE,"7,12,2,1,3,4,5,6,8,9,10,11,13,14,15,16,17,18,19","2,7,12","2,7,12","2,7,12","2,7,12"
46,20,0.966467288869511,0.0483233644434756,-1546.1234522614,-1461.83129029295,FALSE,FALSE,FALSE,"7,12,2,1,3,4,5,6,8,9,10,11,13,14,15,16,17,18,19,20","2,7,12","2,7,12","2,7,12","2,7,12"
47,1,0.764012575537794,0.764012575537794,-168.828101299929,-164.613493201507,TRUE,FALSE,FALSE,"18","18","7","13","13,14,18"
47,2,0.817000223188917,0.408500111594458,-293.974893399753,-285.545677202909,FALSE,FALSE,FALSE,"18,13","18","7,13","13,14","13,14,18"
47,3,0.986777857986742,0.328925952662247,-1605.77093524795,-1593.12711095269,FALSE,FALSE,TRUE,"18,13,14","18","7,13,14","13,14,18","13,14,18"
47,4,0.986860374857451,0.246715093714363,-1606.9011176717,-1590.04268527801,FALSE,FALSE,FALSE,"18,13,14,1","18","7,13,14,16","13,14,18","13,14,18"
47,5,0.98692691628019,0.197385383256038,-1607.43964072254,-1586.36660023043,FALSE,FALSE,FALSE,"18,13,14,1,2","18","7,13,14,16,17","13,14,18","13,14,18"
47,6,0.986979421467772,0.164496570244629,-1607.45182505822,-1582.16417646769,FALSE,TRUE,FALSE,"18,13,14,1,2,3","18","7,13,14,16,17,18","13,14,18","13,14,18"
47,7,0.987016977469165,0.141002425352738,-1606.89608762075,-1577.3938309318,FALSE,FALSE,FALSE,"18,13,14,1,2,3,4","18","7,13,14,16,17,18","13,14,18","13,14,18"
47,8,0.98705216209919,0.123381520262399,-1606.2529516442,-1572.53608685683,FALSE,FALSE,FALSE,"18,13,14,1,2,3,4,5","18","7,13,14,16,17,18","13,14,18","13,14,18"
47,9,0.98706868272015,0.109674298080017,-1604.89132732105,-1566.95985443525,FALSE,FALSE,FALSE,"18,13,14,1,2,3,4,5,6","18","7,13,14,16,17,18","13,14,18","13,14,18"
47,10,0.987083858505383,0.0987083858505383,-1603.47845610262,-1561.3323751184,FALSE,FALSE,FALSE,"18,13,14,1,2,3,4,5,6,7","18","7,13,14,16,17,18","13,14,18","13,14,18"
47,11,0.987095094571119,0.0897359176882835,-1601.91360756947,-1555.55291848683,FALSE,FALSE,FALSE,"18,13,14,1,2,3,4,5,6,7,8","18","7,13,14,16,17,18","13,14,18","13,14,18"
47,12,0.987104540491022,0.0822587117075852,-1600.27972333368,-1549.70442615261,FALSE,FALSE,FALSE,"18,13,14,1,2,3,4,5,6,7,8,9","18","7,13,14,16,17,18","13,14,18","13,14,18"
47,13,0.987115212945753,0.0759319394573656,-1598.69370135029,-1543.9037960708,FALSE,FALSE,FALSE,"18,13,14,1,2,3,4,5,6,7,8,9,10","18","7,13,14,16,17,18","13,14,18","13,14,18"
47,14,0.987121804529448,0.070508700323532,-1596.94955619289,-1537.94504281498,FALSE,FALSE,FALSE,"18,13,14,1,2,3,4,5,6,7,8,9,10,11","18","7,13,14,16,17,18","13,14,18","13,14,18"
47,15,0.98712884935146,0.065808589956764,-1595.22314846803,-1532.00402699169,FALSE,FALSE,FALSE,"18,13,14,1,2,3,4,5,6,7,8,9,10,11,12","18","7,13,14,16,17,18","13,14,18","13,14,18"
47,16,0.987136226604328,0.0616960141627705,-1593.50981156668,-1526.07608199193,FALSE,FALSE,FALSE,"18,13,14,1,2,3,4,5,6,7,8,9,10,11,12,15","18","7,13,14,16,17,18","13,14,18","13,14,18"
47,17,0.987138845418046,0.0580669909069439,-1591.61161219095,-1519.96327451777,FALSE,FALSE,FALSE,"18,13,14,1,2,3,4,5,6,7,8,9,10,11,12,15,16","18","7,13,14,16,17,18","13,14,18","13,14,18"
47,18,0.987140292156101,0.0548411273420056,-1589.66785984051,-1513.80491406891,FALSE,FALSE,FALSE,"18,13,14,1,2,3,4,5,6,7,8,9,10,11,12,15,16,17","18","7,13,14,16,17,18","13,14,18","13,14,18"
47,19,0.987140615059248,0.0519547692136446,-1587.68041483806,-1507.60286096804,FALSE,FALSE,FALSE,"18,13,14,1,2,3,4,5,6,7,8,9,10,11,12,15,16,17,19","18","7,13,14,16,17,18","13,14,18","13,14,18"
47,20,0.987140715699088,0.0493570357849544,-1585.68432794257,-1501.39216597412,FALSE,FALSE,FALSE,"18,13,14,1,2,3,4,5,6,7,8,9,10,11,12,15,16,17,19,20","18","7,13,14,16,17,18","13,14,18","13,14,18"
48,1,0.630170107271175,0.630170107271175,-103.827631424414,-99.6130233259913,FALSE,FALSE,FALSE,"1","1","1","1","1,2,10"
48,2,0.934123037913637,0.467061518956819,-964.454810989103,-956.025594792259,TRUE,FALSE,FALSE,"1,10","1,10","1,2","1,2","1,2,10"
48,3,0.981675384196152,0.327225128065384,-1602.22656575952,-1589.58274146425,FALSE,FALSE,FALSE,"1,10,2","1,10","1,2,4","1,2,4","1,2,10"
48,4,0.98180793586558,0.245451983966395,-1603.85647548379,-1586.9980430901,FALSE,FALSE,FALSE,"1,10,2,3","1,10","1,2,4,5","1,2,4,5","1,2,10"
48,5,0.982171198669206,0.196434239733841,-1611.9416057174,-1590.86856522529,FALSE,FALSE,TRUE,"1,10,2,3,4","1,10","1,2,4,5,9","1,2,4,5,10","1,2,10"
48,6,0.982312915523545,0.163718819253924,-1613.93186537908,-1588.64421678855,FALSE,FALSE,FALSE,"1,10,2,3,4,5","1,10","1,2,4,5,9,10","1,2,4,5,10","1,2,10"
48,7,0.982378529683381,0.140339789954769,-1613.79017523484,-1584.28791854588,FALSE,FALSE,FALSE,"1,10,2,3,4,5,6","1,10","1,2,4,5,9,10,11","1,2,4,5,10","1,2,10"
48,8,0.982472771549638,0.122809096443705,-1614.47141509289,-1580.75455030551,FALSE,FALSE,FALSE,"1,10,2,3,4,5,6,7","1,10","1,2,4,5,9,10,11,19","1,2,4,5,10","1,2,10"
48,9,0.98254774396669,0.109171971551854,-1614.61474376005,-1576.68327087425,FALSE,TRUE,FALSE,"1,10,2,3,4,5,6,7,8","1,10","1,2,4,5,9,10,11,19,20","1,2,4,5,10","1,2,10"
48,10,0.982593701758714,0.0982593701758714,-1613.93315238624,-1571.78707140202,FALSE,FALSE,FALSE,"1,10,2,3,4,5,6,7,8,9","1,10","1,2,4,5,9,10,11,19,20","1,2,4,5,10","1,2,10"
48,11,0.982628082479115,0.0893298256799195,-1612.92172327313,-1566.56103419049,FALSE,FALSE,FALSE,"1,10,2,3,4,5,6,7,8,9,11","1,10","1,2,4,5,9,10,11,19,20","1,2,4,5,10","1,2,10"
48,12,0.98266308353896,0.0818885902949134,-1611.93014296617,-1561.35484578511,FALSE,FALSE,FALSE,"1,10,2,3,4,5,6,7,8,9,11,12","1,10","1,2,4,5,9,10,11,19,20","1,2,4,5,10","1,2,10"
48,13,0.982705337513942,0.0755927182703032,-1611.15024315316,-1556.36033787367,FALSE,FALSE,FALSE,"1,10,2,3,4,5,6,7,8,9,11,12,13","1,10","1,2,4,5,9,10,11,19,20","1,2,4,5,10","1,2,10"
48,14,0.982738926264652,0.0701956375903323,-1610.12226010204,-1551.11774672413,FALSE,FALSE,FALSE,"1,10,2,3,4,5,6,7,8,9,11,12,13,14","1,10","1,2,4,5,9,10,11,19,20","1,2,4,5,10","1,2,10"
48,15,0.982766861219058,0.0655177907479372,-1608.93210495644,-1545.71298348011,FALSE,FALSE,FALSE,"1,10,2,3,4,5,6,7,8,9,11,12,13,14,15","1,10","1,2,4,5,9,10,11,19,20","1,2,4,5,10","1,2,10"
48,16,0.982779318348733,0.0614237073967958,-1607.29366515677,-1539.85993558201,FALSE,FALSE,FALSE,"1,10,2,3,4,5,6,7,8,9,11,12,13,14,15,16","1,10","1,2,4,5,9,10,11,19,20","1,2,4,5,10","1,2,10"
48,17,0.982791016062708,0.0578112362389828,-1605.63342199802,-1533.98508432484,FALSE,FALSE,FALSE,"1,10,2,3,4,5,6,7,8,9,11,12,13,14,15,16,17","1,10","1,2,4,5,9,10,11,19,20","1,2,4,5,10","1,2,10"
48,18,0.982793933482432,0.0545996629712462,-1603.71819362241,-1527.85524785082,FALSE,FALSE,FALSE,"1,10,2,3,4,5,6,7,8,9,11,12,13,14,15,16,17,18","1,10","1,2,4,5,9,10,11,19,20","1,2,4,5,10","1,2,10"
48,19,0.982794405324229,0.0517260213328542,-1601.73190530563,-1521.65435143561,FALSE,FALSE,FALSE,"1,10,2,3,4,5,6,7,8,9,11,12,13,14,15,16,17,18,19","1,10","1,2,4,5,9,10,11,19,20","1,2,4,5,10","1,2,10"
48,20,0.982794485563278,0.0491397242781639,-1599.7342370831,-1515.44207511465,FALSE,FALSE,FALSE,"1,10,2,3,4,5,6,7,8,9,11,12,13,14,15,16,17,18,19,20","1,10","1,2,4,5,9,10,11,19,20","1,2,4,5,10","1,2,10"
49,1,0.506339372608509,0.506339372608509,422.188801491493,426.403409589916,FALSE,FALSE,FALSE,"16","1","1","1","1,6,16"
49,2,0.861414654202821,0.430707327101411,-210.992169023432,-202.562952826588,FALSE,FALSE,FALSE,"16,1","1,6","1,6","1,6","1,6,16"
49,3,0.991438678856524,0.330479559618841,-1601.10808579902,-1588.46426150375,TRUE,FALSE,TRUE,"16,1,6","1,6,16","1,6,7","1,6,16","1,6,16"
49,4,0.99151990294979,0.247879975737448,-1603.87439734761,-1587.01596495392,FALSE,FALSE,FALSE,"16,1,6,2","1,6,16","1,6,7,9","1,6,16","1,6,16"
49,5,0.991559409983192,0.198311881996638,-1604.20923783229,-1583.13619734018,FALSE,TRUE,FALSE,"16,1,6,2,3","1,6,16","1,6,7,9,16","1,6,16","1,6,16"
49,6,0.991591704455006,0.165265284075834,-1604.1259528128,-1578.83830422227,FALSE,FALSE,FALSE,"16,1,6,2,3,4","1,6,16","1,6,7,9,16","1,6,16","1,6,16"
49,7,0.991619360508155,0.141659908644022,-1603.77323288765,-1574.2709761987,FALSE,FALSE,FALSE,"16,1,6,2,3,4,5","1,6,16","1,6,7,9,16","1,6,16","1,6,16"
49,8,0.991629633445596,0.1239537041807,-1602.38650582785,-1568.66964104047,FALSE,FALSE,FALSE,"16,1,6,2,3,4,5,7","1,6,16","1,6,7,9,16","1,6,16","1,6,16"
49,9,0.991636492432169,0.110181832492463,-1600.79639220006,-1562.86491931426,FALSE,FALSE,FALSE,"16,1,6,2,3,4,5,7,8","1,6,16","1,6,7,9,16","1,6,16","1,6,16"
49,10,0.991643440976682,0.0991643440976682,-1599.21197337467,-1557.06589239044,FALSE,FALSE,FALSE,"16,1,6,2,3,4,5,7,8,9","1,6,16","1,6,7,9,16","1,6,16","1,6,16"
49,11,0.991647818327071,0.0901498016660974,-1597.47395305158,-1551.11326396893,FALSE,FALSE,FALSE,"16,1,6,2,3,4,5,7,8,9,10","1,6,16","1,6,7,9,16","1,6,16","1,6,16"
49,12,0.991651108708871,0.0826375923924059,-1595.67096924624,-1545.09567206517,FALSE,FALSE,FALSE,"16,1,6,2,3,4,5,7,8,9,10,11","1,6,16","1,6,7,9,16","1,6,16","1,6,16"
49,13,0.99165231978975,0.0762809476761346,-1593.74350395082,-1538.95359867133,FALSE,FALSE,FALSE,"16,1,6,2,3,4,5,7,8,9,10,11,12","1,6,16","1,6,7,9,16","1,6,16","1,6,16"
49,14,0.991653682761233,0.0708324059115166,-1591.82514835564,-1532.82063497773,FALSE,FALSE,FALSE,"16,1,6,2,3,4,5,7,8,9,10,11,12,13","1,6,16","1,6,7,9,16","1,6,16","1,6,16"
49,15,0.991654695126852,0.0661103130084568,-1589.88579947832,-1526.66667800198,FALSE,FALSE,FALSE,"16,1,6,2,3,4,5,7,8,9,10,11,12,13,14","1,6,16","1,6,7,9,16","1,6,16","1,6,16"
49,16,0.991655413220823,0.0619784633263014,-1587.92882516032,-1520.49509558557,FALSE,FALSE,FALSE,"16,1,6,2,3,4,5,7,8,9,10,11,12,13,14,15","1,6,16","1,6,7,9,16","1,6,16","1,6,16"
49,17,0.991655909603706,0.0583327005649239,-1585.9585688529,-1514.31023117972,FALSE,FALSE,FALSE,"16,1,6,2,3,4,5,7,8,9,10,11,12,13,14,15,17","1,6,16","1,6,7,9,16","1,6,16","1,6,16"
49,18,0.991656246852846,0.055092013714047,-1583.97877812317,-1508.11583235157,FALSE,FALSE,FALSE,"16,1,6,2,3,4,5,7,8,9,10,11,12,13,14,15,17,18","1,6,16","1,6,7,9,16","1,6,16","1,6,16"
49,19,0.991656380623009,0.0521924410854215,-1581.98679437395,-1501.90924050393,FALSE,FALSE,FALSE,"16,1,6,2,3,4,5,7,8,9,10,11,12,13,14,15,17,18,19","1,6,16","1,6,7,9,16","1,6,16","1,6,16"
49,20,0.991656397689266,0.0495828198844633,-1579.98781708807,-1495.69565511962,FALSE,FALSE,FALSE,"16,1,6,2,3,4,5,7,8,9,10,11,12,13,14,15,17,18,19,20","1,6,16","1,6,7,9,16","1,6,16","1,6,16"
50,1,0.672626434220149,0.672626434220149,-295.755546894008,-291.540938795586,TRUE,FALSE,FALSE,"6","6","6","6","6,10,11"
50,2,0.87682873421801,0.438414367109005,-782.518612014251,-774.089395817407,FALSE,FALSE,FALSE,"6,10","6","6,7","6,10","6,10,11"
50,3,0.976671147308598,0.325557049102866,-1612.46105410288,-1599.81722980761,FALSE,FALSE,TRUE,"6,10,11","6","6,7,10","6,10,11","6,10,11"
50,4,0.976782190924267,0.244195547731067,-1612.84669943411,-1595.98826704042,FALSE,FALSE,FALSE,"6,10,11,1","6","6,7,10,11","6,10,11","6,10,11"
50,5,0.977019864039692,0.195403972807938,-1615.9914133852,-1594.91837289308,FALSE,FALSE,FALSE,"6,10,11,1,2","6","6,7,10,11,12","6,10,11","6,10,11"
50,6,0.977113275452865,0.162852212575477,-1616.02799363695,-1590.74034504642,FALSE,TRUE,FALSE,"6,10,11,1,2,3","6","6,7,10,11,12,14","6,10,11","6,10,11"
50,7,0.977169297135365,0.139595613876481,-1615.25338434049,-1585.75112765154,FALSE,FALSE,FALSE,"6,10,11,1,2,3,4","6","6,7,10,11,12,14","6,10,11","6,10,11"
50,8,0.97723452381041,0.122154315476301,-1614.68391472466,-1580.96704993728,FALSE,FALSE,FALSE,"6,10,11,1,2,3,4,5","6","6,7,10,11,12,14","6,10,11","6,10,11"
50,9,0.977269594150697,0.108585510461189,-1613.45476135212,-1575.52328846632,FALSE,FALSE,FALSE,"6,10,11,1,2,3,4,5,7","6","6,7,10,11,12,14","6,10,11","6,10,11"
50,10,0.977313287229147,0.0977313287229147,-1612.41680150918,-1570.27072052495,FALSE,FALSE,FALSE,"6,10,11,1,2,3,4,5,7,8","6","6,7,10,11,12,14","6,10,11","6,10,11"
50,11,0.977339396363501,0.0888490360330456,-1610.99256076699,-1564.63187168435,FALSE,FALSE,FALSE,"6,10,11,1,2,3,4,5,7,8,9","6","6,7,10,11,12,14","6,10,11","6,10,11"
50,12,0.97737243831689,0.0814477031930742,-1609.72215444822,-1559.14685726716,FALSE,FALSE,FALSE,"6,10,11,1,2,3,4,5,7,8,9,12","6","6,7,10,11,12,14","6,10,11","6,10,11"
50,13,0.977384671559438,0.0751834362738029,-1607.99254484134,-1553.20263956185,FALSE,FALSE,FALSE,"6,10,11,1,2,3,4,5,7,8,9,12,13","6","6,7,10,11,12,14","6,10,11","6,10,11"
50,14,0.977386641962624,0.0698133315687588,-1606.03611018316,-1547.03159680525,FALSE,FALSE,FALSE,"6,10,11,1,2,3,4,5,7,8,9,12,13,14","6","6,7,10,11,12,14","6,10,11","6,10,11"
50,15,0.977391395372551,0.0651594263581701,-1604.1412230457,-1540.92210156936,FALSE,FALSE,FALSE,"6,10,11,1,2,3,4,5,7,8,9,12,13,14,15","6","6,7,10,11,12,14","6,10,11","6,10,11"
50,16,0.977393539986723,0.0610870962491702,-1602.18865445359,-1534.75492487883,FALSE,FALSE,FALSE,"6,10,11,1,2,3,4,5,7,8,9,12,13,14,15,16","6","6,7,10,11,12,14","6,10,11","6,10,11"
50,17,0.977394125807191,0.0574937721063054,-1600.20161154767,-1528.55327387449,FALSE,FALSE,FALSE,"6,10,11,1,2,3,4,5,7,8,9,12,13,14,15,16,17","6","6,7,10,11,12,14","6,10,11","6,10,11"
50,18,0.977394207772758,0.0542996782095976,-1598.20342447723,-1522.34047870563,FALSE,FALSE,FALSE,"6,10,11,1,2,3,4,5,7,8,9,12,13,14,15,16,17,18","6","6,7,10,11,12,14","6,10,11","6,10,11"
50,19,0.977394245795863,0.0514418024103086,-1596.20426548154,-1516.12671161152,FALSE,FALSE,FALSE,"6,10,11,1,2,3,4,5,7,8,9,12,13,14,15,16,17,18,19","6","6,7,10,11,12,14","6,10,11","6,10,11"
50,20,0.977394259850428,0.0488697129925214,-1594.20457634419,-1509.91241437575,FALSE,FALSE,FALSE,"6,10,11,1,2,3,4,5,7,8,9,12,13,14,15,16,17,18,19,20","6","6,7,10,11,12,14","6,10,11","6,10,11"
51,1,0.505301364717097,0.505301364717097,36.9416878539274,41.1562959523496,FALSE,FALSE,FALSE,"9","2","2","2","2,9,18"
51,2,0.856305932120331,0.428152966060166,-579.189436447853,-570.760220251009,FALSE,FALSE,FALSE,"9,18","2,9","2,5","2,9","2,9,18"
51,3,0.981864206621178,0.327288068873726,-1612.08893179016,-1599.44510749489,TRUE,FALSE,TRUE,"9,18,2","2,9,18","2,5,6","2,9,18","2,9,18"
51,4,0.981936526403989,0.245484131600997,-1612.08675895827,-1595.22832656458,FALSE,FALSE,FALSE,"9,18,2,1","2,9,18","2,5,6,9","2,9,18","2,9,18"
51,5,0.982033205766763,0.196406641153353,-1612.77004722202,-1591.69700672991,FALSE,TRUE,FALSE,"9,18,2,1,3","2,9,18","2,5,6,9,18","2,9,18","2,9,18"
51,6,0.982089037992168,0.163681506332028,-1612.32622788447,-1587.03857929394,FALSE,FALSE,FALSE,"9,18,2,1,3,4","2,9,18","2,5,6,9,18","2,9,18","2,9,18"
51,7,0.982142331264938,0.140306047323563,-1611.8161734345,-1582.31391674555,FALSE,FALSE,FALSE,"9,18,2,1,3,4,5","2,9,18","2,5,6,9,18","2,9,18","2,9,18"
51,8,0.982168627171657,0.122771078396457,-1610.55297975726,-1576.83611496988,FALSE,FALSE,FALSE,"9,18,2,1,3,4,5,6","2,9,18","2,5,6,9,18","2,9,18","2,9,18"
51,9,0.982207935001744,0.109134215000194,-1609.65640627752,-1571.72493339172,FALSE,FALSE,FALSE,"9,18,2,1,3,4,5,6,7","2,9,18","2,5,6,9,18","2,9,18","2,9,18"
51,10,0.982240116522995,0.0982240116522995,-1608.5616036414,-1566.41552265718,FALSE,FALSE,FALSE,"9,18,2,1,3,4,5,6,7,8","2,9,18","2,5,6,9,18","2,9,18","2,9,18"
51,11,0.98226736734197,0.0892970333947246,-1607.3293943561,-1560.96870527346,FALSE,FALSE,FALSE,"9,18,2,1,3,4,5,6,7,8,10","2,9,18","2,5,6,9,18","2,9,18","2,9,18"
51,12,0.982289127560444,0.0818574272967037,-1605.943335363,-1555.36803818193,FALSE,FALSE,FALSE,"9,18,2,1,3,4,5,6,7,8,10,11","2,9,18","2,5,6,9,18","2,9,18","2,9,18"
51,13,0.982306830550366,0.0755620638884897,-1604.4433627738,-1549.65345749431,FALSE,FALSE,FALSE,"9,18,2,1,3,4,5,6,7,8,10,11,12","2,9,18","2,5,6,9,18","2,9,18","2,9,18"
51,14,0.982320725156045,0.0701657660825747,-1602.83617154546,-1543.83165816755,FALSE,FALSE,FALSE,"9,18,2,1,3,4,5,6,7,8,10,11,12,13","2,9,18","2,5,6,9,18","2,9,18","2,9,18"
51,15,0.982324151852472,0.0654882767901648,-1600.9330937493,-1537.71397227297,FALSE,FALSE,FALSE,"9,18,2,1,3,4,5,6,7,8,10,11,12,13,14","2,9,18","2,5,6,9,18","2,9,18","2,9,18"
51,16,0.982326420354946,0.0613954012721841,-1598.99726741827,-1531.56353784352,FALSE,FALSE,FALSE,"9,18,2,1,3,4,5,6,7,8,10,11,12,13,14,15","2,9,18","2,5,6,9,18","2,9,18","2,9,18"
51,17,0.982327462086783,0.057783968358046,-1597.02673973119,-1525.37840205801,FALSE,FALSE,FALSE,"9,18,2,1,3,4,5,6,7,8,10,11,12,13,14,15,16","2,9,18","2,5,6,9,18","2,9,18","2,9,18"
51,18,0.982328717082306,0.0545738176156837,-1595.06224793303,-1519.19930216143,FALSE,FALSE,FALSE,"9,18,2,1,3,4,5,6,7,8,10,11,12,13,14,15,16,17","2,9,18","2,5,6,9,18","2,9,18","2,9,18"
51,19,0.982329869262199,0.0517015720664315,-1593.09484934236,-1513.01729547234,FALSE,FALSE,FALSE,"9,18,2,1,3,4,5,6,7,8,10,11,12,13,14,15,16,17,19","2,9,18","2,5,6,9,18","2,9,18","2,9,18"
51,20,0.982330386583681,0.049116519329184,-1591.10948786039,-1506.81732589195,FALSE,FALSE,FALSE,"9,18,2,1,3,4,5,6,7,8,10,11,12,13,14,15,16,17,19,20","2,9,18","2,5,6,9,18","2,9,18","2,9,18"
52,1,0.478196801560695,0.478196801560695,-106.457527062505,-102.242918964083,FALSE,FALSE,FALSE,"15","2","2","2","2,12,15"
52,2,0.793887056824289,0.396943528412145,-568.890635023397,-560.461418826553,FALSE,FALSE,FALSE,"15,2","2,12","2,6","2,12","2,12,15"
52,3,0.973976657264779,0.324658885754926,-1601.60581184244,-1588.96198754717,TRUE,FALSE,TRUE,"15,2,12","2,12,15","2,6,8","2,12,15","2,12,15"
52,4,0.974293238390094,0.243573309597524,-1605.72575073849,-1588.8673183448,FALSE,FALSE,FALSE,"15,2,12,1","2,12,15","2,6,8,9","2,12,15","2,12,15"
52,5,0.974357658500982,0.194871531700196,-1604.98030321914,-1583.90726272703,FALSE,FALSE,FALSE,"15,2,12,1,3","2,12,15","2,6,8,9,12","2,12,15","2,12,15"
52,6,0.974525588680147,0.162420931446691,-1606.26554287248,-1580.97789428195,FALSE,FALSE,FALSE,"15,2,12,1,3,4","2,12,15","2,6,8,9,12,15","2,12,15","2,12,15"
52,7,0.974660626788705,0.139237232398386,-1606.92305849941,-1577.42080181045,FALSE,TRUE,FALSE,"15,2,12,1,3,4,5","2,12,15","2,6,8,9,12,15,16","2,12,15","2,12,15"
52,8,0.974687422817984,0.121835927852248,-1605.45208120377,-1571.73521641639,FALSE,FALSE,FALSE,"15,2,12,1,3,4,5,6","2,12,15","2,6,8,9,12,15,16","2,12,15","2,12,15"
52,9,0.974697814562141,0.108299757173571,-1603.65739174492,-1565.72591885912,FALSE,FALSE,FALSE,"15,2,12,1,3,4,5,6,7","2,12,15","2,6,8,9,12,15,16","2,12,15","2,12,15"
52,10,0.974711569022211,0.0974711569022211,-1601.92926944445,-1559.78318846023,FALSE,FALSE,FALSE,"15,2,12,1,3,4,5,6,7,8","2,12,15","2,6,8,9,12,15,16","2,12,15","2,12,15"
52,11,0.974719469774078,0.0886108608885526,-1600.08550662519,-1553.72481754255,FALSE,FALSE,FALSE,"15,2,12,1,3,4,5,6,7,8,9","2,12,15","2,6,8,9,12,15,16","2,12,15","2,12,15"
52,12,0.974725936228973,0.0812271613524144,-1598.21341695774,-1547.63811977668,FALSE,FALSE,FALSE,"15,2,12,1,3,4,5,6,7,8,9,10","2,12,15","2,6,8,9,12,15,16","2,12,15","2,12,15"
52,13,0.97473207667977,0.0749793905138285,-1596.33490903157,-1541.54500375208,FALSE,FALSE,FALSE,"15,2,12,1,3,4,5,6,7,8,9,10,11","2,12,15","2,6,8,9,12,15,16","2,12,15","2,12,15"
52,14,0.974738050407975,0.0696241464577125,-1594.45313074654,-1535.44861736863,FALSE,FALSE,FALSE,"15,2,12,1,3,4,5,6,7,8,9,10,11,13","2,12,15","2,6,8,9,12,15,16","2,12,15","2,12,15"
52,15,0.974744310911701,0.0649829540607801,-1592.57705783263,-1529.3579363563,FALSE,FALSE,FALSE,"15,2,12,1,3,4,5,6,7,8,9,10,11,13,14","2,12,15","2,6,8,9,12,15,16","2,12,15","2,12,15"
52,16,0.974750459009302,0.0609219036880814,-1590.6987897329,-1523.26506015814,FALSE,FALSE,FALSE,"15,2,12,1,3,4,5,6,7,8,9,10,11,13,14,16","2,12,15","2,6,8,9,12,15,16","2,12,15","2,12,15"
52,17,0.974751615175688,0.0573383303044523,-1588.72168505718,-1517.073347384,FALSE,FALSE,FALSE,"15,2,12,1,3,4,5,6,7,8,9,10,11,13,14,16,17","2,12,15","2,6,8,9,12,15,16","2,12,15","2,12,15"
52,18,0.974752449112267,0.0541529138395704,-1586.73819998193,-1510.87525421033,FALSE,FALSE,FALSE,"15,2,12,1,3,4,5,6,7,8,9,10,11,13,14,16,17,18","2,12,15","2,6,8,9,12,15,16","2,12,15","2,12,15"
52,19,0.974752484152865,0.051302762323835,-1584.73889392294,-1504.66134005292,FALSE,FALSE,FALSE,"15,2,12,1,3,4,5,6,7,8,9,10,11,13,14,16,17,18,19","2,12,15","2,6,8,9,12,15,16","2,12,15","2,12,15"
52,20,0.974752484164134,0.0487376242082067,-1582.73889414612,-1498.44673217767,FALSE,FALSE,FALSE,"15,2,12,1,3,4,5,6,7,8,9,10,11,13,14,16,17,18,19,20","2,12,15","2,6,8,9,12,15,16","2,12,15","2,12,15"
53,1,0.550922471745706,0.550922471745706,192.008623741688,196.22323184011,FALSE,FALSE,FALSE,"1","1","1","1","1,18,20"
53,2,0.864439575152049,0.432219787576025,-404.88040665787,-396.451190461026,FALSE,FALSE,FALSE,"1,20","1,18","1,18","1,18","1,18,20"
53,3,0.987075672337487,0.329025224112496,-1578.03344670196,-1565.3896224067,TRUE,TRUE,TRUE,"1,20,18","1,18,20","1,18,20","1,18,20","1,18,20"
53,4,0.98711880177527,0.246779700443817,-1577.7047739258,-1560.84634153211,FALSE,FALSE,FALSE,"1,20,18,2","1,18,20","1,18,20","1,18,20","1,18,20"
53,5,0.987157299890375,0.197431459978075,-1577.20136450268,-1556.12832401056,FALSE,FALSE,FALSE,"1,20,18,2,3","1,18,20","1,18,20","1,18,20","1,18,20"
53,6,0.987211259689478,0.164535209948246,-1577.30658675838,-1552.01893816785,FALSE,FALSE,FALSE,"1,20,18,2,3,4","1,18,20","1,18,20","1,18,20","1,18,20"
53,7,0.98723525271944,0.141033607531349,-1576.24552070733,-1546.74326401838,FALSE,FALSE,FALSE,"1,20,18,2,3,4,5","1,18,20","1,18,20","1,18,20","1,18,20"
53,8,0.987285307492097,0.123410663436512,-1576.21003945128,-1542.4931746639,FALSE,FALSE,FALSE,"1,20,18,2,3,4,5,6","1,18,20","1,18,20","1,18,20","1,18,20"
53,9,0.987314579211423,0.10970161991238,-1575.36246471578,-1537.43099182998,FALSE,FALSE,FALSE,"1,20,18,2,3,4,5,6,7","1,18,20","1,18,20","1,18,20","1,18,20"
53,10,0.987349304724383,0.0987349304724383,-1574.73305895434,-1532.58697797012,FALSE,FALSE,FALSE,"1,20,18,2,3,4,5,6,7,8","1,18,20","1,18,20","1,18,20","1,18,20"
53,11,0.987374107817756,0.0897612825288869,-1573.71432675305,-1527.3536376704,FALSE,FALSE,FALSE,"1,20,18,2,3,4,5,6,7,8,9","1,18,20","1,18,20","1,18,20","1,18,20"
53,12,0.987400399727114,0.0822833666439262,-1572.75660249555,-1522.18130531448,FALSE,FALSE,FALSE,"1,20,18,2,3,4,5,6,7,8,9,10","1,18,20","1,18,20","1,18,20","1,18,20"
53,13,0.987423831711774,0.0759556793624442,-1571.68733838825,-1516.89743310876,FALSE,FALSE,FALSE,"1,20,18,2,3,4,5,6,7,8,9,10,11","1,18,20","1,18,20","1,18,20","1,18,20"
53,14,0.987434748608701,0.0705310534720501,-1570.12155800482,-1511.11704462691,FALSE,FALSE,FALSE,"1,20,18,2,3,4,5,6,7,8,9,10,11,12","1,18,20","1,18,20","1,18,20","1,18,20"
53,15,0.987455472339808,0.0658303648226539,-1568.94688330018,-1505.72776182385,FALSE,FALSE,FALSE,"1,20,18,2,3,4,5,6,7,8,9,10,11,12,13","1,18,20","1,18,20","1,18,20","1,18,20"
53,16,0.987466223142388,0.0617166389463993,-1567.37557269706,-1499.94184312231,FALSE,FALSE,FALSE,"1,20,18,2,3,4,5,6,7,8,9,10,11,12,13,14","1,18,20","1,18,20","1,18,20","1,18,20"
53,17,0.987470807805358,0.0580865181061975,-1565.55849847138,-1493.9101607982,FALSE,FALSE,FALSE,"1,20,18,2,3,4,5,6,7,8,9,10,11,12,13,14,15","1,18,20","1,18,20","1,18,20","1,18,20"
53,18,0.987474279055552,0.0548596821697529,-1563.69704416091,-1487.83409838931,FALSE,FALSE,FALSE,"1,20,18,2,3,4,5,6,7,8,9,10,11,12,13,14,15,16","1,18,20","1,18,20","1,18,20","1,18,20"
53,19,0.987475869617585,0.0519724141903992,-1561.76054002817,-1481.68298615814,FALSE,FALSE,FALSE,"1,20,18,2,3,4,5,6,7,8,9,10,11,12,13,14,15,16,17","1,18,20","1,18,20","1,18,20","1,18,20"
53,20,0.987476425027983,0.0493738212513991,-1559.78271413115,-1475.4905521627,FALSE,FALSE,FALSE,"1,20,18,2,3,4,5,6,7,8,9,10,11,12,13,14,15,16,17,19","1,18,20","1,18,20","1,18,20","1,18,20"
54,1,0.568140992375297,0.568140992375297,203.069413614915,207.284021713337,TRUE,FALSE,FALSE,"1","1","1","1","1,13,19"
54,2,0.852919321694867,0.426459660847433,-333.48953413562,-325.060317938776,FALSE,FALSE,FALSE,"1,13","1","1,5","1,13","1,13,19"
54,3,0.989828467847894,0.329942822615965,-1667.18374185007,-1654.5399175548,FALSE,FALSE,TRUE,"1,13,19","1","1,5,12","1,13,19","1,13,19"
54,4,0.98990842325413,0.247477105813533,-1669.12962308708,-1652.27119069339,FALSE,FALSE,FALSE,"1,13,19,2","1","1,5,12,13","1,13,19","1,13,19"
54,5,0.989985347014809,0.197997069402962,-1670.95550874682,-1649.88246825471,FALSE,FALSE,FALSE,"1,13,19,2,3","1","1,5,12,13,14","1,13,19","1,13,19"
54,6,0.990026329867838,0.165004388311306,-1671.00585135025,-1645.71820275972,FALSE,TRUE,FALSE,"1,13,19,2,3,4","1","1,5,12,13,14,19","1,13,19","1,13,19"
54,7,0.990050290321656,0.141435755760237,-1670.20848190775,-1640.7062252188,FALSE,FALSE,FALSE,"1,13,19,2,3,4,5","1","1,5,12,13,14,19","1,13,19","1,13,19"
54,8,0.990071418401789,0.123758927300224,-1669.27135435465,-1635.55448956727,FALSE,FALSE,FALSE,"1,13,19,2,3,4,5,6","1","1,5,12,13,14,19","1,13,19","1,13,19"
54,9,0.990087727175636,0.11000974746396,-1668.09333395155,-1630.16186106576,FALSE,FALSE,FALSE,"1,13,19,2,3,4,5,6,7","1","1,5,12,13,14,19","1,13,19","1,13,19"
54,10,0.990095803475159,0.0990095803475159,-1666.5008888912,-1624.35480790698,FALSE,FALSE,FALSE,"1,13,19,2,3,4,5,6,7,8","1","1,5,12,13,14,19","1,13,19","1,13,19"
54,11,0.990102433023318,0.0900093120930289,-1664.83568474947,-1618.47499566683,FALSE,FALSE,FALSE,"1,13,19,2,3,4,5,6,7,8,9","1","1,5,12,13,14,19","1,13,19","1,13,19"
54,12,0.99010433800614,0.082508694833845,-1662.93192891613,-1612.35663173506,FALSE,FALSE,FALSE,"1,13,19,2,3,4,5,6,7,8,9,10","1","1,5,12,13,14,19","1,13,19","1,13,19"
54,13,0.990107916656419,0.0761621474351091,-1661.11278076443,-1606.32287548494,FALSE,FALSE,FALSE,"1,13,19,2,3,4,5,6,7,8,9,10,11","1","1,5,12,13,14,19","1,13,19","1,13,19"
54,14,0.990110024052861,0.0707221445752044,-1659.21931145568,-1600.21479807777,FALSE,FALSE,FALSE,"1,13,19,2,3,4,5,6,7,8,9,10,11,12","1","1,5,12,13,14,19","1,13,19","1,13,19"
54,15,0.990112200008303,0.0660074800005535,-1657.32933168531,-1594.11021020898,FALSE,FALSE,FALSE,"1,13,19,2,3,4,5,6,7,8,9,10,11,12,14","1","1,5,12,13,14,19","1,13,19","1,13,19"
54,16,0.990114048884124,0.0618821280552577,-1655.42283320741,-1587.98910363265,FALSE,FALSE,FALSE,"1,13,19,2,3,4,5,6,7,8,9,10,11,12,14,15","1","1,5,12,13,14,19","1,13,19","1,13,19"
54,17,0.990115751028587,0.0582421030016816,-1653.50892967889,-1581.86059200571,FALSE,FALSE,FALSE,"1,13,19,2,3,4,5,6,7,8,9,10,11,12,14,15,16","1","1,5,12,13,14,19","1,13,19","1,13,19"
54,18,0.990116595488381,0.0550064775271323,-1651.5516489523,-1575.6887031807,FALSE,FALSE,FALSE,"1,13,19,2,3,4,5,6,7,8,9,10,11,12,14,15,16,17","1","1,5,12,13,14,19","1,13,19","1,13,19"
54,19,0.990116777648451,0.0521114093499185,-1649.56086448877,-1569.48331061875,FALSE,FALSE,FALSE,"1,13,19,2,3,4,5,6,7,8,9,10,11,12,14,15,16,17,18","1","1,5,12,13,14,19","1,13,19","1,13,19"
54,20,0.990117089825151,0.0495058544912575,-1647.57665800321,-1563.28449603476,FALSE,FALSE,FALSE,"1,13,19,2,3,4,5,6,7,8,9,10,11,12,14,15,16,17,18,20","1","1,5,12,13,14,19","1,13,19","1,13,19"
55,1,0.634641990982355,0.634641990982355,498.819326749758,503.033934848181,FALSE,FALSE,FALSE,"1","1","1","1","1,3,7"
55,2,0.961766578994826,0.480883289497413,-627.76451872645,-619.335302529606,TRUE,FALSE,FALSE,"1,7","1,7","1,3","1,3","1,3,7"
55,3,0.994689151407909,0.331563050469303,-1612.74371665933,-1600.09989236406,FALSE,FALSE,FALSE,"1,7,3","1,7","1,3,6","1,3,6","1,3,7"
55,4,0.994764600884782,0.248691150221195,-1617.89799240015,-1601.03956000646,FALSE,FALSE,TRUE,"1,7,3,2","1,7","1,3,6,7","1,3,6,7","1,3,7"
55,5,0.994803361176817,0.198960672235363,-1619.61351477721,-1598.5404742851,FALSE,FALSE,FALSE,"1,7,3,2,4","1,7","1,3,6,7,10","1,3,6,7","1,3,7"
55,6,0.994844572900336,0.165807428816723,-1621.5945502094,-1596.30690161886,FALSE,TRUE,FALSE,"1,7,3,2,4,5","1,7","1,3,6,7,10,17","1,3,6,7","1,3,7"
55,7,0.994850208988332,0.142121458426905,-1620.14146619863,-1590.63920950968,FALSE,FALSE,FALSE,"1,7,3,2,4,5,6","1,7","1,3,6,7,10,17","1,3,6,7","1,3,7"
55,8,0.994855083281467,0.124356885410183,-1618.61494185496,-1584.89807706758,FALSE,FALSE,FALSE,"1,7,3,2,4,5,6,8","1,7","1,3,6,7,10,17","1,3,6,7","1,3,7"
55,9,0.994857257932124,0.110539695325792,-1616.82632626562,-1578.89485337982,FALSE,FALSE,FALSE,"1,7,3,2,4,5,6,8,9","1,7","1,3,6,7,10,17","1,3,6,7","1,3,7"
55,10,0.994862026282109,0.0994862026282109,-1615.29014127877,-1573.14406029455,FALSE,FALSE,FALSE,"1,7,3,2,4,5,6,8,9,10","1,7","1,3,6,7,10,17","1,3,6,7","1,3,7"
55,11,0.994864252527688,0.0904422047752444,-1613.50683448779,-1567.14614540514,FALSE,FALSE,FALSE,"1,7,3,2,4,5,6,8,9,10,11","1,7","1,3,6,7,10,17","1,3,6,7","1,3,7"
55,12,0.994867834925086,0.0829056529104238,-1611.85572697464,-1561.28042979358,FALSE,FALSE,FALSE,"1,7,3,2,4,5,6,8,9,10,11,12","1,7","1,3,6,7,10,17","1,3,6,7","1,3,7"
55,13,0.994870011384296,0.0765284624141766,-1610.06781298581,-1555.27790770633,FALSE,FALSE,FALSE,"1,7,3,2,4,5,6,8,9,10,11,12,13","1,7","1,3,6,7,10,17","1,3,6,7","1,3,7"
55,14,0.994872600167531,0.0710623285833951,-1608.32019528602,-1549.31568190811,FALSE,FALSE,FALSE,"1,7,3,2,4,5,6,8,9,10,11,12,13,14","1,7","1,3,6,7,10,17","1,3,6,7","1,3,7"
55,15,0.994873899836564,0.066324926655771,-1606.44694898382,-1543.22782750749,FALSE,FALSE,FALSE,"1,7,3,2,4,5,6,8,9,10,11,12,13,14,15","1,7","1,3,6,7,10,17","1,3,6,7","1,3,7"
55,16,0.994874343501692,0.0621796464688558,-1604.4902259697,-1537.05649639494,FALSE,FALSE,FALSE,"1,7,3,2,4,5,6,8,9,10,11,12,13,14,15,16","1,7","1,3,6,7,10,17","1,3,6,7","1,3,7"
55,17,0.99487477245009,0.0585220454382406,-1602.5320709848,-1530.88373331162,FALSE,FALSE,FALSE,"1,7,3,2,4,5,6,8,9,10,11,12,13,14,15,16,17","1,7","1,3,6,7,10,17","1,3,6,7","1,3,7"
55,18,0.994874819051255,0.0552708232806253,-1600.53661725876,-1524.67367148716,FALSE,FALSE,FALSE,"1,7,3,2,4,5,6,8,9,10,11,12,13,14,15,16,17,18","1,7","1,3,6,7,10,17","1,3,6,7","1,3,7"
55,19,0.994874859075346,0.0523618346881761,-1598.54052192556,-1518.46296805554,FALSE,FALSE,FALSE,"1,7,3,2,4,5,6,8,9,10,11,12,13,14,15,16,17,18,19","1,7","1,3,6,7,10,17","1,3,6,7","1,3,7"
55,20,0.994874862728077,0.0497437431364039,-1596.54087827989,-1512.24871631145,FALSE,FALSE,FALSE,"1,7,3,2,4,5,6,8,9,10,11,12,13,14,15,16,17,18,19,20","1,7","1,3,6,7,10,17","1,3,6,7","1,3,7"
56,1,0.327829502364255,0.327829502364255,-84.5206798078585,-80.3060717094363,TRUE,FALSE,FALSE,"19","19","1","12","12,16,19"
56,2,0.521215929508479,0.26060796475424,-252.151840598917,-243.722624402073,FALSE,FALSE,FALSE,"19,16","19","1,6","12,16","12,16,19"
56,3,0.966473271669504,0.322157757223168,-1579.6052016784,-1566.96137738314,FALSE,FALSE,TRUE,"19,16,12","19","1,6,12","12,16,19","12,16,19"
56,4,0.966605283763547,0.241651320940887,-1579.5778468616,-1562.71941446791,FALSE,FALSE,FALSE,"19,16,12,1","19","1,6,12,13","12,16,19","12,16,19"
56,5,0.966756506083365,0.193351301216673,-1579.84715420129,-1558.77411370918,FALSE,FALSE,FALSE,"19,16,12,1,2","19","1,6,12,13,16","12,16,19","12,16,19"
56,6,0.966897360406099,0.161149560067683,-1579.97017971765,-1554.68253112712,FALSE,TRUE,FALSE,"19,16,12,1,2,3","19","1,6,12,13,16,19","12,16,19","12,16,19"
56,7,0.966965746408466,0.138137963772638,-1579.00418696301,-1549.50193027406,FALSE,FALSE,FALSE,"19,16,12,1,2,3,4","19","1,6,12,13,16,19","12,16,19","12,16,19"
56,8,0.967047123400187,0.120880890425023,-1578.23741278657,-1544.52054799919,FALSE,FALSE,FALSE,"19,16,12,1,2,3,4,5","19","1,6,12,13,16,19","12,16,19","12,16,19"
56,9,0.967111883374708,0.107456875930523,-1577.22099447683,-1539.28952159104,FALSE,FALSE,FALSE,"19,16,12,1,2,3,4,5,6","19","1,6,12,13,16,19","12,16,19","12,16,19"
56,10,0.967138475876716,0.0967138475876716,-1575.62544540851,-1533.47936442428,FALSE,FALSE,FALSE,"19,16,12,1,2,3,4,5,6,7","19","1,6,12,13,16,19","12,16,19","12,16,19"
56,11,0.967197838627314,0.0879270762388467,-1574.52948797514,-1528.16879889249,FALSE,FALSE,FALSE,"19,16,12,1,2,3,4,5,6,7,8","19","1,6,12,13,16,19","12,16,19","12,16,19"
56,12,0.967232678136523,0.0806027231780436,-1573.06082527975,-1522.48552809869,FALSE,FALSE,FALSE,"19,16,12,1,2,3,4,5,6,7,8,9","19","1,6,12,13,16,19","12,16,19","12,16,19"
56,13,0.967300951599142,0.0744077655076263,-1572.10370404475,-1517.31379876527,FALSE,FALSE,FALSE,"19,16,12,1,2,3,4,5,6,7,8,9,10","19","1,6,12,13,16,19","12,16,19","12,16,19"
56,14,0.967310095639419,0.0690935782599585,-1570.24354479691,-1511.239031419,FALSE,FALSE,FALSE,"19,16,12,1,2,3,4,5,6,7,8,9,10,11","19","1,6,12,13,16,19","12,16,19","12,16,19"
56,15,0.967329954840815,0.0644886636560543,-1568.54738839153,-1505.3282669152,FALSE,FALSE,FALSE,"19,16,12,1,2,3,4,5,6,7,8,9,10,11,13","19","1,6,12,13,16,19","12,16,19","12,16,19"
56,16,0.967349721388447,0.060459357586778,-1566.84999785663,-1499.41626828187,FALSE,FALSE,FALSE,"19,16,12,1,2,3,4,5,6,7,8,9,10,11,13,14","19","1,6,12,13,16,19","12,16,19","12,16,19"
56,17,0.967359361749972,0.0569034918676454,-1564.99765027227,-1493.34931259909,FALSE,FALSE,FALSE,"19,16,12,1,2,3,4,5,6,7,8,9,10,11,13,14,15","19","1,6,12,13,16,19","12,16,19","12,16,19"
56,18,0.967363792290232,0.0537424329050129,-1563.06552334736,-1487.20257757576,FALSE,FALSE,FALSE,"19,16,12,1,2,3,4,5,6,7,8,9,10,11,13,14,15,17","19","1,6,12,13,16,19","12,16,19","12,16,19"
56,19,0.967365400079058,0.0509139684252136,-1561.09015593404,-1481.01260206402,FALSE,FALSE,FALSE,"19,16,12,1,2,3,4,5,6,7,8,9,10,11,13,14,15,17,18","19","1,6,12,13,16,19","12,16,19","12,16,19"
56,20,0.967365878860765,0.0483682939430383,-1559.09749148006,-1474.80532951161,FALSE,FALSE,FALSE,"19,16,12,1,2,3,4,5,6,7,8,9,10,11,13,14,15,17,18,20","19","1,6,12,13,16,19","12,16,19","12,16,19"
57,1,0.633004584034149,0.633004584034149,399.525714287308,403.74032238573,FALSE,FALSE,FALSE,"14","7","7","7","7,8,14"
57,2,0.974554774126749,0.487277387063374,-932.884895961717,-924.455679764873,TRUE,FALSE,FALSE,"14,7","7,14","7,8","7,8","7,8,14"
57,3,0.993505899590059,0.331168633196686,-1613.70189666434,-1601.05807236907,FALSE,FALSE,TRUE,"14,7,8","7,14","7,8,14","7,8,14","7,8,14"
57,4,0.993542048937728,0.248385512234432,-1614.49291719201,-1597.63448479832,FALSE,FALSE,FALSE,"14,7,8,1","7,14","7,8,14,15","7,8,14","7,8,14"
57,5,0.993579811602363,0.198715962320473,-1615.42523307404,-1594.35219258193,FALSE,TRUE,FALSE,"14,7,8,1,2","7,14","7,8,14,15,19","7,8,14","7,8,14"
57,6,0.993600891492889,0.165600148582148,-1615.06962197322,-1589.78197338269,FALSE,FALSE,FALSE,"14,7,8,1,2,3","7,14","7,8,14,15,19","7,8,14","7,8,14"
57,7,0.993620597838005,0.141945799691144,-1614.611770448,-1585.10951375904,FALSE,FALSE,FALSE,"14,7,8,1,2,3,4","7,14","7,8,14,15,19","7,8,14","7,8,14"
57,8,0.993635317823749,0.124204414727969,-1613.76681555755,-1580.04995077018,FALSE,FALSE,FALSE,"14,7,8,1,2,3,4,5","7,14","7,8,14,15,19","7,8,14","7,8,14"
57,9,0.993646861355677,0.110405206817297,-1612.674481679,-1574.7430087932,FALSE,FALSE,FALSE,"14,7,8,1,2,3,4,5,6","7,14","7,8,14,15,19","7,8,14","7,8,14"
57,10,0.993660378513803,0.0993660378513803,-1611.73943233567,-1569.59335135144,FALSE,FALSE,FALSE,"14,7,8,1,2,3,4,5,6,9","7,14","7,8,14,15,19","7,8,14","7,8,14"
57,11,0.993675691685074,0.0903341537895521,-1610.94862876796,-1564.58793968532,FALSE,FALSE,FALSE,"14,7,8,1,2,3,4,5,6,9,10","7,14","7,8,14,15,19","7,8,14","7,8,14"
57,12,0.993688005705754,0.0828073338088128,-1609.92312462796,-1559.3478274469,FALSE,FALSE,FALSE,"14,7,8,1,2,3,4,5,6,9,10,11","7,14","7,8,14,15,19","7,8,14","7,8,14"
57,13,0.993702931178722,0.0764386870137479,-1609.10683509102,-1554.31692981154,FALSE,FALSE,FALSE,"14,7,8,1,2,3,4,5,6,9,10,11,12","7,14","7,8,14,15,19","7,8,14","7,8,14"
57,14,0.99371397119224,0.0709795693708743,-1607.98420381819,-1548.97969044028,FALSE,FALSE,FALSE,"14,7,8,1,2,3,4,5,6,9,10,11,12,13","7,14","7,8,14,15,19","7,8,14","7,8,14"
57,15,0.993718257477214,0.0662478838318142,-1606.32525753625,-1543.10613605992,FALSE,FALSE,FALSE,"14,7,8,1,2,3,4,5,6,9,10,11,12,13,15","7,14","7,8,14,15,19","7,8,14","7,8,14"
57,16,0.993720165986051,0.0621075103741282,-1604.47718980737,-1537.04346023262,FALSE,FALSE,FALSE,"14,7,8,1,2,3,4,5,6,9,10,11,12,13,15,16","7,14","7,8,14,15,19","7,8,14","7,8,14"
57,17,0.99372103090882,0.0584541782887541,-1602.54605964812,-1530.89772197494,FALSE,FALSE,FALSE,"14,7,8,1,2,3,4,5,6,9,10,11,12,13,15,16,17","7,14","7,8,14,15,19","7,8,14","7,8,14"
57,18,0.993721338173385,0.0552067410096325,-1600.57052800263,-1524.70758223103,FALSE,FALSE,FALSE,"14,7,8,1,2,3,4,5,6,9,10,11,12,13,15,16,17,18","7,14","7,8,14,15,19","7,8,14","7,8,14"
57,19,0.993721399777112,0.0523011263040585,-1598.5754338274,-1518.49787995737,FALSE,FALSE,FALSE,"14,7,8,1,2,3,4,5,6,9,10,11,12,13,15,16,17,18,19","7,14","7,8,14,15,19","7,8,14","7,8,14"
57,20,0.993721399777172,0.0496860699888586,-1596.57543383217,-1512.28327186373,FALSE,FALSE,FALSE,"14,7,8,1,2,3,4,5,6,9,10,11,12,13,15,16,17,18,19,20","7,14","7,8,14,15,19","7,8,14","7,8,14"
58,1,0.461814081401721,0.461814081401721,-36.9007056244388,-32.6860975260166,TRUE,FALSE,FALSE,"17","2","2","2","2,10,17"
58,2,0.737498279479179,0.36874913973959,-393.873924470688,-385.444708273844,FALSE,FALSE,FALSE,"17,2","2","2,10","2,10","2,10,17"
58,3,0.97714078806394,0.325713596021314,-1612.32565051619,-1599.68182622092,FALSE,TRUE,TRUE,"17,2,10","2","2,10,17","2,10,17","2,10,17"
58,4,0.977207266472592,0.244301816618148,-1611.78185254583,-1594.92342015214,FALSE,FALSE,FALSE,"17,2,10,1","2","2,10,17","2,10,17","2,10,17"
58,5,0.977318241917739,0.195463648383548,-1612.22224630339,-1591.14920581128,FALSE,FALSE,FALSE,"17,2,10,1,3","2","2,10,17","2,10,17","2,10,17"
58,6,0.977356597263717,0.16289276621062,-1611.06847286809,-1585.78082427756,FALSE,FALSE,FALSE,"17,2,10,1,3,4","2","2,10,17","2,10,17","2,10,17"
58,7,0.977384250039181,0.139626321434169,-1609.67946041993,-1580.17720373098,FALSE,FALSE,FALSE,"17,2,10,1,3,4,5","2","2,10,17","2,10,17","2,10,17"
58,8,0.977402373511437,0.12217529668893,-1608.08030359179,-1574.36343880442,FALSE,FALSE,FALSE,"17,2,10,1,3,4,5,6","2","2,10,17","2,10,17","2,10,17"
58,9,0.977436405176925,0.108604045019658,-1606.83386319318,-1568.90239030739,FALSE,FALSE,FALSE,"17,2,10,1,3,4,5,6,7","2","2,10,17","2,10,17","2,10,17"
58,10,0.977458814036739,0.0977458814036739,-1605.33068107516,-1563.18460009094,FALSE,FALSE,FALSE,"17,2,10,1,3,4,5,6,7,8","2","2,10,17","2,10,17","2,10,17"
58,11,0.97746753281692,0.0888606848015382,-1603.52411514765,-1557.16342606501,FALSE,FALSE,FALSE,"17,2,10,1,3,4,5,6,7,8,9","2","2,10,17","2,10,17","2,10,17"
58,12,0.97747357270484,0.0814561310587367,-1601.65815944736,-1551.08286226629,FALSE,FALSE,FALSE,"17,2,10,1,3,4,5,6,7,8,9,11","2","2,10,17","2,10,17","2,10,17"
58,13,0.977475628455446,0.0751904329581112,-1599.7037912821,-1544.91388600261,FALSE,FALSE,FALSE,"17,2,10,1,3,4,5,6,7,8,9,11,12","2","2,10,17","2,10,17","2,10,17"
58,14,0.977476924269042,0.0698197803049316,-1597.73255680989,-1538.72804343198,FALSE,FALSE,FALSE,"17,2,10,1,3,4,5,6,7,8,9,11,12,13","2","2,10,17","2,10,17","2,10,17"
58,15,0.977478455641725,0.065165230376115,-1595.76655360418,-1532.54743212785,FALSE,FALSE,FALSE,"17,2,10,1,3,4,5,6,7,8,9,11,12,13,14","2","2,10,17","2,10,17","2,10,17"
58,16,0.977479144433035,0.0610924465270647,-1593.78184566925,-1526.34811609449,FALSE,FALSE,FALSE,"17,2,10,1,3,4,5,6,7,8,9,11,12,13,14,15","2","2,10,17","2,10,17","2,10,17"
58,17,0.977479522182972,0.0574987954225278,-1591.79023240891,-1520.14189473573,FALSE,FALSE,FALSE,"17,2,10,1,3,4,5,6,7,8,9,11,12,13,14,15,16","2","2,10,17","2,10,17","2,10,17"
58,18,0.97747968169217,0.0543044267606761,-1589.79377384714,-1513.93082807554,FALSE,FALSE,FALSE,"17,2,10,1,3,4,5,6,7,8,9,11,12,13,14,15,16,18","2","2,10,17","2,10,17","2,10,17"
58,19,0.977479797043068,0.0514463051075299,-1587.79633489429,-1507.71878102427,FALSE,FALSE,FALSE,"17,2,10,1,3,4,5,6,7,8,9,11,12,13,14,15,16,18,19","2","2,10,17","2,10,17","2,10,17"
58,20,0.977479833252344,0.0488739916626172,-1585.79713882365,-1501.5049768552,FALSE,FALSE,FALSE,"17,2,10,1,3,4,5,6,7,8,9,11,12,13,14,15,16,18,19,20","2","2,10,17","2,10,17","2,10,17"
59,1,0.380168840038341,0.380168840038341,492.617011082751,496.831619181173,FALSE,FALSE,FALSE,"2","2","2","2","2,7,16"
59,2,0.699419274383728,0.349709637191864,132.751629706083,141.180845902928,FALSE,FALSE,FALSE,"2,16","2,7","2,4","2,7","2,7,16"
59,3,0.990625142288119,0.330208380762706,-1599.09085090135,-1586.44702660608,TRUE,FALSE,TRUE,"2,16,7","2,7,16","2,4,6","2,7,16","2,7,16"
59,4,0.990654636522347,0.247663659130587,-1598.66638028925,-1581.80794789556,FALSE,FALSE,FALSE,"2,16,7,1","2,7,16","2,4,6,7","2,7,16","2,7,16"
59,5,0.990717439433796,0.198143487886759,-1600.03783216197,-1578.96479166986,FALSE,TRUE,FALSE,"2,16,7,1,3","2,7,16","2,4,6,7,16","2,7,16","2,7,16"
59,6,0.990732182280033,0.165122030380006,-1598.83257872261,-1573.54493013208,FALSE,FALSE,FALSE,"2,16,7,1,3,4","2,7,16","2,4,6,7,16","2,7,16","2,7,16"
59,7,0.990754692601187,0.141536384657312,-1598.04849079052,-1568.54623410157,FALSE,FALSE,FALSE,"2,16,7,1,3,4,5","2,7,16","2,4,6,7,16","2,7,16","2,7,16"
59,8,0.99076844509256,0.12384605563657,-1596.79279973677,-1563.0759349494,FALSE,FALSE,FALSE,"2,16,7,1,3,4,5,6","2,7,16","2,4,6,7,16","2,7,16","2,7,16"
59,9,0.990781616483529,0.110086846275948,-1595.50669877011,-1557.57522588431,FALSE,FALSE,FALSE,"2,16,7,1,3,4,5,6,8","2,7,16","2,4,6,7,16","2,7,16","2,7,16"
59,10,0.990795187645972,0.0990795187645972,-1594.24333344486,-1552.09725246064,FALSE,FALSE,FALSE,"2,16,7,1,3,4,5,6,8,9","2,7,16","2,4,6,7,16","2,7,16","2,7,16"
59,11,0.990804994487151,0.0900731813170138,-1592.77631926999,-1546.41563018735,FALSE,FALSE,FALSE,"2,16,7,1,3,4,5,6,8,9,10","2,7,16","2,4,6,7,16","2,7,16","2,7,16"
59,12,0.990810998510119,0.0825675832091766,-1591.1029087442,-1540.52761156314,FALSE,FALSE,FALSE,"2,16,7,1,3,4,5,6,8,9,10,11","2,7,16","2,4,6,7,16","2,7,16","2,7,16"
59,13,0.990816958973119,0.0762166891517784,-1589.42733991205,-1534.63743463256,FALSE,FALSE,FALSE,"2,16,7,1,3,4,5,6,8,9,10,11,12","2,7,16","2,4,6,7,16","2,7,16","2,7,16"
59,14,0.990821553304822,0.0707729680932016,-1587.67755557366,-1528.67304219575,FALSE,FALSE,FALSE,"2,16,7,1,3,4,5,6,8,9,10,11,12,13","2,7,16","2,4,6,7,16","2,7,16","2,7,16"
59,15,0.990825985951206,0.0660550657300804,-1585.9190843001,-1522.69996282377,FALSE,FALSE,FALSE,"2,16,7,1,3,4,5,6,8,9,10,11,12,13,14","2,7,16","2,4,6,7,16","2,7,16","2,7,16"
59,16,0.990829041006201,0.0619268150628876,-1584.08561793392,-1516.65188835917,FALSE,FALSE,FALSE,"2,16,7,1,3,4,5,6,8,9,10,11,12,13,14,15","2,7,16","2,4,6,7,16","2,7,16","2,7,16"
59,17,0.99083204324874,0.0582842378381612,-1582.24932677077,-1510.60098909759,FALSE,FALSE,FALSE,"2,16,7,1,3,4,5,6,8,9,10,11,12,13,14,15,17","2,7,16","2,4,6,7,16","2,7,16","2,7,16"
59,18,0.990832663480383,0.0550462590822435,-1580.28315397136,-1504.42020819976,FALSE,FALSE,FALSE,"2,16,7,1,3,4,5,6,8,9,10,11,12,13,14,15,17,18","2,7,16","2,4,6,7,16","2,7,16","2,7,16"
59,19,0.990832888690623,0.0521490994047696,-1578.29543741956,-1498.21788354954,FALSE,FALSE,FALSE,"2,16,7,1,3,4,5,6,8,9,10,11,12,13,14,15,17,18,19","2,7,16","2,4,6,7,16","2,7,16","2,7,16"
59,20,0.990833048994812,0.0495416524497406,-1576.30418093673,-1492.01201896828,FALSE,FALSE,FALSE,"2,16,7,1,3,4,5,6,8,9,10,11,12,13,14,15,17,18,19,20","2,7,16","2,4,6,7,16","2,7,16","2,7,16"
60,1,0.673010009328208,0.673010009328208,-48.7105002669996,-44.4958921685774,TRUE,FALSE,FALSE,"2","2","2","2","2,9,15"
60,2,0.85563559395861,0.427817796979305,-455.504930440463,-447.075714243618,FALSE,FALSE,FALSE,"2,9","2","2,6","2,9","2,9,15"
60,3,0.986247888076156,0.328749296025385,-1629.07907730844,-1616.43525301317,FALSE,FALSE,FALSE,"2,9,15","2","2,6,9","2,9,15","2,9,15"
60,4,0.986442883565028,0.246610720891257,-1634.21947689302,-1617.36104449933,FALSE,FALSE,TRUE,"2,9,15,1","2","2,6,9,10","2,9,15,20","2,9,15"
60,5,0.98655444565705,0.19731088913141,-1636.35102105449,-1615.27798056238,FALSE,FALSE,FALSE,"2,9,15,1,3","2","2,6,9,10,11","2,9,15,20","2,9,15"
60,6,0.98661950516711,0.164436584194518,-1636.77626217698,-1611.48861358645,FALSE,FALSE,FALSE,"2,9,15,1,3,4","2","2,6,9,10,11,15","2,9,15,20","2,9,15"
60,7,0.986679205621871,0.140954172231696,-1637.01213003236,-1607.50987334341,FALSE,TRUE,FALSE,"2,9,15,1,3,4,5","2","2,6,9,10,11,15,20","2,9,15,20","2,9,15"
60,8,0.986723985794781,0.123340498224348,-1636.6957987734,-1602.97893398603,FALSE,FALSE,FALSE,"2,9,15,1,3,4,5,6","2","2,6,9,10,11,15,20","2,9,15,20","2,9,15"
60,9,0.98673776902576,0.109637529891751,-1635.21517117822,-1597.28369829242,FALSE,FALSE,FALSE,"2,9,15,1,3,4,5,6,7","2","2,6,9,10,11,15,20","2,9,15,20","2,9,15"
60,10,0.986745582205868,0.0986745582205868,-1633.50982305534,-1591.36374207112,FALSE,FALSE,FALSE,"2,9,15,1,3,4,5,6,7,8","2","2,6,9,10,11,15,20","2,9,15,20","2,9,15"
60,11,0.986757846532418,0.0897052587756743,-1631.97268775222,-1585.61199866958,FALSE,FALSE,FALSE,"2,9,15,1,3,4,5,6,7,8,10","2","2,6,9,10,11,15,20","2,9,15,20","2,9,15"
60,12,0.986764493558008,0.0822303744631673,-1630.2237305465,-1579.64843336543,FALSE,FALSE,FALSE,"2,9,15,1,3,4,5,6,7,8,10,11","2","2,6,9,10,11,15,20","2,9,15,20","2,9,15"
60,13,0.986771004480634,0.0759054618831257,-1628.46975530703,-1573.67985002754,FALSE,FALSE,FALSE,"2,9,15,1,3,4,5,6,7,8,10,11,12","2","2,6,9,10,11,15,20","2,9,15,20","2,9,15"
60,14,0.986777507841179,0.0704841077029414,-1626.71561522824,-1567.71110185033,FALSE,FALSE,FALSE,"2,9,15,1,3,4,5,6,7,8,10,11,12,13","2","2,6,9,10,11,15,20","2,9,15,20","2,9,15"
60,15,0.986782569671575,0.0657855046447717,-1624.90706172208,-1561.68794024574,FALSE,FALSE,FALSE,"2,9,15,1,3,4,5,6,7,8,10,11,12,13,14","2","2,6,9,10,11,15,20","2,9,15,20","2,9,15"
60,16,0.986788030109374,0.0616742518818359,-1623.11366640592,-1555.67993683117,FALSE,FALSE,FALSE,"2,9,15,1,3,4,5,6,7,8,10,11,12,13,14,16","2","2,6,9,10,11,15,20","2,9,15,20","2,9,15"
60,17,0.986792454716458,0.0580466149833211,-1621.28114136134,-1549.63280368816,FALSE,FALSE,FALSE,"2,9,15,1,3,4,5,6,7,8,10,11,12,13,14,16,17","2","2,6,9,10,11,15,20","2,9,15,20","2,9,15"
60,18,0.986794559159611,0.0548219199533117,-1619.36081592549,-1543.49787015389,FALSE,FALSE,FALSE,"2,9,15,1,3,4,5,6,7,8,10,11,12,13,14,16,17,18","2","2,6,9,10,11,15,20","2,9,15,20","2,9,15"
60,19,0.98679561674817,0.0519366114077984,-1617.40086119635,-1537.32330732633,FALSE,FALSE,FALSE,"2,9,15,1,3,4,5,6,7,8,10,11,12,13,14,16,17,18,19","2","2,6,9,10,11,15,20","2,9,15,20","2,9,15"
60,20,0.986795900362373,0.0493397950181187,-1615.41160070777,-1531.11943873932,FALSE,FALSE,FALSE,"2,9,15,1,3,4,5,6,7,8,10,11,12,13,14,16,17,18,19,20","2","2,6,9,10,11,15,20","2,9,15,20","2,9,15"
61,1,0.742850404921174,0.742850404921174,-310.97184311527,-306.757235016848,TRUE,FALSE,FALSE,"13","13","7","13","13,18,19"
61,2,0.79983313375933,0.399916566879665,-434.225166954965,-425.795950758121,FALSE,FALSE,FALSE,"13,18","13","7,8","13,18","13,18,19"
61,3,0.981518649939317,0.327172883313106,-1623.41978251182,-1610.77595821655,FALSE,FALSE,TRUE,"13,18,19","13","7,8,10","13,18,19","13,18,19"
61,4,0.981696114707482,0.245424028676871,-1626.2441677107,-1609.38573531701,FALSE,FALSE,FALSE,"13,18,19,1","13","7,8,10,13","13,18,19","13,18,19"
61,5,0.981792510235685,0.196358502047137,-1626.88432442967,-1605.81128393756,FALSE,FALSE,FALSE,"13,18,19,1,2","13","7,8,10,13,18","13,18,19","13,18,19"
61,6,0.981896446821941,0.163649407803657,-1627.74672830729,-1602.45907971676,FALSE,FALSE,FALSE,"13,18,19,1,2,3","13","7,8,10,13,18,19","13,18,19","13,18,19"
61,7,0.981992242608799,0.140284606086971,-1628.39952628289,-1598.89726959393,FALSE,TRUE,FALSE,"13,18,19,1,2,3,4","13","7,8,10,13,18,19,20","13,18,19","13,18,19"
61,8,0.982032453260812,0.122754056657602,-1627.51725606253,-1593.80039127515,FALSE,FALSE,FALSE,"13,18,19,1,2,3,4,5","13","7,8,10,13,18,19,20","13,18,19","13,18,19"
61,9,0.982065331865843,0.109118370207316,-1626.43303839903,-1588.50156551323,FALSE,FALSE,FALSE,"13,18,19,1,2,3,4,5,6","13","7,8,10,13,18,19,20","13,18,19","13,18,19"
61,10,0.982108183029722,0.0982108183029722,-1625.62911398916,-1583.48303300493,FALSE,FALSE,FALSE,"13,18,19,1,2,3,4,5,6,7","13","7,8,10,13,18,19,20","13,18,19","13,18,19"
61,11,0.98214663891528,0.0892860580832072,-1624.70494861879,-1578.34425953615,FALSE,FALSE,FALSE,"13,18,19,1,2,3,4,5,6,7,8","13","7,8,10,13,18,19,20","13,18,19","13,18,19"
61,12,0.982175542065199,0.0818479618387666,-1623.51506417621,-1572.93976699515,FALSE,FALSE,FALSE,"13,18,19,1,2,3,4,5,6,7,8,9","13","7,8,10,13,18,19,20","13,18,19","13,18,19"
61,13,0.982200010990869,0.0755538469992976,-1622.20192198361,-1567.41201670412,FALSE,FALSE,FALSE,"13,18,19,1,2,3,4,5,6,7,8,9,10","13","7,8,10,13,18,19,20","13,18,19","13,18,19"
61,14,0.982214166142764,0.0701581547244831,-1620.59969703842,-1561.59518366051,FALSE,FALSE,FALSE,"13,18,19,1,2,3,4,5,6,7,8,9,10,11","13","7,8,10,13,18,19,20","13,18,19","13,18,19"
61,15,0.982218766820803,0.0654812511213868,-1618.72904922987,-1555.50992775354,FALSE,FALSE,FALSE,"13,18,19,1,2,3,4,5,6,7,8,9,10,11,12","13","7,8,10,13,18,19,20","13,18,19","13,18,19"
61,16,0.982225613238644,0.0613891008274152,-1616.92160438534,-1549.48787481059,FALSE,FALSE,FALSE,"13,18,19,1,2,3,4,5,6,7,8,9,10,11,12,14","13","7,8,10,13,18,19,20","13,18,19","13,18,19"
61,17,0.982228966650374,0.0577781745088455,-1615.01594598349,-1543.36760831032,FALSE,FALSE,FALSE,"13,18,19,1,2,3,4,5,6,7,8,9,10,11,12,14,15","13","7,8,10,13,18,19,20","13,18,19","13,18,19"
61,18,0.982235060313604,0.0545686144618669,-1613.18742470687,-1537.32447893527,FALSE,FALSE,FALSE,"13,18,19,1,2,3,4,5,6,7,8,9,10,11,12,14,15,16","13","7,8,10,13,18,19,20","13,18,19","13,18,19"
61,19,0.982235939144399,0.051696628376021,-1611.21216029698,-1531.13460642696,FALSE,FALSE,FALSE,"13,18,19,1,2,3,4,5,6,7,8,9,10,11,12,14,15,16,17","13","7,8,10,13,18,19,20","13,18,19","13,18,19"
61,20,0.98223607664881,0.0491118038324405,-1609.21603060978,-1524.92386864133,FALSE,FALSE,FALSE,"13,18,19,1,2,3,4,5,6,7,8,9,10,11,12,14,15,16,17,20","13","7,8,10,13,18,19,20","13,18,19","13,18,19"
62,1,0.640952707619208,0.640952707619208,123.950138443044,128.164746541467,FALSE,FALSE,FALSE,"14","4","4","4","4,10,14"
62,2,0.927525578644532,0.463762789322266,-674.160072929237,-665.730856732393,TRUE,FALSE,FALSE,"14,4","4,14","4,6","4,10","4,10,14"
62,3,0.987766415955765,0.329255471985255,-1561.68443815786,-1549.04061386259,FALSE,FALSE,TRUE,"14,4,10","4,14","4,6,10","4,10,14","4,10,14"
62,4,0.98786026569088,0.24696506642272,-1563.5349683802,-1546.67653598651,FALSE,TRUE,FALSE,"14,4,10,1","4,14","4,6,10,14","4,10,14","4,10,14"
62,5,0.98790575603279,0.197581151206558,-1563.41210117375,-1542.33906068164,FALSE,FALSE,FALSE,"14,4,10,1,2","4,14","4,6,10,14","4,10,14","4,10,14"
62,6,0.987947249448662,0.16465787490811,-1563.13047058324,-1537.84282199271,FALSE,FALSE,FALSE,"14,4,10,1,2,3","4,14","4,6,10,14","4,10,14","4,10,14"
62,7,0.987970910882926,0.141138701554704,-1562.11301353694,-1532.61075684798,FALSE,FALSE,FALSE,"14,4,10,1,2,3,5","4,14","4,6,10,14","4,10,14","4,10,14"
62,8,0.987999193961044,0.123499899245131,-1561.29000956607,-1527.57314477869,FALSE,FALSE,FALSE,"14,4,10,1,2,3,5,6","4,14","4,6,10,14","4,10,14","4,10,14"
62,9,0.988027239452219,0.10978080438358,-1560.45986069634,-1522.52838781054,FALSE,FALSE,FALSE,"14,4,10,1,2,3,5,6,7","4,14","4,6,10,14","4,10,14","4,10,14"
62,10,0.98804439141667,0.0988044391416671,-1559.17666539354,-1517.03058440932,FALSE,FALSE,FALSE,"14,4,10,1,2,3,5,6,7,8","4,14","4,6,10,14","4,10,14","4,10,14"
62,11,0.988057787181643,0.0898234351983312,-1557.73720880669,-1511.37651972405,FALSE,FALSE,FALSE,"14,4,10,1,2,3,5,6,7,8,9","4,14","4,6,10,14","4,10,14","4,10,14"
62,12,0.988066889206492,0.0823389074338743,-1556.11844030068,-1505.54314311961,FALSE,FALSE,FALSE,"14,4,10,1,2,3,5,6,7,8,9,11","4,14","4,6,10,14","4,10,14","4,10,14"
62,13,0.988077318919057,0.0760059476091582,-1554.55563866679,-1499.7657333873,FALSE,FALSE,FALSE,"14,4,10,1,2,3,5,6,7,8,9,11,12","4,14","4,6,10,14","4,10,14","4,10,14"
62,14,0.988082374190587,0.0705773124421848,-1552.76768592057,-1493.76317254266,FALSE,FALSE,FALSE,"14,4,10,1,2,3,5,6,7,8,9,11,12,13","4,14","4,6,10,14","4,10,14","4,10,14"
62,15,0.988086457765231,0.0658724305176821,-1550.93904028627,-1487.71991880994,FALSE,FALSE,FALSE,"14,4,10,1,2,3,5,6,7,8,9,11,12,13,15","4,14","4,6,10,14","4,10,14","4,10,14"
62,16,0.988090034384658,0.0617556271490411,-1549.08917012762,-1481.65544055286,FALSE,FALSE,FALSE,"14,4,10,1,2,3,5,6,7,8,9,11,12,13,15,16","4,14","4,6,10,14","4,10,14","4,10,14"
62,17,0.988093177418212,0.0581231280834242,-1547.22113727391,-1475.57279960073,FALSE,FALSE,FALSE,"14,4,10,1,2,3,5,6,7,8,9,11,12,13,15,16,17","4,14","4,6,10,14","4,10,14","4,10,14"
62,18,0.988094424544525,0.0548941346969181,-1545.27351025678,-1469.41056448518,FALSE,FALSE,FALSE,"14,4,10,1,2,3,5,6,7,8,9,11,12,13,15,16,17,18","4,14","4,6,10,14","4,10,14","4,10,14"
62,19,0.988094919391686,0.0520049957574572,-1543.29429284924,-1463.21673897922,FALSE,FALSE,FALSE,"14,4,10,1,2,3,5,6,7,8,9,11,12,13,15,16,17,18,19","4,14","4,6,10,14","4,10,14","4,10,14"
62,20,0.988094924362607,0.0494047462181303,-1541.29450162236,-1457.00233965391,FALSE,FALSE,FALSE,"14,4,10,1,2,3,5,6,7,8,9,11,12,13,15,16,17,18,19,20","4,14","4,6,10,14","4,10,14","4,10,14"
63,1,0.573694260911736,0.573694260911736,294.99626422067,299.210872319092,TRUE,FALSE,FALSE,"9","9","1","1","1,9,18"
63,2,0.858084479687269,0.429042239843635,-252.966152305048,-244.536936108203,FALSE,FALSE,FALSE,"9,1","9","1,4","1,9","1,9,18"
63,3,0.990824684934828,0.330274894978276,-1620.32376245869,-1607.67993816343,FALSE,FALSE,TRUE,"9,1,18","9","1,4,5","1,9,18","1,9,18"
63,4,0.990899222315435,0.247724805578859,-1622.40219404154,-1605.54376164785,FALSE,FALSE,FALSE,"9,1,18,2","9","1,4,5,9","1,9,18","1,9,18"
63,5,0.990933249299903,0.198186649859981,-1622.27515240637,-1601.20211191426,FALSE,FALSE,FALSE,"9,1,18,2,3","9","1,4,5,9,13","1,9,18","1,9,18"
63,6,0.990973491956613,0.165162248659435,-1622.4993356583,-1597.21168706776,FALSE,TRUE,FALSE,"9,1,18,2,3,4","9","1,4,5,9,13,18","1,9,18","1,9,18"
63,7,0.990984709111149,0.141569244158736,-1621.12106722863,-1591.61881053968,FALSE,FALSE,FALSE,"9,1,18,2,3,4,5","9","1,4,5,9,13,18","1,9,18","1,9,18"
63,8,0.991022683718252,0.123877835464781,-1621.23163759391,-1587.51477280653,FALSE,FALSE,FALSE,"9,1,18,2,3,4,5,6","9","1,4,5,9,13,18","1,9,18","1,9,18"
63,9,0.99102919726211,0.110114355251346,-1619.59454716328,-1581.66307427748,FALSE,FALSE,FALSE,"9,1,18,2,3,4,5,6,7","9","1,4,5,9,13,18","1,9,18","1,9,18"
63,10,0.991050758984096,0.0991050758984096,-1618.7977658991,-1576.65168491488,FALSE,FALSE,FALSE,"9,1,18,2,3,4,5,6,7,8","9","1,4,5,9,13,18","1,9,18","1,9,18"
63,11,0.991057321343339,0.0900961201221218,-1617.16454373276,-1570.80385465012,FALSE,FALSE,FALSE,"9,1,18,2,3,4,5,6,7,8,10","9","1,4,5,9,13,18","1,9,18","1,9,18"
63,12,0.99106365192789,0.0825886376606575,-1615.51862255992,-1564.94332537885,FALSE,FALSE,FALSE,"9,1,18,2,3,4,5,6,7,8,10,11","9","1,4,5,9,13,18","1,9,18","1,9,18"
63,13,0.991067042284686,0.0762359263295912,-1613.70835331261,-1558.91844803312,FALSE,FALSE,FALSE,"9,1,18,2,3,4,5,6,7,8,10,11,12","9","1,4,5,9,13,18","1,9,18","1,9,18"
63,14,0.991070165844057,0.0707907261317184,-1611.88321732187,-1552.87870394396,FALSE,FALSE,FALSE,"9,1,18,2,3,4,5,6,7,8,10,11,12,13","9","1,4,5,9,13,18","1,9,18","1,9,18"
63,15,0.991073910832739,0.0660715940555159,-1610.09295101465,-1546.87382953831,FALSE,FALSE,FALSE,"9,1,18,2,3,4,5,6,7,8,10,11,12,13,14","9","1,4,5,9,13,18","1,9,18","1,9,18"
63,16,0.991075862025668,0.0619422413766042,-1608.20226015234,-1540.76853057758,FALSE,FALSE,FALSE,"9,1,18,2,3,4,5,6,7,8,10,11,12,13,14,15","9","1,4,5,9,13,18","1,9,18","1,9,18"
63,17,0.99107690447682,0.0582986414398129,-1606.26066982987,-1534.61233215669,FALSE,FALSE,FALSE,"9,1,18,2,3,4,5,6,7,8,10,11,12,13,14,15,16","9","1,4,5,9,13,18","1,9,18","1,9,18"
63,18,0.991077555575829,0.0550598641986572,-1604.29715508118,-1528.43420930958,FALSE,FALSE,FALSE,"9,1,18,2,3,4,5,6,7,8,10,11,12,13,14,15,16,17","9","1,4,5,9,13,18","1,9,18","1,9,18"
63,19,0.991077928718374,0.0521619962483355,-1602.31806585012,-1522.2405119801,FALSE,FALSE,FALSE,"9,1,18,2,3,4,5,6,7,8,10,11,12,13,14,15,16,17,19","9","1,4,5,9,13,18","1,9,18","1,9,18"
63,20,0.991078220053275,0.0495539110026638,-1600.33439275721,-1516.04223078877,FALSE,FALSE,FALSE,"9,1,18,2,3,4,5,6,7,8,10,11,12,13,14,15,16,17,19,20","9","1,4,5,9,13,18","1,9,18","1,9,18"
64,1,0.723193516500173,0.723193516500173,292.748178384868,296.96278648329,TRUE,FALSE,FALSE,"11","8","3","6","6,8,11"
64,2,0.949093129441935,0.474546564720967,-551.912196903133,-543.482980706289,FALSE,FALSE,FALSE,"11,6","8","3,6","6,8","6,8,11"
64,3,0.993471460149638,0.331157153383213,-1576.81948891984,-1564.17566462457,FALSE,FALSE,TRUE,"11,6,8","8","3,6,8","6,8,11","6,8,11"
64,4,0.993515963844318,0.248378990961079,-1578.23955487575,-1561.38112248207,FALSE,FALSE,FALSE,"11,6,8,1","8","3,6,8,11","6,8,11","6,8,11"
64,5,0.993548336113339,0.198709667222668,-1578.74211264195,-1557.66907214984,FALSE,FALSE,FALSE,"11,6,8,1,2","8","3,6,8,11,15","6,8,11","6,8,11"
64,6,0.993584049128102,0.16559734152135,-1579.51753816811,-1554.22988957758,FALSE,TRUE,FALSE,"11,6,8,1,2,3","8","3,6,8,11,15,20","6,8,11","6,8,11"
64,7,0.993604582335174,0.141943511762168,-1579.12027284824,-1549.61801615929,FALSE,FALSE,FALSE,"11,6,8,1,2,3,4","8","3,6,8,11,15,20","6,8,11","6,8,11"
64,8,0.993623572252649,0.124202946531581,-1578.60713170502,-1544.89026691764,FALSE,FALSE,FALSE,"11,6,8,1,2,3,4,5","8","3,6,8,11,15,20","6,8,11","6,8,11"
64,9,0.993641718805975,0.110404635422886,-1578.03210071629,-1540.10062783049,FALSE,FALSE,FALSE,"11,6,8,1,2,3,4,5,7","8","3,6,8,11,15,20","6,8,11","6,8,11"
64,10,0.993651613902035,0.0993651613902035,-1576.81083347387,-1534.66475248965,FALSE,FALSE,FALSE,"11,6,8,1,2,3,4,5,7,9","8","3,6,8,11,15,20","6,8,11","6,8,11"
64,11,0.993655864261062,0.0903323512964602,-1575.1457046083,-1528.78501552565,FALSE,FALSE,FALSE,"11,6,8,1,2,3,4,5,7,9,10","8","3,6,8,11,15,20","6,8,11","6,8,11"
64,12,0.993658642625684,0.0828048868854736,-1573.36472365949,-1522.78942647843,FALSE,FALSE,FALSE,"11,6,8,1,2,3,4,5,7,9,10,12","8","3,6,8,11,15,20","6,8,11","6,8,11"
64,13,0.993660932145374,0.0764354563188749,-1571.54527909621,-1516.75537381672,FALSE,FALSE,FALSE,"11,6,8,1,2,3,4,5,7,9,10,12,13","8","3,6,8,11,15,20","6,8,11","6,8,11"
64,14,0.993663958387309,0.070975997027665,-1569.78403379894,-1510.77952042103,FALSE,FALSE,FALSE,"11,6,8,1,2,3,4,5,7,9,10,12,13,14","8","3,6,8,11,15,20","6,8,11","6,8,11"
64,15,0.993665683533753,0.0662443789022502,-1567.92018989209,-1504.70106841576,FALSE,FALSE,FALSE,"11,6,8,1,2,3,4,5,7,9,10,12,13,14,15","8","3,6,8,11,15,20","6,8,11","6,8,11"
64,16,0.993666294698414,0.0621041434186509,-1565.96843457248,-1498.53470499773,FALSE,FALSE,FALSE,"11,6,8,1,2,3,4,5,7,9,10,12,13,14,15,16","8","3,6,8,11,15,20","6,8,11","6,8,11"
64,17,0.993667075022779,0.0584510044131046,-1564.03003930461,-1492.38170163143,FALSE,FALSE,FALSE,"11,6,8,1,2,3,4,5,7,9,10,12,13,14,15,16,17","8","3,6,8,11,15,20","6,8,11","6,8,11"
64,18,0.993667647515263,0.0552037581952924,-1562.07524103717,-1486.21229526557,FALSE,FALSE,FALSE,"11,6,8,1,2,3,4,5,7,9,10,12,13,14,15,16,17,18","8","3,6,8,11,15,20","6,8,11","6,8,11"
64,19,0.993667975876924,0.0522983145198381,-1560.10116901386,-1480.02361514384,FALSE,FALSE,FALSE,"11,6,8,1,2,3,4,5,7,9,10,12,13,14,15,16,17,18,19","8","3,6,8,11,15,20","6,8,11","6,8,11"
64,20,0.993668067459597,0.0496834033729798,-1558.10840077207,-1473.81623880363,FALSE,FALSE,FALSE,"11,6,8,1,2,3,4,5,7,9,10,12,13,14,15,16,17,18,19,20","8","3,6,8,11,15,20","6,8,11","6,8,11"
65,1,0.775794503358488,0.775794503358488,-353.77669258195,-349.562084483528,TRUE,FALSE,FALSE,"15","15","8","10","10,12,15"
65,2,0.83716338796216,0.41858169398108,-511.68454711892,-503.255330922076,FALSE,FALSE,FALSE,"15,12","15","8,10","10,12","10,12,15"
65,3,0.983106786574584,0.327702262191528,-1642.60222168654,-1629.95839739127,FALSE,FALSE,TRUE,"15,12,10","15","8,10,12","10,12,15","10,12,15"
65,4,0.98326455834956,0.24581613958739,-1645.29384352532,-1628.43541113163,FALSE,TRUE,FALSE,"15,12,10,1","15","8,10,12,15","10,12,15","10,12,15"
65,5,0.98330662668887,0.196661325337774,-1644.55228961638,-1623.47924912427,FALSE,FALSE,FALSE,"15,12,10,1,2","15","8,10,12,15","10,12,15","10,12,15"
65,6,0.983346809453848,0.163891134908975,-1643.75729486367,-1618.46964627313,FALSE,FALSE,FALSE,"15,12,10,1,2,3","15","8,10,12,15","10,12,15","10,12,15"
65,7,0.983372017833783,0.140481716833398,-1642.51473165756,-1613.0124749686,FALSE,FALSE,FALSE,"15,12,10,1,2,3,4","15","8,10,12,15","10,12,15","10,12,15"
65,8,0.983388230362661,0.122923528795333,-1641.00247688078,-1607.28561209341,FALSE,FALSE,FALSE,"15,12,10,1,2,3,4,5","15","8,10,12,15","10,12,15","10,12,15"
65,9,0.983407641439779,0.109267515715531,-1639.58707525403,-1601.65560236823,FALSE,FALSE,FALSE,"15,12,10,1,2,3,4,5,6","15","8,10,12,15","10,12,15","10,12,15"
65,10,0.983422773028644,0.0983422773028644,-1638.04326394834,-1595.89718296412,FALSE,FALSE,FALSE,"15,12,10,1,2,3,4,5,6,7","15","8,10,12,15","10,12,15","10,12,15"
65,11,0.983433340026772,0.0894030309115248,-1636.36208589292,-1590.00139681028,FALSE,FALSE,FALSE,"15,12,10,1,2,3,4,5,6,7,8","15","8,10,12,15","10,12,15","10,12,15"
65,12,0.983438003105541,0.0819531669254617,-1634.50284254411,-1583.92754536304,FALSE,FALSE,FALSE,"15,12,10,1,2,3,4,5,6,7,8,9","15","8,10,12,15","10,12,15","10,12,15"
65,13,0.983443268211706,0.0756494821701312,-1632.66181924457,-1577.87191396509,FALSE,FALSE,FALSE,"15,12,10,1,2,3,4,5,6,7,8,9,11","15","8,10,12,15","10,12,15","10,12,15"
65,14,0.983448949916463,0.0702463535654617,-1630.83343161158,-1571.82891823367,FALSE,FALSE,FALSE,"15,12,10,1,2,3,4,5,6,7,8,9,11,13","15","8,10,12,15","10,12,15","10,12,15"
65,15,0.983455449555099,0.0655636966370066,-1629.02982142217,-1565.81069994584,FALSE,FALSE,FALSE,"15,12,10,1,2,3,4,5,6,7,8,9,11,13,14","15","8,10,12,15","10,12,15","10,12,15"
65,16,0.983460572927463,0.0614662858079665,-1627.18468104879,-1559.75095147403,FALSE,FALSE,FALSE,"15,12,10,1,2,3,4,5,6,7,8,9,11,13,14,16","15","8,10,12,15","10,12,15","10,12,15"
65,17,0.983462777368721,0.0578507516099248,-1625.25132749819,-1553.60298982501,FALSE,FALSE,FALSE,"15,12,10,1,2,3,4,5,6,7,8,9,11,13,14,16,17","15","8,10,12,15","10,12,15","10,12,15"
65,18,0.983464720676605,0.054636928926478,-1623.31008652067,-1547.44714074907,FALSE,FALSE,FALSE,"15,12,10,1,2,3,4,5,6,7,8,9,11,13,14,16,17,18","15","8,10,12,15","10,12,15","10,12,15"
65,19,0.983466362741976,0.0517613875127356,-1621.35974237707,-1541.28218850705,FALSE,FALSE,FALSE,"15,12,10,1,2,3,4,5,6,7,8,9,11,13,14,16,17,18,19","15","8,10,12,15","10,12,15","10,12,15"
65,20,0.983466365931101,0.049173318296555,-1619.3598388206,-1535.06767685216,FALSE,FALSE,FALSE,"15,12,10,1,2,3,4,5,6,7,8,9,11,13,14,16,17,18,19,20","15","8,10,12,15","10,12,15","10,12,15"
66,1,0.536792299545799,0.536792299545799,-84.4017501331544,-80.1871420347322,FALSE,FALSE,FALSE,"9","8","8","8","8,9,19"
66,2,0.854664283344044,0.427332141672022,-661.966348650461,-653.537132453616,FALSE,FALSE,FALSE,"9,19","8,9","8,9","8,9","8,9,19"
66,3,0.976320718443515,0.325440239481172,-1567.18929048809,-1554.54546619282,TRUE,FALSE,TRUE,"9,19,8","8,9,19","8,9,17","8,9,19","8,9,19"
66,4,0.976578307739908,0.244144576934977,-1570.65821912396,-1553.79978673027,FALSE,TRUE,FALSE,"9,19,8,1","8,9,19","8,9,17,19","8,9,19","8,9,19"
66,5,0.976659904367503,0.195331980873501,-1570.40316332067,-1549.33012282856,FALSE,FALSE,FALSE,"9,19,8,1,2","8,9,19","8,9,17,19","8,9,19","8,9,19"
66,6,0.976760533976904,0.162793422329484,-1570.56354788375,-1545.27589929322,FALSE,FALSE,FALSE,"9,19,8,1,2,3","8,9,19","8,9,17,19","8,9,19","8,9,19"
66,7,0.97685563136812,0.13955080448116,-1570.61377777891,-1541.11152108995,FALSE,FALSE,FALSE,"9,19,8,1,2,3,4","8,9,19","8,9,17,19","8,9,19","8,9,19"
66,8,0.976927606892885,0.122115950861611,-1570.17112581119,-1536.45426102382,FALSE,FALSE,FALSE,"9,19,8,1,2,3,4,5","8,9,19","8,9,17,19","8,9,19","8,9,19"
66,9,0.976964510902509,0.108551612322501,-1568.97150994814,-1531.04003706234,FALSE,FALSE,FALSE,"9,19,8,1,2,3,4,5,6","8,9,19","8,9,17,19","8,9,19","8,9,19"
66,10,0.97700075791338,0.097700075791338,-1567.75889411286,-1525.61281312864,FALSE,FALSE,FALSE,"9,19,8,1,2,3,4,5,6,7","8,9,19","8,9,17,19","8,9,19","8,9,19"
66,11,0.977051564405787,0.0888228694914352,-1566.8646412513,-1520.50395216866,FALSE,FALSE,FALSE,"9,19,8,1,2,3,4,5,6,7,10","8,9,19","8,9,17,19","8,9,19","8,9,19"
66,12,0.977084415971722,0.0814237013309768,-1565.58092324803,-1515.00562606696,FALSE,FALSE,FALSE,"9,19,8,1,2,3,4,5,6,7,10,11","8,9,19","8,9,17,19","8,9,19","8,9,19"
66,13,0.977112247229633,0.0751624805561256,-1564.18854844045,-1509.39864316096,FALSE,FALSE,FALSE,"9,19,8,1,2,3,4,5,6,7,10,11,12","8,9,19","8,9,17,19","8,9,19","8,9,19"
66,14,0.977135555396325,0.0697953968140232,-1562.69799214034,-1503.69347876243,FALSE,FALSE,FALSE,"9,19,8,1,2,3,4,5,6,7,10,11,12,13","8,9,19","8,9,17,19","8,9,19","8,9,19"
66,15,0.977153078510652,0.0651435385673768,-1561.08133476787,-1497.86221329154,FALSE,FALSE,FALSE,"9,19,8,1,2,3,4,5,6,7,10,11,12,13,14","8,9,19","8,9,17,19","8,9,19","8,9,19"
66,16,0.977163732116347,0.0610727332572717,-1559.31454103114,-1491.88081145638,FALSE,FALSE,FALSE,"9,19,8,1,2,3,4,5,6,7,10,11,12,13,14,15","8,9,19","8,9,17,19","8,9,19","8,9,19"
66,17,0.977174310774373,0.0574808418102572,-1557.54621437334,-1485.89787670016,FALSE,FALSE,FALSE,"9,19,8,1,2,3,4,5,6,7,10,11,12,13,14,15,16","8,9,19","8,9,17,19","8,9,19","8,9,19"
66,18,0.977182687005953,0.0542879270558863,-1555.72973060293,-1479.86678483133,FALSE,FALSE,FALSE,"9,19,8,1,2,3,4,5,6,7,10,11,12,13,14,15,16,17","8,9,19","8,9,17,19","8,9,19","8,9,19"
66,19,0.977185160661093,0.0514307979295312,-1553.783939204,-1473.70638533398,FALSE,FALSE,FALSE,"9,19,8,1,2,3,4,5,6,7,10,11,12,13,14,15,16,17,18","8,9,19","8,9,17,19","8,9,19","8,9,19"
66,20,0.97718657739271,0.0488593288696355,-1551.81498863603,-1467.52282666759,FALSE,FALSE,FALSE,"9,19,8,1,2,3,4,5,6,7,10,11,12,13,14,15,16,17,18,20","8,9,19","8,9,17,19","8,9,19","8,9,19"
67,1,0.628891582623454,0.628891582623454,-121.299596498727,-117.084988400305,TRUE,FALSE,FALSE,"17","17","2","2","2,9,17"
67,2,0.838980724378691,0.419490362189346,-536.784680432707,-528.355464235863,FALSE,FALSE,FALSE,"17,9","17","2,9","2,9","2,9,17"
67,3,0.979951952933061,0.326650650977687,-1576.48084858803,-1563.83702429276,FALSE,FALSE,TRUE,"17,9,2","17","2,9,10","2,9,17","2,9,17"
67,4,0.98015176628858,0.245037941572145,-1579.4892108289,-1562.63077843521,FALSE,TRUE,FALSE,"17,9,2,1","17","2,9,10,17","2,9,17","2,9,17"
67,5,0.980198162061563,0.196039632412313,-1578.65934223667,-1557.58630174456,FALSE,FALSE,FALSE,"17,9,2,1,3","17","2,9,10,17","2,9,17","2,9,17"
67,6,0.980264242986996,0.163377373831166,-1578.33068787732,-1553.04303928679,FALSE,FALSE,FALSE,"17,9,2,1,3,4","17","2,9,10,17","2,9,17","2,9,17"
67,7,0.980313054365613,0.14004472205223,-1577.56884255171,-1548.06658586275,FALSE,FALSE,FALSE,"17,9,2,1,3,4,5","17","2,9,10,17","2,9,17","2,9,17"
67,8,0.980360780628108,0.122545097578514,-1576.78244387588,-1543.0655790885,FALSE,FALSE,FALSE,"17,9,2,1,3,4,5,6","17","2,9,10,17","2,9,17","2,9,17"
67,9,0.98040525573792,0.108933917304213,-1575.91603132772,-1537.98455844192,FALSE,FALSE,FALSE,"17,9,2,1,3,4,5,6,7","17","2,9,10,17","2,9,17","2,9,17"
67,10,0.980437946043486,0.0980437946043486,-1574.75088797201,-1532.60480698778,FALSE,FALSE,FALSE,"17,9,2,1,3,4,5,6,7,8","17","2,9,10,17","2,9,17","2,9,17"
67,11,0.980457561125562,0.0891325055568692,-1573.25249487956,-1526.89180579691,FALSE,FALSE,FALSE,"17,9,2,1,3,4,5,6,7,8,10","17","2,9,10,17","2,9,17","2,9,17"
67,12,0.980488038947958,0.0817073365789965,-1572.0328891153,-1521.45759193424,FALSE,FALSE,FALSE,"17,9,2,1,3,4,5,6,7,8,10,11","17","2,9,10,17","2,9,17","2,9,17"
67,13,0.98050385758386,0.0754233736602969,-1570.4384109265,-1515.64850564701,FALSE,FALSE,FALSE,"17,9,2,1,3,4,5,6,7,8,10,11,12","17","2,9,10,17","2,9,17","2,9,17"
67,14,0.980519879007003,0.0700371342147859,-1568.84946685243,-1509.84495347452,FALSE,FALSE,FALSE,"17,9,2,1,3,4,5,6,7,8,10,11,12,13","17","2,9,10,17","2,9,17","2,9,17"
67,15,0.980530692685136,0.0653687128456757,-1567.12710066841,-1503.90797919208,FALSE,FALSE,FALSE,"17,9,2,1,3,4,5,6,7,8,10,11,12,13,14","17","2,9,10,17","2,9,17","2,9,17"
67,16,0.980538703509605,0.0612836689693503,-1565.3328725753,-1497.89914300054,FALSE,FALSE,FALSE,"17,9,2,1,3,4,5,6,7,8,10,11,12,13,14,15","17","2,9,10,17","2,9,17","2,9,17"
67,17,0.98054570694484,0.0576791592320494,-1563.51283735015,-1491.86449967697,FALSE,FALSE,FALSE,"17,9,2,1,3,4,5,6,7,8,10,11,12,13,14,15,16","17","2,9,10,17","2,9,17","2,9,17"
67,18,0.980551529165553,0.0544750849536418,-1561.66249820133,-1485.79955242973,FALSE,FALSE,FALSE,"17,9,2,1,3,4,5,6,7,8,10,11,12,13,14,15,16,18","17","2,9,10,17","2,9,17","2,9,17"
67,19,0.980557064997443,0.0516082665788128,-1559.80483895266,-1479.72728508264,FALSE,FALSE,FALSE,"17,9,2,1,3,4,5,6,7,8,10,11,12,13,14,15,16,18,19","17","2,9,10,17","2,9,17","2,9,17"
67,20,0.980558856525892,0.0490279428262946,-1557.85091252623,-1473.55875055779,FALSE,FALSE,FALSE,"17,9,2,1,3,4,5,6,7,8,10,11,12,13,14,15,16,18,19,20","17","2,9,10,17","2,9,17","2,9,17"
68,1,0.529025120969865,0.529025120969865,40.0244057179114,44.2390138163336,FALSE,FALSE,FALSE,"19","5","5","5","5,9,19"
68,2,0.885186448769306,0.442593224384653,-663.723213383728,-655.293997186884,FALSE,FALSE,FALSE,"19,9","5,9","5,8","5,9","5,9,19"
68,3,0.983857076540221,0.32795235884674,-1642.63708399462,-1629.99325969935,TRUE,FALSE,TRUE,"19,9,5","5,9,19","5,8,9","5,9,19","5,9,19"
68,4,0.983939735624057,0.245984933906014,-1643.2038878089,-1626.34545541521,FALSE,TRUE,FALSE,"19,9,5,1","5,9,19","5,8,9,19","5,9,19","5,9,19"
68,5,0.984003423234677,0.196800684646935,-1643.19059929214,-1622.11755880003,FALSE,FALSE,FALSE,"19,9,5,1,2","5,9,19","5,8,9,19","5,9,19","5,9,19"
68,6,0.984035687327829,0.164005947887971,-1642.20008634583,-1616.91243775529,FALSE,FALSE,FALSE,"19,9,5,1,2,3","5,9,19","5,8,9,19","5,9,19","5,9,19"
68,7,0.984064081997759,0.140580583142537,-1641.09019518922,-1611.58793850026,FALSE,FALSE,FALSE,"19,9,5,1,2,3,4","5,9,19","5,8,9,19","5,9,19","5,9,19"
68,8,0.984092970291493,0.123011621286437,-1639.99740710695,-1606.28054231957,FALSE,FALSE,FALSE,"19,9,5,1,2,3,4,6","5,9,19","5,8,9,19","5,9,19","5,9,19"
68,9,0.984102843375649,0.109344760375072,-1638.30784059422,-1600.37636770842,FALSE,FALSE,FALSE,"19,9,5,1,2,3,4,6,7","5,9,19","5,8,9,19","5,9,19","5,9,19"
68,10,0.984109565818071,0.0984109565818071,-1636.51932068291,-1594.37323969869,FALSE,FALSE,FALSE,"19,9,5,1,2,3,4,6,7,8","5,9,19","5,8,9,19","5,9,19","5,9,19"
68,11,0.984118934510262,0.0894653576827511,-1634.81419793324,-1588.4535088506,FALSE,FALSE,FALSE,"19,9,5,1,2,3,4,6,7,8,10","5,9,19","5,8,9,19","5,9,19","5,9,19"
68,12,0.984123617266188,0.082010301438849,-1632.9616517188,-1582.38635453773,FALSE,FALSE,FALSE,"19,9,5,1,2,3,4,6,7,8,10,11","5,9,19","5,8,9,19","5,9,19","5,9,19"
68,13,0.9841298181464,0.0757022937035693,-1631.15697616954,-1576.36707089005,FALSE,FALSE,FALSE,"19,9,5,1,2,3,4,6,7,8,10,11,12","5,9,19","5,8,9,19","5,9,19","5,9,19"
68,14,0.984134158973796,0.0702952970695569,-1629.293755357,-1570.28924197909,FALSE,FALSE,FALSE,"19,9,5,1,2,3,4,6,7,8,10,11,12,13","5,9,19","5,8,9,19","5,9,19","5,9,19"
68,15,0.984137697762036,0.0656091798508024,-1627.40529003538,-1564.18616855905,FALSE,FALSE,FALSE,"19,9,5,1,2,3,4,6,7,8,10,11,12,13,14","5,9,19","5,8,9,19","5,9,19","5,9,19"
68,16,0.984139151527811,0.0615086969704882,-1625.451116687,-1558.01738711225,FALSE,FALSE,FALSE,"19,9,5,1,2,3,4,6,7,8,10,11,12,13,14,15","5,9,19","5,8,9,19","5,9,19","5,9,19"
68,17,0.984140317803511,0.0578906069296183,-1623.4878839061,-1551.83954623292,FALSE,FALSE,FALSE,"19,9,5,1,2,3,4,6,7,8,10,11,12,13,14,15,16","5,9,19","5,8,9,19","5,9,19","5,9,19"
68,18,0.984140630964509,0.0546744794980283,-1621.49775686841,-1545.63481109681,FALSE,FALSE,FALSE,"19,9,5,1,2,3,4,6,7,8,10,11,12,13,14,15,16,17","5,9,19","5,8,9,19","5,9,19","5,9,19"
68,19,0.984140925174311,0.0517968907986479,-1619.50703253791,-1539.42947866789,FALSE,FALSE,FALSE,"19,9,5,1,2,3,4,6,7,8,10,11,12,13,14,15,16,17,18","5,9,19","5,8,9,19","5,9,19","5,9,19"
68,20,0.984141149201745,0.0492070574600872,-1617.51409565535,-1533.22193368691,FALSE,FALSE,FALSE,"19,9,5,1,2,3,4,6,7,8,10,11,12,13,14,15,16,17,18,20","5,9,19","5,8,9,19","5,9,19","5,9,19"
69,1,0.783187529318922,0.783187529318922,-386.664567581028,-382.449959482606,TRUE,FALSE,FALSE,"2","2","2","2","2,4,5"
69,2,0.890562162852262,0.445281081426131,-726.50261694521,-718.073400748366,FALSE,FALSE,FALSE,"2,5","2","2,4","2,4","2,4,5"
69,3,0.981104887724221,0.32703496257474,-1602.72932289588,-1590.08549860061,FALSE,FALSE,TRUE,"2,5,4","2","2,4,5","2,4,5","2,4,5"
69,4,0.981218102488368,0.245304525622092,-1603.73420851543,-1586.87577612174,FALSE,FALSE,FALSE,"2,5,4,1","2","2,4,5,9","2,4,5","2,4,5"
69,5,0.981322084837319,0.196264416967464,-1604.5100530432,-1583.43701255109,FALSE,FALSE,FALSE,"2,5,4,1,3","2","2,4,5,9,11","2,4,5","2,4,5"
69,6,0.981404324479513,0.163567387413252,-1604.71643493819,-1579.42878634765,FALSE,FALSE,FALSE,"2,5,4,1,3,6","2","2,4,5,9,11,19","2,4,5","2,4,5"
69,7,0.981495511612456,0.140213644516065,-1605.17430323207,-1575.67204654312,FALSE,TRUE,FALSE,"2,5,4,1,3,6,7","2","2,4,5,9,11,19,20","2,4,5","2,4,5"
69,8,0.981553373254548,0.122694171656819,-1604.74020155954,-1571.02333677217,FALSE,FALSE,FALSE,"2,5,4,1,3,6,7,8","2","2,4,5,9,11,19,20","2,4,5","2,4,5"
69,9,0.981599860232606,0.109066651136956,-1604.0018320124,-1566.0703591266,FALSE,FALSE,FALSE,"2,5,4,1,3,6,7,8,9","2","2,4,5,9,11,19,20","2,4,5","2,4,5"
69,10,0.981644273712438,0.0981644273712438,-1603.21016978852,-1561.0640888043,FALSE,FALSE,FALSE,"2,5,4,1,3,6,7,8,9,10","2","2,4,5,9,11,19,20","2,4,5","2,4,5"
69,11,0.981670038123067,0.0892427307384607,-1601.91247131683,-1555.55178223419,FALSE,FALSE,FALSE,"2,5,4,1,3,6,7,8,9,10,11","2","2,4,5,9,11,19,20","2,4,5","2,4,5"
69,12,0.981680034231513,0.0818066695192928,-1600.18521697654,-1549.60991979547,FALSE,FALSE,FALSE,"2,5,4,1,3,6,7,8,9,10,11,12","2","2,4,5,9,11,19,20","2,4,5","2,4,5"
69,13,0.981701309138464,0.0755154853183434,-1598.76620249874,-1543.97629721926,FALSE,FALSE,FALSE,"2,5,4,1,3,6,7,8,9,10,11,12,13","2","2,4,5,9,11,19,20","2,4,5","2,4,5"
69,14,0.981704985889127,0.0701217847063662,-1596.8666774487,-1537.86216407078,FALSE,FALSE,FALSE,"2,5,4,1,3,6,7,8,9,10,11,12,13,14","2","2,4,5,9,11,19,20","2,4,5","2,4,5"
69,15,0.98170782375214,0.0654471882501427,-1594.94424183642,-1531.72512036009,FALSE,FALSE,FALSE,"2,5,4,1,3,6,7,8,9,10,11,12,13,14,15","2","2,4,5,9,11,19,20","2,4,5","2,4,5"
69,16,0.981709893622695,0.0613568683514184,-1593.00082306668,-1525.56709349192,FALSE,FALSE,FALSE,"2,5,4,1,3,6,7,8,9,10,11,12,13,14,15,16","2","2,4,5,9,11,19,20","2,4,5","2,4,5"
69,17,0.981709956250013,0.0577476444852949,-1591.00253512412,-1519.35419745094,FALSE,FALSE,FALSE,"2,5,4,1,3,6,7,8,9,10,11,12,13,14,15,16,17","2","2,4,5,9,11,19,20","2,4,5","2,4,5"
69,18,0.981709980601978,0.0545394433667766,-1589.00320084098,-1513.14025506938,FALSE,FALSE,FALSE,"2,5,4,1,3,6,7,8,9,10,11,12,13,14,15,16,17,18","2","2,4,5,9,11,19,20","2,4,5","2,4,5"
69,19,0.981709994438714,0.0516689470757218,-1587.00357910032,-1506.9260252303,FALSE,FALSE,FALSE,"2,5,4,1,3,6,7,8,9,10,11,12,13,14,15,16,17,18,19","2","2,4,5,9,11,19,20","2,4,5","2,4,5"
69,20,0.981710002301529,0.0490855001150764,-1585.00379404877,-1500.71163208032,FALSE,FALSE,FALSE,"2,5,4,1,3,6,7,8,9,10,11,12,13,14,15,16,17,18,19,20","2","2,4,5,9,11,19,20","2,4,5","2,4,5"
70,1,0.747218624870104,0.747218624870104,-121.653695168979,-117.439087070556,TRUE,FALSE,FALSE,"19","19","4","4","4,19,20"
70,2,0.953019695841775,0.476509847920888,-961.051961076124,-952.62274487928,FALSE,FALSE,FALSE,"19,4","19","4,7","4,19","4,19,20"
70,3,0.988357513590786,0.329452504530262,-1656.58567351876,-1643.9418492235,FALSE,FALSE,TRUE,"19,4,20","19","4,7,8","4,19,20","4,19,20"
70,4,0.988388493897564,0.247097123474391,-1655.91793184349,-1639.0594994498,FALSE,FALSE,FALSE,"19,4,20,1","19","4,7,8,19","4,19,20","4,19,20"
70,5,0.988464649956388,0.197692929991278,-1657.20806909322,-1636.13502860111,FALSE,TRUE,FALSE,"19,4,20,1,2","19","4,7,8,19,20","4,19,20","4,19,20"
70,6,0.988505958665567,0.164750993110928,-1657.00180965738,-1631.71416106685,FALSE,FALSE,FALSE,"19,4,20,1,2,3","19","4,7,8,19,20","4,19,20","4,19,20"
70,7,0.9885310869151,0.141218726702157,-1656.09610523906,-1626.59384855011,FALSE,FALSE,FALSE,"19,4,20,1,2,3,5","19","4,7,8,19,20","4,19,20","4,19,20"
70,8,0.988564448344242,0.12357055604303,-1655.55265325763,-1621.83578847025,FALSE,FALSE,FALSE,"19,4,20,1,2,3,5,6","19","4,7,8,19,20","4,19,20","4,19,20"
70,9,0.988590770390321,0.109843418932258,-1654.7048664227,-1616.7733935369,FALSE,FALSE,FALSE,"19,4,20,1,2,3,5,6,7","19","4,7,8,19,20","4,19,20","4,19,20"
70,10,0.988600687799111,0.0988600687799111,-1653.13967762181,-1610.99359663759,FALSE,FALSE,FALSE,"19,4,20,1,2,3,5,6,7,8","19","4,7,8,19,20","4,19,20","4,19,20"
70,11,0.988621848615301,0.0898747135104819,-1652.06870214638,-1605.70801306373,FALSE,FALSE,FALSE,"19,4,20,1,2,3,5,6,7,8,9","19","4,7,8,19,20","4,19,20","4,19,20"
70,12,0.988628133478358,0.0823856777898632,-1650.34495965274,-1599.76966247167,FALSE,FALSE,FALSE,"19,4,20,1,2,3,5,6,7,8,9,10","19","4,7,8,19,20","4,19,20","4,19,20"
70,13,0.988639597392262,0.0760491997994048,-1648.84926104083,-1594.05935576135,FALSE,FALSE,FALSE,"19,4,20,1,2,3,5,6,7,8,9,10,11","19","4,7,8,19,20","4,19,20","4,19,20"
70,14,0.988643905993055,0.0706174218566468,-1647.03892940905,-1588.03441603114,FALSE,FALSE,FALSE,"19,4,20,1,2,3,5,6,7,8,9,10,11,12","19","4,7,8,19,20","4,19,20","4,19,20"
70,15,0.988649545479744,0.0659099696986496,-1645.28729330274,-1582.06817182641,FALSE,FALSE,FALSE,"19,4,20,1,2,3,5,6,7,8,9,10,11,12,13","19","4,7,8,19,20","4,19,20","4,19,20"
70,16,0.988653457592444,0.0617908410995278,-1643.4596558735,-1576.02592629875,FALSE,FALSE,FALSE,"19,4,20,1,2,3,5,6,7,8,9,10,11,12,13,14","19","4,7,8,19,20","4,19,20","4,19,20"
70,17,0.988655173453258,0.0581561866737211,-1641.53527320715,-1569.88693553397,FALSE,FALSE,FALSE,"19,4,20,1,2,3,5,6,7,8,9,10,11,12,13,14,15","19","4,7,8,19,20","4,19,20","4,19,20"
70,18,0.988656598459443,0.0549253665810802,-1639.59808138156,-1563.73513560996,FALSE,FALSE,FALSE,"19,4,20,1,2,3,5,6,7,8,9,10,11,12,13,14,15,16","19","4,7,8,19,20","4,19,20","4,19,20"
70,19,0.988657392416935,0.0520345996008913,-1637.63307905294,-1557.55552518291,FALSE,FALSE,FALSE,"19,4,20,1,2,3,5,6,7,8,9,10,11,12,13,14,15,16,17","19","4,7,8,19,20","4,19,20","4,19,20"
70,20,0.988657403447764,0.0494328701723882,-1635.63356530948,-1551.34140334103,FALSE,FALSE,FALSE,"19,4,20,1,2,3,5,6,7,8,9,10,11,12,13,14,15,16,17,18","19","4,7,8,19,20","4,19,20","4,19,20"
71,1,0.785031514929723,0.785031514929723,-296.005889260854,-291.791281162432,TRUE,FALSE,FALSE,"4","4","2","4","4,10,12"
71,2,0.907099455556153,0.453549727778076,-713.486854248824,-705.057638051979,FALSE,FALSE,FALSE,"4,10","4","2,3","4,10","4,10,12"
71,3,0.98395708840028,0.327985696133427,-1589.61805384595,-1576.97422955069,FALSE,FALSE,FALSE,"4,10,12","4","2,3,4","4,10,12","4,10,12"
71,4,0.984219909166459,0.246054977291615,-1595.87707159549,-1579.0186392018,FALSE,FALSE,TRUE,"4,10,12,1","4","2,3,4,10","4,10,12,16","4,10,12"
71,5,0.984349684509143,0.196869936901829,-1598.00606944684,-1576.93302895473,FALSE,FALSE,FALSE,"4,10,12,1,2","4","2,3,4,10,12","4,10,12,16","4,10,12"
71,6,0.984487188672955,0.164081198112159,-1600.41849753836,-1575.13084894782,FALSE,TRUE,FALSE,"4,10,12,1,2,3","4","2,3,4,10,12,16","4,10,12,16","4,10,12"
71,7,0.984513156895675,0.140644736699382,-1599.25619167625,-1569.75393498729,FALSE,FALSE,FALSE,"4,10,12,1,2,3,5","4","2,3,4,10,12,16","4,10,12,16","4,10,12"
71,8,0.984547907290103,0.123068488411263,-1598.37938509345,-1564.66252030607,FALSE,FALSE,FALSE,"4,10,12,1,2,3,5,6","4","2,3,4,10,12,16","4,10,12,16","4,10,12"
71,9,0.984574837082871,0.109397204120319,-1597.25154160638,-1559.32006872058,FALSE,FALSE,FALSE,"4,10,12,1,2,3,5,6,7","4","2,3,4,10,12,16","4,10,12,16","4,10,12"
71,10,0.984600776059989,0.0984600776059989,-1596.0930500964,-1553.94696911218,FALSE,FALSE,FALSE,"4,10,12,1,2,3,5,6,7,8","4","2,3,4,10,12,16","4,10,12,16","4,10,12"
71,11,0.984615824314781,0.089510529483162,-1594.58189330978,-1548.22120422714,FALSE,FALSE,FALSE,"4,10,12,1,2,3,5,6,7,8,9","4","2,3,4,10,12,16","4,10,12,16","4,10,12"
71,12,0.984630092285919,0.0820525076904933,-1593.04583079658,-1542.47053361552,FALSE,FALSE,FALSE,"4,10,12,1,2,3,5,6,7,8,9,11","4","2,3,4,10,12,16","4,10,12,16","4,10,12"
71,13,0.984648154239621,0.0757421657107401,-1591.63375152832,-1536.84384624883,FALSE,FALSE,FALSE,"4,10,12,1,2,3,5,6,7,8,9,11,13","4","2,3,4,10,12,16","4,10,12,16","4,10,12"
71,14,0.984656162894146,0.0703325830638676,-1589.89465644911,-1530.8901430712,FALSE,FALSE,FALSE,"4,10,12,1,2,3,5,6,7,8,9,11,13,14","4","2,3,4,10,12,16","4,10,12,16","4,10,12"
71,15,0.984662173420698,0.0656441448947132,-1588.09055608122,-1524.87143460489,FALSE,FALSE,FALSE,"4,10,12,1,2,3,5,6,7,8,9,11,13,14,15","4","2,3,4,10,12,16","4,10,12,16","4,10,12"
71,16,0.98467044227475,0.0615419026421719,-1586.36018632327,-1518.92645674852,FALSE,FALSE,FALSE,"4,10,12,1,2,3,5,6,7,8,9,11,13,14,15,16","4","2,3,4,10,12,16","4,10,12,16","4,10,12"
71,17,0.984671018401902,0.0579218246118766,-1584.37897805844,-1512.73064038527,FALSE,FALSE,FALSE,"4,10,12,1,2,3,5,6,7,8,9,11,13,14,15,16,17","4","2,3,4,10,12,16","4,10,12,16","4,10,12"
71,18,0.984671429966969,0.0547039683314983,-1582.39240264865,-1506.52945687705,FALSE,FALSE,FALSE,"4,10,12,1,2,3,5,6,7,8,9,11,13,14,15,16,17,18","4","2,3,4,10,12,16","4,10,12,16","4,10,12"
71,19,0.984671724622801,0.0518248276117264,-1580.40201406913,-1500.32446019911,FALSE,FALSE,FALSE,"4,10,12,1,2,3,5,6,7,8,9,11,13,14,15,16,17,18,19","4","2,3,4,10,12,16","4,10,12,16","4,10,12"
71,20,0.984671749223457,0.0492335874611729,-1578.40281652979,-1494.11065456135,FALSE,FALSE,FALSE,"4,10,12,1,2,3,5,6,7,8,9,11,13,14,15,16,17,18,19,20","4","2,3,4,10,12,16","4,10,12,16","4,10,12"
72,1,0.862283434877286,0.862283434877286,61.6962818258947,65.9108899243169,TRUE,FALSE,FALSE,"14","14","5","6","11,14,15"
72,2,0.949402916615228,0.474701458307614,-436.955599736214,-428.52638353937,FALSE,FALSE,FALSE,"14,15","14","5,6","6,11","11,14,15"
72,3,0.995730159661232,0.331910053220411,-1671.11434916763,-1658.47052487236,FALSE,FALSE,FALSE,"14,15,11","14","5,6,10","6,11,14","11,14,15"
72,4,0.995783608461152,0.248945902115288,-1675.41272840734,-1658.55429601365,FALSE,FALSE,TRUE,"14,15,11,1","14","5,6,10,11","6,11,14,15","11,14,15"
72,5,0.995829084629345,0.199165816925869,-1678.83480420982,-1657.76176371771,FALSE,FALSE,FALSE,"14,15,11,1,2","14","5,6,10,11,13","6,11,14,15","11,14,15"
72,6,0.995865242908381,0.16597754048473,-1681.18827560331,-1655.90062701278,FALSE,FALSE,FALSE,"14,15,11,1,2,3","14","5,6,10,11,13,14","6,11,14,15","11,14,15"
72,7,0.995890879266799,0.142270125609543,-1682.29803069699,-1652.79577400804,FALSE,TRUE,FALSE,"14,15,11,1,2,3,4","14","5,6,10,11,13,14,15","6,11,14,15","11,14,15"
72,8,0.995897926682419,0.124487240835302,-1681.15630018947,-1647.43943540209,FALSE,FALSE,FALSE,"14,15,11,1,2,3,4,5","14","5,6,10,11,13,14,15","6,11,14,15","11,14,15"
72,9,0.995904085413487,0.110656009490387,-1679.90754943487,-1641.97607654907,FALSE,FALSE,FALSE,"14,15,11,1,2,3,4,5,6","14","5,6,10,11,13,14,15","6,11,14,15","11,14,15"
72,10,0.995910588275868,0.0995910588275868,-1678.70200325409,-1636.55592226987,FALSE,FALSE,FALSE,"14,15,11,1,2,3,4,5,6,7","14","5,6,10,11,13,14,15","6,11,14,15","11,14,15"
72,11,0.995914303592834,0.0905376639629849,-1677.15647029747,-1630.79578121483,FALSE,FALSE,FALSE,"14,15,11,1,2,3,4,5,6,7,8","14","5,6,10,11,13,14,15","6,11,14,15","11,14,15"
72,12,0.995919050945047,0.0829932542454206,-1675.73778030653,-1625.16248312546,FALSE,FALSE,FALSE,"14,15,11,1,2,3,4,5,6,7,8,9","14","5,6,10,11,13,14,15","6,11,14,15","11,14,15"
72,13,0.995922534092145,0.0766094256993957,-1674.16471952516,-1619.37481424568,FALSE,FALSE,FALSE,"14,15,11,1,2,3,4,5,6,7,8,9,10","14","5,6,10,11,13,14,15","6,11,14,15","11,14,15"
72,14,0.995925426918773,0.0711375304941981,-1672.51957881295,-1613.51506543504,FALSE,FALSE,FALSE,"14,15,11,1,2,3,4,5,6,7,8,9,10,12","14","5,6,10,11,13,14,15","6,11,14,15","11,14,15"
72,15,0.995927827276293,0.0663951884850862,-1670.81421886269,-1607.59509738636,FALSE,FALSE,FALSE,"14,15,11,1,2,3,4,5,6,7,8,9,10,12,13","14","5,6,10,11,13,14,15","6,11,14,15","11,14,15"
72,16,0.995929282005789,0.0622455801253618,-1668.99286911874,-1601.55913954398,FALSE,FALSE,FALSE,"14,15,11,1,2,3,4,5,6,7,8,9,10,12,13,16","14","5,6,10,11,13,14,15","6,11,14,15","11,14,15"
72,17,0.995929771596917,0.0585841042115833,-1667.05300845692,-1595.40467078374,FALSE,FALSE,FALSE,"14,15,11,1,2,3,4,5,6,7,8,9,10,12,13,16,17","14","5,6,10,11,13,14,15","6,11,14,15","11,14,15"
72,18,0.995930137521867,0.0553294520845482,-1665.09796188014,-1589.23501610854,FALSE,FALSE,FALSE,"14,15,11,1,2,3,4,5,6,7,8,9,10,12,13,16,17,18","14","5,6,10,11,13,14,15","6,11,14,15","11,14,15"
72,19,0.995930154422904,0.0524173765485739,-1663.10003824912,-1583.0224843791,FALSE,FALSE,FALSE,"14,15,11,1,2,3,4,5,6,7,8,9,10,12,13,16,17,18,19","14","5,6,10,11,13,14,15","6,11,14,15","11,14,15"
72,20,0.995930161236868,0.0497965080618434,-1661.10087537787,-1576.80871340942,FALSE,FALSE,FALSE,"14,15,11,1,2,3,4,5,6,7,8,9,10,12,13,16,17,18,19,20","14","5,6,10,11,13,14,15","6,11,14,15","11,14,15"
73,1,0.434748759332969,0.434748759332969,119.816200213388,124.03080831181,FALSE,FALSE,FALSE,"8","1","1","1","1,8,20"
73,2,0.827464414429262,0.413732207214631,-471.517198634474,-463.087982437629,FALSE,FALSE,FALSE,"8,1","1,8","1,8","1,8","1,8,20"
73,3,0.983413449351822,0.327804483117274,-1640.52287028701,-1627.87904599174,TRUE,FALSE,TRUE,"8,1,20","1,8,20","1,8,9","1,8,20","1,8,20"
73,4,0.983506146300344,0.245876536575086,-1641.32504858485,-1624.46661619116,FALSE,FALSE,FALSE,"8,1,20,2","1,8,20","1,8,9,12","1,8,20","1,8,20"
73,5,0.983610110947254,0.196722022189451,-1642.48664104989,-1621.41360055778,FALSE,FALSE,FALSE,"8,1,20,2,3","1,8,20","1,8,9,12,16","1,8,20","1,8,20"
73,6,0.983717892738068,0.163952982123011,-1643.78555736851,-1618.49790877797,FALSE,TRUE,FALSE,"8,1,20,2,3,4","1,8,20","1,8,9,12,16,20","1,8,20","1,8,20"
73,7,0.983766206780944,0.140538029540135,-1643.27141744672,-1613.76916075776,FALSE,FALSE,FALSE,"8,1,20,2,3,4,5","1,8,20","1,8,9,12,16,20","1,8,20","1,8,20"
73,8,0.983838232123207,0.122979779015401,-1643.49473010137,-1609.77786531399,FALSE,FALSE,FALSE,"8,1,20,2,3,4,5,6","1,8,20","1,8,9,12,16,20","1,8,20","1,8,20"
73,9,0.983895904760481,0.109321767195609,-1643.2821516399,-1605.3506787541,FALSE,FALSE,FALSE,"8,1,20,2,3,4,5,6,7","1,8,20","1,8,9,12,16,20","1,8,20","1,8,20"
73,10,0.983934929384054,0.0983934929384054,-1642.49525871554,-1600.34917773131,FALSE,FALSE,FALSE,"8,1,20,2,3,4,5,6,7,9","1,8,20","1,8,9,12,16,20","1,8,20","1,8,20"
73,11,0.983958512602521,0.0894507738729565,-1641.22978848663,-1594.86909940399,FALSE,FALSE,FALSE,"8,1,20,2,3,4,5,6,7,9,10","1,8,20","1,8,9,12,16,20","1,8,20","1,8,20"
73,12,0.984003951256894,0.0820003292714079,-1640.64808372136,-1590.07278654029,FALSE,FALSE,FALSE,"8,1,20,2,3,4,5,6,7,9,10,11","1,8,20","1,8,9,12,16,20","1,8,20","1,8,20"
73,13,0.984023411370566,0.0756941085669666,-1639.25673279363,-1584.46682751414,FALSE,FALSE,FALSE,"8,1,20,2,3,4,5,6,7,9,10,11,12","1,8,20","1,8,9,12,16,20","1,8,20","1,8,20"
73,14,0.984043450659846,0.0702888179042747,-1637.88427187009,-1578.87975849218,FALSE,FALSE,FALSE,"8,1,20,2,3,4,5,6,7,9,10,11,12,13","1,8,20","1,8,9,12,16,20","1,8,20","1,8,20"
73,15,0.984054585270162,0.0656036390180108,-1636.23329774023,-1573.01417626389,FALSE,FALSE,FALSE,"8,1,20,2,3,4,5,6,7,9,10,11,12,13,14","1,8,20","1,8,9,12,16,20","1,8,20","1,8,20"
73,16,0.984063910186148,0.0615039943866342,-1634.52578444639,-1567.09205487163,FALSE,FALSE,FALSE,"8,1,20,2,3,4,5,6,7,9,10,11,12,13,14,15","1,8,20","1,8,9,12,16,20","1,8,20","1,8,20"
73,17,0.984067334318001,0.0578863137834118,-1632.6332292403,-1560.98489156713,FALSE,FALSE,FALSE,"8,1,20,2,3,4,5,6,7,9,10,11,12,13,14,15,16","1,8,20","1,8,9,12,16,20","1,8,20","1,8,20"
73,18,0.984068374247496,0.054670465235972,-1630.66586544368,-1554.80291967209,FALSE,FALSE,FALSE,"8,1,20,2,3,4,5,6,7,9,10,11,12,13,14,15,16,17","1,8,20","1,8,9,12,16,20","1,8,20","1,8,20"
73,19,0.984068844262219,0.0517930970664326,-1628.68061665813,-1548.60306278811,FALSE,FALSE,FALSE,"8,1,20,2,3,4,5,6,7,9,10,11,12,13,14,15,16,17,18","1,8,20","1,8,9,12,16,20","1,8,20","1,8,20"
73,20,0.984069052683748,0.0492034526341874,-1626.68715801947,-1542.39499605103,FALSE,FALSE,FALSE,"8,1,20,2,3,4,5,6,7,9,10,11,12,13,14,15,16,17,18,19","1,8,20","1,8,9,12,16,20","1,8,20","1,8,20"
74,1,0.597130296291708,0.597130296291708,189.775102867899,193.989710966321,TRUE,FALSE,FALSE,"14","14","1","4","4,14,20"
74,2,0.875909353219437,0.437954676609719,-397.025333555272,-388.596117358427,FALSE,FALSE,FALSE,"14,20","14","1,2","4,14","4,14,20"
74,3,0.988891340828723,0.329630446942908,-1601.66903917906,-1589.0252148838,FALSE,FALSE,FALSE,"14,20,4","14","1,2,4","4,14,18","4,14,20"
74,4,0.989106273331267,0.247276568332817,-1609.43794975006,-1592.57951735637,FALSE,FALSE,TRUE,"14,20,4,1","14","1,2,4,5","4,14,18,20","4,14,20"
74,5,0.989186087512618,0.197837217502524,-1611.11474483779,-1590.04170434568,FALSE,FALSE,FALSE,"14,20,4,1,2","14","1,2,4,5,14","4,14,18,20","4,14,20"
74,6,0.989258820625947,0.164876470104325,-1612.48904682827,-1587.20139823774,FALSE,FALSE,FALSE,"14,20,4,1,2,3","14","1,2,4,5,14,15","4,14,18,20","4,14,20"
74,7,0.989337298356193,0.14133389976517,-1614.15558196978,-1584.65332528083,FALSE,FALSE,FALSE,"14,20,4,1,2,3,5","14","1,2,4,5,14,15,16","4,14,18,20","4,14,20"
74,8,0.989413238631102,0.123676654828888,-1615.72934748852,-1582.01248270114,FALSE,FALSE,FALSE,"14,20,4,1,2,3,5,6","14","1,2,4,5,14,15,16,19","4,14,18,20","4,14,20"
74,9,0.989462120452598,0.109940235605844,-1616.04332333006,-1578.11185044426,FALSE,TRUE,FALSE,"14,20,4,1,2,3,5,6,7","14","1,2,4,5,14,15,16,19,20","4,14,18,20","4,14,20"
74,10,0.989481610326181,0.0989481610326181,-1614.96893265543,-1572.82285167121,FALSE,FALSE,FALSE,"14,20,4,1,2,3,5,6,7,8","14","1,2,4,5,14,15,16,19,20","4,14,18,20","4,14,20"
74,11,0.989530413639844,0.0899573103308949,-1615.29423555956,-1568.93354647692,FALSE,FALSE,FALSE,"14,20,4,1,2,3,5,6,7,8,9","14","1,2,4,5,14,15,16,19,20","4,14,18,20","4,14,20"
74,12,0.989565947977875,0.0824638289981562,-1614.99414882867,-1564.4188516476,FALSE,FALSE,FALSE,"14,20,4,1,2,3,5,6,7,8,9,10","14","1,2,4,5,14,15,16,19,20","4,14,18,20","4,14,20"
74,13,0.989609003651593,0.076123769511661,-1615.06164631054,-1560.27174103105,FALSE,FALSE,FALSE,"14,20,4,1,2,3,5,6,7,8,9,10,11","14","1,2,4,5,14,15,16,19,20","4,14,18,20","4,14,20"
74,14,0.989624252004995,0.0706874465717854,-1613.79591432535,-1554.79140094744,FALSE,FALSE,FALSE,"14,20,4,1,2,3,5,6,7,8,9,10,11,12","14","1,2,4,5,14,15,16,19,20","4,14,18,20","4,14,20"
74,15,0.989631853856546,0.0659754569237697,-1612.16237646791,-1548.94325499158,FALSE,FALSE,FALSE,"14,20,4,1,2,3,5,6,7,8,9,10,11,12,13","14","1,2,4,5,14,15,16,19,20","4,14,18,20","4,14,20"
74,16,0.989633162490502,0.0618520726556564,-1610.2254888378,-1542.79175926305,FALSE,FALSE,FALSE,"14,20,4,1,2,3,5,6,7,8,9,10,11,12,13,15","14","1,2,4,5,14,15,16,19,20","4,14,18,20","4,14,20"
74,17,0.989635027103661,0.0582138251237447,-1608.31542855491,-1536.66709088174,FALSE,FALSE,FALSE,"14,20,4,1,2,3,5,6,7,8,9,10,11,12,13,15,16","14","1,2,4,5,14,15,16,19,20","4,14,18,20","4,14,20"
74,18,0.989636445502045,0.0549798025278914,-1606.38385591399,-1530.52091014239,FALSE,FALSE,FALSE,"14,20,4,1,2,3,5,6,7,8,9,10,11,12,13,15,16,17","14","1,2,4,5,14,15,16,19,20","4,14,18,20","4,14,20"
74,19,0.989637698272763,0.0520861946459349,-1604.44430073736,-1524.36674686734,FALSE,FALSE,FALSE,"14,20,4,1,2,3,5,6,7,8,9,10,11,12,13,15,16,17,18","14","1,2,4,5,14,15,16,19,20","4,14,18,20","4,14,20"
74,20,0.989637883229867,0.0494818941614933,-1602.45322533538,-1518.16106336693,FALSE,FALSE,FALSE,"14,20,4,1,2,3,5,6,7,8,9,10,11,12,13,15,16,17,18,19","14","1,2,4,5,14,15,16,19,20","4,14,18,20","4,14,20"
75,1,0.80347954025255,0.80347954025255,74.2830377612561,78.4976458596783,TRUE,FALSE,FALSE,"19","16","10","13","15,16,19"
75,2,0.974589079804125,0.487294539902062,-946.51073030789,-938.081514111046,FALSE,FALSE,FALSE,"19,16","16","10,12","13,15","15,16,19"
75,3,0.993638330690979,0.331212776896993,-1636.95482916704,-1624.31100487178,FALSE,FALSE,FALSE,"19,16,15","16","10,12,13","13,15,16","15,16,19"
75,4,0.993836657482977,0.248459164370744,-1650.79061221825,-1633.93217982457,FALSE,FALSE,TRUE,"19,16,15,1","16","10,12,13,15","13,15,16,19","15,16,19"
75,5,0.993860476899462,0.198772095379892,-1650.72670149921,-1629.6536610071,FALSE,FALSE,FALSE,"19,16,15,1,2","16","10,12,13,15,16","13,15,16,19","15,16,19"
75,6,0.993910559029913,0.165651759838319,-1652.8220942208,-1627.53444563026,FALSE,TRUE,FALSE,"19,16,15,1,2,3","16","10,12,13,15,16,19","13,15,16,19","15,16,19"
75,7,0.993928191368693,0.141989741624099,-1652.27197410264,-1622.76971741368,FALSE,FALSE,FALSE,"19,16,15,1,2,3,4","16","10,12,13,15,16,19","13,15,16,19","15,16,19"
75,8,0.993938749246976,0.124242343655872,-1651.14214877284,-1617.42528398546,FALSE,FALSE,FALSE,"19,16,15,1,2,3,4,5","16","10,12,13,15,16,19","13,15,16,19","15,16,19"
75,9,0.993947269551057,0.110438585505673,-1649.8454935563,-1611.9140206705,FALSE,FALSE,FALSE,"19,16,15,1,2,3,4,5,6","16","10,12,13,15,16,19","13,15,16,19","15,16,19"
75,10,0.993960960794144,0.0993960960794144,-1648.9777719017,-1606.83169091748,FALSE,FALSE,FALSE,"19,16,15,1,2,3,4,5,6,7","16","10,12,13,15,16,19","13,15,16,19","15,16,19"
75,11,0.993969204118572,0.090360836738052,-1647.66074110968,-1601.30005202703,FALSE,FALSE,FALSE,"19,16,15,1,2,3,4,5,6,7,8","16","10,12,13,15,16,19","13,15,16,19","15,16,19"
75,12,0.993974214542951,0.0828311845452459,-1646.07631701191,-1595.50101983084,FALSE,FALSE,FALSE,"19,16,15,1,2,3,4,5,6,7,8,9","16","10,12,13,15,16,19","13,15,16,19","15,16,19"
75,13,0.993978067132228,0.0764598513178637,-1644.39609452535,-1589.60618924586,FALSE,FALSE,FALSE,"19,16,15,1,2,3,4,5,6,7,8,9,10","16","10,12,13,15,16,19","13,15,16,19","15,16,19"
75,14,0.993981646678145,0.0709986890484389,-1642.69339194548,-1583.68887856757,FALSE,FALSE,FALSE,"19,16,15,1,2,3,4,5,6,7,8,9,10,11","16","10,12,13,15,16,19","13,15,16,19","15,16,19"
75,15,0.993984923905326,0.0662656615936884,-1640.96573552679,-1577.74661405046,FALSE,FALSE,FALSE,"19,16,15,1,2,3,4,5,6,7,8,9,10,11,12","16","10,12,13,15,16,19","13,15,16,19","15,16,19"
75,16,0.993987256389904,0.062124203524369,-1639.15965966797,-1571.72593009322,FALSE,FALSE,FALSE,"19,16,15,1,2,3,4,5,6,7,8,9,10,11,12,13","16","10,12,13,15,16,19","13,15,16,19","15,16,19"
75,17,0.99398810377965,0.0584698884576265,-1637.23013078062,-1565.58179310745,FALSE,FALSE,FALSE,"19,16,15,1,2,3,4,5,6,7,8,9,10,11,12,13,14","16","10,12,13,15,16,19","13,15,16,19","15,16,19"
75,18,0.993988340761466,0.0552215744867481,-1635.24984057587,-1559.38689480427,FALSE,FALSE,FALSE,"19,16,15,1,2,3,4,5,6,7,8,9,10,11,12,13,14,17","16","10,12,13,15,16,19","13,15,16,19","15,16,19"
75,19,0.9939883979545,0.0523151788397105,-1633.25459744111,-1553.17704357109,FALSE,FALSE,FALSE,"19,16,15,1,2,3,4,5,6,7,8,9,10,11,12,13,14,17,18","16","10,12,13,15,16,19","13,15,16,19","15,16,19"
75,20,0.993988398037295,0.0496994199018648,-1631.25460432738,-1546.96244235894,FALSE,FALSE,FALSE,"19,16,15,1,2,3,4,5,6,7,8,9,10,11,12,13,14,17,18,20","16","10,12,13,15,16,19","13,15,16,19","15,16,19"
76,1,0.634481322058976,0.634481322058976,236.954242024515,241.168850122938,TRUE,FALSE,FALSE,"14","14","1","2","2,8,14"
76,2,0.844917676739019,0.42245883836951,-189.726401267028,-181.297185070184,FALSE,FALSE,FALSE,"14,8","14","1,2","2,8","2,8,14"
76,3,0.990774842492469,0.330258280830823,-1598.73731625251,-1586.09349195724,FALSE,FALSE,TRUE,"14,8,2","14","1,2,8","2,8,14","2,8,14"
76,4,0.990821187646905,0.247705296911726,-1599.25553665561,-1582.39710426192,FALSE,TRUE,FALSE,"14,8,2,1","14","1,2,8,14","2,8,14","2,8,14"
76,5,0.990854707525973,0.198170941505195,-1599.08481654529,-1578.01177605318,FALSE,FALSE,FALSE,"14,8,2,1,3","14","1,2,8,14","2,8,14","2,8,14"
76,6,0.990892459376543,0.165148743229424,-1599.15309297118,-1573.86544438064,FALSE,FALSE,FALSE,"14,8,2,1,3,4","14","1,2,8,14","2,8,14","2,8,14"
76,7,0.990919588085248,0.141559941155035,-1598.64466981394,-1569.14241312498,FALSE,FALSE,FALSE,"14,8,2,1,3,4,5","14","1,2,8,14","2,8,14","2,8,14"
76,8,0.99093356390359,0.123866695487949,-1597.4148212527,-1563.69795646533,FALSE,FALSE,FALSE,"14,8,2,1,3,4,5,6","14","1,2,8,14","2,8,14","2,8,14"
76,9,0.990941785547829,0.110104642838648,-1595.86843798762,-1557.93696510182,FALSE,FALSE,FALSE,"14,8,2,1,3,4,5,6,7","14","1,2,8,14","2,8,14","2,8,14"
76,10,0.990945608259541,0.0990945608259541,-1594.07949054011,-1551.93340955589,FALSE,FALSE,FALSE,"14,8,2,1,3,4,5,6,7,9","14","1,2,8,14","2,8,14","2,8,14"
76,11,0.990949428871562,0.0900863117155965,-1592.2905162188,-1545.92982713615,FALSE,FALSE,FALSE,"14,8,2,1,3,4,5,6,7,9,10","14","1,2,8,14","2,8,14","2,8,14"
76,12,0.990953030897896,0.0825794192414913,-1590.48955024972,-1539.91425306865,FALSE,FALSE,FALSE,"14,8,2,1,3,4,5,6,7,9,10,11","14","1,2,8,14","2,8,14","2,8,14"
76,13,0.990953979586428,0.076227229198956,-1588.54198428954,-1533.75207901005,FALSE,FALSE,FALSE,"14,8,2,1,3,4,5,6,7,9,10,11,12","14","1,2,8,14","2,8,14","2,8,14"
76,14,0.990956347862458,0.0707825962758899,-1586.67290296911,-1527.66838959119,FALSE,FALSE,FALSE,"14,8,2,1,3,4,5,6,7,9,10,11,12,13","14","1,2,8,14","2,8,14","2,8,14"
76,15,0.990957730481203,0.0660638486987469,-1584.74935020656,-1521.53022873023,FALSE,FALSE,FALSE,"14,8,2,1,3,4,5,6,7,9,10,11,12,13,15","14","1,2,8,14","2,8,14","2,8,14"
76,16,0.990958377162784,0.061934898572674,-1582.78511029452,-1515.35138071976,FALSE,FALSE,FALSE,"14,8,2,1,3,4,5,6,7,9,10,11,12,13,15,16","14","1,2,8,14","2,8,14","2,8,14"
76,17,0.990958784682148,0.0582916932165969,-1580.80764654466,-1509.15930887149,FALSE,FALSE,FALSE,"14,8,2,1,3,4,5,6,7,9,10,11,12,13,15,16,17","14","1,2,8,14","2,8,14","2,8,14"
76,18,0.990958973794465,0.0550532763219147,-1578.81810500006,-1502.95515922846,FALSE,FALSE,FALSE,"14,8,2,1,3,4,5,6,7,9,10,11,12,13,15,16,17,18","14","1,2,8,14","2,8,14","2,8,14"
76,19,0.990959088905149,0.0521557415213236,-1576.82447105933,-1496.74691718931,FALSE,FALSE,FALSE,"14,8,2,1,3,4,5,6,7,9,10,11,12,13,15,16,17,18,19","14","1,2,8,14","2,8,14","2,8,14"
76,20,0.990959110092805,0.0495479555046402,-1574.82564282621,-1490.53348085776,FALSE,FALSE,FALSE,"14,8,2,1,3,4,5,6,7,9,10,11,12,13,15,16,17,18,19,20","14","1,2,8,14","2,8,14","2,8,14"
77,1,0.708866269980139,0.708866269980139,84.5800507130623,88.7946588114845,TRUE,FALSE,FALSE,"3","3","3","3","3,9,17"
77,2,0.88370518743819,0.441852593719095,-372.247079462913,-363.817863266069,FALSE,FALSE,FALSE,"3,9","3","3,8","3,9","3,9,17"
77,3,0.990877421543983,0.330292473847994,-1642.93506197428,-1630.29123767901,FALSE,FALSE,TRUE,"3,9,17","3","3,8,9","3,9,17","3,9,17"
77,4,0.990934561589241,0.24773364039731,-1644.07670373022,-1627.21827133653,FALSE,FALSE,FALSE,"3,9,17,1","3","3,8,9,14","3,9,17","3,9,17"
77,5,0.990980944634355,0.198196188926871,-1644.64150578626,-1623.56846529415,FALSE,FALSE,FALSE,"3,9,17,1,2","3","3,8,9,14,17","3,9,17","3,9,17"
77,6,0.991020320426265,0.165170053404378,-1644.8292070253,-1619.54155843476,FALSE,TRUE,FALSE,"3,9,17,1,2,4","3","3,8,9,14,17,19","3,9,17","3,9,17"
77,7,0.991046950959086,0.141578135851298,-1644.3142321416,-1614.81197545265,FALSE,FALSE,FALSE,"3,9,17,1,2,4,5","3","3,8,9,14,17,19","3,9,17","3,9,17"
77,8,0.991068053818051,0.123883506727256,-1643.49415243209,-1609.77728764471,FALSE,FALSE,FALSE,"3,9,17,1,2,4,5,6","3","3,8,9,14,17,19","3,9,17","3,9,17"
77,9,0.991083036848736,0.110120337427637,-1642.33358939287,-1604.40211650707,FALSE,FALSE,FALSE,"3,9,17,1,2,4,5,6,7","3","3,8,9,14,17,19","3,9,17","3,9,17"
77,10,0.991097297502267,0.0991097297502267,-1641.13386571994,-1598.98778473572,FALSE,FALSE,FALSE,"3,9,17,1,2,4,5,6,7,8","3","3,8,9,14,17,19","3,9,17","3,9,17"
77,11,0.991109008665108,0.0901008189695552,-1639.79202948528,-1593.43134040263,FALSE,FALSE,FALSE,"3,9,17,1,2,4,5,6,7,8,10","3","3,8,9,14,17,19","3,9,17","3,9,17"
77,12,0.991118514976314,0.0825932095813595,-1638.32691904827,-1587.7516218672,FALSE,FALSE,FALSE,"3,9,17,1,2,4,5,6,7,8,10,11","3","3,8,9,14,17,19","3,9,17","3,9,17"
77,13,0.991124515105963,0.0762403473158433,-1636.66482184953,-1581.87491657005,FALSE,FALSE,FALSE,"3,9,17,1,2,4,5,6,7,8,10,11,12","3","3,8,9,14,17,19","3,9,17","3,9,17"
77,14,0.991134130370863,0.0707952950264902,-1635.20679094376,-1576.20227756585,FALSE,FALSE,FALSE,"3,9,17,1,2,4,5,6,7,8,10,11,12,13","3","3,8,9,14,17,19","3,9,17","3,9,17"
77,15,0.991138260747869,0.066075884049858,-1633.43978215591,-1570.22066067957,FALSE,FALSE,FALSE,"3,9,17,1,2,4,5,6,7,8,10,11,12,13,14","3","3,8,9,14,17,19","3,9,17","3,9,17"
77,16,0.991139416472783,0.0619462135295489,-1631.50499510396,-1564.0712655292,FALSE,FALSE,FALSE,"3,9,17,1,2,4,5,6,7,8,10,11,12,13,14,15","3","3,8,9,14,17,19","3,9,17","3,9,17"
77,17,0.991140308715717,0.0583023711009245,-1629.55534663318,-1557.90700896,FALSE,FALSE,FALSE,"3,9,17,1,2,4,5,6,7,8,10,11,12,13,14,15,16","3","3,8,9,14,17,19","3,9,17","3,9,17"
77,18,0.991140566610839,0.0550633648117133,-1627.56990125294,-1551.70695548134,FALSE,FALSE,FALSE,"3,9,17,1,2,4,5,6,7,8,10,11,12,13,14,15,16,18","3","3,8,9,14,17,19","3,9,17","3,9,17"
77,19,0.991140781466972,0.0521653042877354,-1625.5820272394,-1545.50447336938,FALSE,FALSE,FALSE,"3,9,17,1,2,4,5,6,7,8,10,11,12,13,14,15,16,18,19","3","3,8,9,14,17,19","3,9,17","3,9,17"
77,20,0.991140994315334,0.0495570497157667,-1623.59404020185,-1539.3018782334,FALSE,FALSE,FALSE,"3,9,17,1,2,4,5,6,7,8,10,11,12,13,14,15,16,18,19,20","3","3,8,9,14,17,19","3,9,17","3,9,17"
78,1,0.635719158359834,0.635719158359834,380.856930850945,385.071538949367,FALSE,FALSE,FALSE,"4","4","1","4","4,12,13"
78,2,0.932728495354266,0.466364247677133,-461.73725618321,-453.308039986365,TRUE,FALSE,FALSE,"4,13","4,13","1,4","4,12","4,12,13"
78,3,0.99361585433573,0.331205284778577,-1637.19678722201,-1624.55296292675,FALSE,FALSE,TRUE,"4,13,12","4,13","1,4,12","4,12,13","4,12,13"
78,4,0.993685244471972,0.248421311117993,-1640.66110463216,-1623.80267223848,FALSE,TRUE,FALSE,"4,13,12,1","4,13","1,4,12,13","4,12,13","4,12,13"
78,5,0.993707240525451,0.19874144810509,-1640.40578435635,-1619.33274386424,FALSE,FALSE,FALSE,"4,13,12,1,2","4,13","1,4,12,13","4,12,13","4,12,13"
78,6,0.993723447781822,0.165620574630304,-1639.69521577066,-1614.40756718012,FALSE,FALSE,FALSE,"4,13,12,1,2,3","4,13","1,4,12,13","4,12,13","4,12,13"
78,7,0.993743693578098,0.141963384796871,-1639.31063444477,-1609.80837775581,FALSE,FALSE,FALSE,"4,13,12,1,2,3,5","4,13","1,4,12,13","4,12,13","4,12,13"
78,8,0.993752553425608,0.124219069178201,-1638.0192096218,-1604.30234483442,FALSE,FALSE,FALSE,"4,13,12,1,2,3,5,6","4,13","1,4,12,13","4,12,13","4,12,13"
78,9,0.993767742921741,0.110418638102416,-1637.23634618662,-1599.30487330082,FALSE,FALSE,FALSE,"4,13,12,1,2,3,5,6,7","4,13","1,4,12,13","4,12,13","4,12,13"
78,10,0.993774449921379,0.0993774449921379,-1635.77472346287,-1593.62864247865,FALSE,FALSE,FALSE,"4,13,12,1,2,3,5,6,7,8","4,13","1,4,12,13","4,12,13","4,12,13"
78,11,0.993779701790645,0.090343609253695,-1634.19670109399,-1587.83601201134,FALSE,FALSE,FALSE,"4,13,12,1,2,3,5,6,7,8,9","4,13","1,4,12,13","4,12,13","4,12,13"
78,12,0.993784186984147,0.0828153489153456,-1632.55735995394,-1581.98206277287,FALSE,FALSE,FALSE,"4,13,12,1,2,3,5,6,7,8,9,10","4,13","1,4,12,13","4,12,13","4,12,13"
78,13,0.993788460225936,0.0764452661712259,-1630.90121773525,-1576.11131245577,FALSE,FALSE,FALSE,"4,13,12,1,2,3,5,6,7,8,9,10,11","4,13","1,4,12,13","4,12,13","4,12,13"
78,14,0.993792562702958,0.0709851830502113,-1629.23155711401,-1570.2270437361,FALSE,FALSE,FALSE,"4,13,12,1,2,3,5,6,7,8,9,10,11,14","4,13","1,4,12,13","4,12,13","4,12,13"
78,15,0.993796296100338,0.0662530864066892,-1627.532367284,-1564.31324580767,FALSE,FALSE,FALSE,"4,13,12,1,2,3,5,6,7,8,9,10,11,14,15","4,13","1,4,12,13","4,12,13","4,12,13"
78,16,0.993797881206115,0.0621123675753822,-1625.660138398,-1558.22640882324,FALSE,FALSE,FALSE,"4,13,12,1,2,3,5,6,7,8,9,10,11,14,15,16","4,13","1,4,12,13","4,12,13","4,12,13"
78,17,0.993798758605963,0.0584587505062331,-1623.73087728137,-1552.08253960819,FALSE,FALSE,FALSE,"4,13,12,1,2,3,5,6,7,8,9,10,11,14,15,16,17","4,13","1,4,12,13","4,12,13","4,12,13"
78,18,0.993800229170303,0.0552111238427946,-1621.84946150014,-1545.98651572854,FALSE,FALSE,FALSE,"4,13,12,1,2,3,5,6,7,8,9,10,11,14,15,16,17,18","4,13","1,4,12,13","4,12,13","4,12,13"
78,19,0.993800613795634,0.0523052954629281,-1619.88048178075,-1539.80292791073,FALSE,FALSE,FALSE,"4,13,12,1,2,3,5,6,7,8,9,10,11,14,15,16,17,18,19","4,13","1,4,12,13","4,12,13","4,12,13"
78,20,0.99380061559012,0.049690030779506,-1617.88062651173,-1533.58846454329,FALSE,FALSE,FALSE,"4,13,12,1,2,3,5,6,7,8,9,10,11,14,15,16,17,18,19,20","4,13","1,4,12,13","4,12,13","4,12,13"
79,1,0.383731949523087,0.383731949523087,69.7874859608784,74.0020940593006,TRUE,FALSE,FALSE,"7","2","1","2","2,7,9"
79,2,0.604755234293771,0.302377617146885,-150.300905417011,-141.871689220167,FALSE,FALSE,FALSE,"7,9","2","1,2","2,7","2,7,9"
79,3,0.979028004846374,0.326342668282124,-1616.45953010924,-1603.81570581397,FALSE,FALSE,TRUE,"7,9,2","2","1,2,6","2,7,9","2,7,9"
79,4,0.979155764245315,0.244788941061329,-1617.51479821198,-1600.6563658183,FALSE,FALSE,FALSE,"7,9,2,1","2","1,2,6,7","2,7,9","2,7,9"
79,5,0.979262851099128,0.195852570219826,-1618.09015955339,-1597.01711906128,FALSE,FALSE,FALSE,"7,9,2,1,3","2","1,2,6,7,9","2,7,9","2,7,9"
79,6,0.979384035544538,0.163230672590756,-1619.02064730811,-1593.73299871758,FALSE,FALSE,FALSE,"7,9,2,1,3,4","2","1,2,6,7,9,11","2,7,9","2,7,9"
79,7,0.979507099962531,0.139929585708933,-1620.01427866082,-1590.51202197186,FALSE,FALSE,FALSE,"7,9,2,1,3,4,5","2","1,2,6,7,9,11,12","2,7,9","2,7,9"
79,8,0.979592115685581,0.122449014460698,-1620.09286582815,-1586.37600104078,FALSE,TRUE,FALSE,"7,9,2,1,3,4,5,6","2","1,2,6,7,9,11,12,15","2,7,9","2,7,9"
79,9,0.97965300592799,0.108850333991999,-1619.58692715594,-1581.65545427014,FALSE,FALSE,FALSE,"7,9,2,1,3,4,5,6,8","2","1,2,6,7,9,11,12,15","2,7,9","2,7,9"
79,10,0.979739369433677,0.0979739369433677,-1619.71371089839,-1577.56762991417,FALSE,FALSE,FALSE,"7,9,2,1,3,4,5,6,8,10","2","1,2,6,7,9,11,12,15","2,7,9","2,7,9"
79,11,0.979763970111555,0.0890694518283232,-1618.32118520931,-1571.96049612667,FALSE,FALSE,FALSE,"7,9,2,1,3,4,5,6,8,10,11","2","1,2,6,7,9,11,12,15","2,7,9","2,7,9"
79,12,0.9798421439272,0.0816535119939333,-1618.25647594404,-1567.68117876297,FALSE,FALSE,FALSE,"7,9,2,1,3,4,5,6,8,10,11,12","2","1,2,6,7,9,11,12,15","2,7,9","2,7,9"
79,13,0.979871687311603,0.0753747451778156,-1616.98981422385,-1562.19990894436,FALSE,FALSE,FALSE,"7,9,2,1,3,4,5,6,8,10,11,12,13","2","1,2,6,7,9,11,12,15","2,7,9","2,7,9"
79,14,0.979894384673551,0.0699924560481108,-1615.55394915861,-1556.5494357807,FALSE,FALSE,FALSE,"7,9,2,1,3,4,5,6,8,10,11,12,13,14","2","1,2,6,7,9,11,12,15","2,7,9","2,7,9"
79,15,0.979916107957427,0.0653277405304951,-1614.094470489,-1550.87534901267,FALSE,FALSE,FALSE,"7,9,2,1,3,4,5,6,8,10,11,12,13,14,15","2","1,2,6,7,9,11,12,15","2,7,9","2,7,9"
79,16,0.979925125723483,0.0612453203577177,-1612.31902335838,-1544.88529378362,FALSE,FALSE,FALSE,"7,9,2,1,3,4,5,6,8,10,11,12,13,14,15,16","2","1,2,6,7,9,11,12,15","2,7,9","2,7,9"
79,17,0.979936641835581,0.0576433318726812,-1610.60593465751,-1538.95759698433,FALSE,FALSE,FALSE,"7,9,2,1,3,4,5,6,8,10,11,12,13,14,15,16,17","2","1,2,6,7,9,11,12,15","2,7,9","2,7,9"
79,18,0.979938697898852,0.0544410387721585,-1608.65717654366,-1532.79423077206,FALSE,FALSE,FALSE,"7,9,2,1,3,4,5,6,8,10,11,12,13,14,15,16,17,18","2","1,2,6,7,9,11,12,15","2,7,9","2,7,9"
79,19,0.979940462334557,0.0515758138070819,-1606.70115457891,-1526.62360070888,FALSE,FALSE,FALSE,"7,9,2,1,3,4,5,6,8,10,11,12,13,14,15,16,17,18,19","2","1,2,6,7,9,11,12,15","2,7,9","2,7,9"
79,20,0.979940473612903,0.0489970236806452,-1604.70143570079,-1520.40927373234,FALSE,FALSE,FALSE,"7,9,2,1,3,4,5,6,8,10,11,12,13,14,15,16,17,18,19,20","2","1,2,6,7,9,11,12,15","2,7,9","2,7,9"
80,1,0.573848150495361,0.573848150495361,-665.003250608939,-660.788642510517,TRUE,FALSE,FALSE,"8","14","7","7","7,8,14"
80,2,0.772290270059859,0.386145135029929,-976.365267325226,-967.936051128381,FALSE,FALSE,FALSE,"8,7","14","7,8","7,8","7,8,14"
80,3,0.934136754028042,0.311378918009347,-1594.61083826792,-1581.96701397265,FALSE,FALSE,TRUE,"8,7,14","14","7,8,10","7,8,14","7,8,14"
80,4,0.934725605427866,0.233681401356966,-1597.10119935046,-1580.24276695677,FALSE,FALSE,FALSE,"8,7,14,1","14","7,8,10,14","7,8,14","7,8,14"
80,5,0.935192378390421,0.187038475678084,-1598.68951216758,-1577.61647167547,FALSE,TRUE,FALSE,"8,7,14,1,2","14","7,8,10,14,19","7,8,14","7,8,14"
80,6,0.935389974378239,0.15589832906304,-1598.21632203924,-1572.9286734487,FALSE,FALSE,FALSE,"8,7,14,1,2,3","14","7,8,10,14,19","7,8,14","7,8,14"
80,7,0.935507122909166,0.133643874701309,-1597.12372660272,-1567.62146991376,FALSE,FALSE,FALSE,"8,7,14,1,2,3,4","14","7,8,10,14,19","7,8,14","7,8,14"
80,8,0.935669641093679,0.11695870513671,-1596.38528682881,-1562.66842204144,FALSE,FALSE,FALSE,"8,7,14,1,2,3,4,5","14","7,8,10,14,19","7,8,14","7,8,14"
80,9,0.935751909990729,0.103972434443414,-1595.02512117874,-1557.09364829294,FALSE,FALSE,FALSE,"8,7,14,1,2,3,4,5,6","14","7,8,10,14,19","7,8,14","7,8,14"
80,10,0.93580276139214,0.093580276139214,-1593.42102038827,-1551.27493940405,FALSE,FALSE,FALSE,"8,7,14,1,2,3,4,5,6,9","14","7,8,10,14,19","7,8,14","7,8,14"
80,11,0.935838924769335,0.0850762658881213,-1591.70275810412,-1545.34206902148,FALSE,FALSE,FALSE,"8,7,14,1,2,3,4,5,6,9,10","14","7,8,10,14,19","7,8,14","7,8,14"
80,12,0.935864144598157,0.0779886787165131,-1589.89933201297,-1539.3240348319,FALSE,FALSE,FALSE,"8,7,14,1,2,3,4,5,6,9,10,11","14","7,8,10,14,19","7,8,14","7,8,14"
80,13,0.935882877865502,0.0719909906050386,-1588.04539698423,-1533.25549170474,FALSE,FALSE,FALSE,"8,7,14,1,2,3,4,5,6,9,10,11,12","14","7,8,10,14,19","7,8,14","7,8,14"
80,14,0.935907320631315,0.0668505229022368,-1586.23604361049,-1527.23153023258,FALSE,FALSE,FALSE,"8,7,14,1,2,3,4,5,6,9,10,11,12,13","14","7,8,10,14,19","7,8,14","7,8,14"
80,15,0.935920772354837,0.0623947181569891,-1584.3409942497,-1521.12187277337,FALSE,FALSE,FALSE,"8,7,14,1,2,3,4,5,6,9,10,11,12,13,15","14","7,8,10,14,19","7,8,14","7,8,14"
80,16,0.935935610192909,0.0584959756370568,-1582.45678494169,-1515.02305536693,FALSE,FALSE,FALSE,"8,7,14,1,2,3,4,5,6,9,10,11,12,13,15,16","14","7,8,10,14,19","7,8,14","7,8,14"
80,17,0.935944045972268,0.0550555321160158,-1580.5226275637,-1508.87428989052,FALSE,FALSE,FALSE,"8,7,14,1,2,3,4,5,6,9,10,11,12,13,15,16,17","14","7,8,10,14,19","7,8,14","7,8,14"
80,18,0.935951697383496,0.0519973165213054,-1578.58235556524,-1502.71940979364,FALSE,FALSE,FALSE,"8,7,14,1,2,3,4,5,6,9,10,11,12,13,15,16,17,18","14","7,8,10,14,19","7,8,14","7,8,14"
80,19,0.935952372941428,0.0492606512074436,-1576.5876294091,-1496.51007553907,FALSE,FALSE,FALSE,"8,7,14,1,2,3,4,5,6,9,10,11,12,13,15,16,17,18,19","14","7,8,10,14,19","7,8,14","7,8,14"
80,20,0.935952578353646,0.0467976289176823,-1574.58923300127,-1490.29707103282,FALSE,FALSE,FALSE,"8,7,14,1,2,3,4,5,6,9,10,11,12,13,15,16,17,18,19,20","14","7,8,10,14,19","7,8,14","7,8,14"
81,1,0.477068737276008,0.477068737276008,78.6160598678484,82.8306679662706,TRUE,FALSE,FALSE,"14","5","5","5","5,12,14"
81,2,0.636165032196404,0.318082516098202,-100.758763597011,-92.3295474001664,FALSE,FALSE,FALSE,"14,12","5","5,10","5,12","5,12,14"
81,3,0.981787706298585,0.327262568766195,-1596.06053135793,-1583.41670706267,FALSE,FALSE,FALSE,"14,12,5","5","5,10,12","5,12,14","5,12,14"
81,4,0.981889591580006,0.245472397895002,-1596.86554152195,-1580.00710912826,FALSE,FALSE,FALSE,"14,12,5,1","5","5,10,12,14","5,12,14,17","5,12,14"
81,5,0.982454255854643,0.196490851170929,-1610.70324260072,-1589.63020210861,FALSE,FALSE,TRUE,"14,12,5,1,2","5","5,10,12,14,17","5,12,14,17,18","5,12,14"
81,6,0.982524736755318,0.163754122792553,-1610.71577739295,-1585.42812880242,FALSE,TRUE,FALSE,"14,12,5,1,2,3","5","5,10,12,14,17,18","5,12,14,17,18","5,12,14"
81,7,0.982577752727914,0.140368250389702,-1610.23496923779,-1580.73271254884,FALSE,FALSE,FALSE,"14,12,5,1,2,3,4","5","5,10,12,14,17,18","5,12,14,17,18","5,12,14"
81,8,0.982639288077509,0.122829911009689,-1610.00409455713,-1576.28722976976,FALSE,FALSE,FALSE,"14,12,5,1,2,3,4,6","5","5,10,12,14,17,18","5,12,14,17,18","5,12,14"
81,9,0.982689591648307,0.109187732405367,-1609.45497372391,-1571.52350083811,FALSE,FALSE,FALSE,"14,12,5,1,2,3,4,6,7","5","5,10,12,14,17,18","5,12,14,17,18","5,12,14"
81,10,0.982729650672918,0.0982729650672918,-1608.6133937592,-1566.46731277498,FALSE,FALSE,FALSE,"14,12,5,1,2,3,4,6,7,8","5","5,10,12,14,17,18","5,12,14,17,18","5,12,14"
81,11,0.982742657976606,0.0893402416342369,-1606.99011469809,-1560.62942561544,FALSE,FALSE,FALSE,"14,12,5,1,2,3,4,6,7,8,9","5","5,10,12,14,17,18","5,12,14,17,18","5,12,14"
81,12,0.982752768644562,0.0818960640537135,-1605.28313870201,-1554.70784152094,FALSE,FALSE,FALSE,"14,12,5,1,2,3,4,6,7,8,9,10","5","5,10,12,14,17,18","5,12,14,17,18","5,12,14"
81,13,0.982757568448655,0.0755967360345119,-1603.4223051571,-1548.63239987761,FALSE,FALSE,FALSE,"14,12,5,1,2,3,4,6,7,8,9,10,11","5","5,10,12,14,17,18","5,12,14,17,18","5,12,14"
81,14,0.982761659352253,0.0701972613823038,-1601.54094819658,-1542.53643481867,FALSE,FALSE,FALSE,"14,12,5,1,2,3,4,6,7,8,9,10,11,13","5","5,10,12,14,17,18","5,12,14,17,18","5,12,14"
81,15,0.982763617639624,0.0655175745093083,-1599.5977517675,-1536.37863029117,FALSE,FALSE,FALSE,"14,12,5,1,2,3,4,6,7,8,9,10,11,13,15","5","5,10,12,14,17,18","5,12,14,17,18","5,12,14"
81,16,0.982764758185754,0.0614227973866096,-1597.63083828888,-1530.19710871412,FALSE,FALSE,FALSE,"14,12,5,1,2,3,4,6,7,8,9,10,11,13,15,16","5","5,10,12,14,17,18","5,12,14,17,18","5,12,14"
81,17,0.982765537247294,0.0578097374851349,-1595.65343962967,-1524.00510195649,FALSE,FALSE,FALSE,"14,12,5,1,2,3,4,6,7,8,9,10,11,13,15,16,17","5","5,10,12,14,17,18","5,12,14,17,18","5,12,14"
81,18,0.982765571875015,0.0545980873263897,-1593.65444423762,-1517.79149846602,FALSE,FALSE,FALSE,"14,12,5,1,2,3,4,6,7,8,9,10,11,13,15,16,17,18","5","5,10,12,14,17,18","5,12,14,17,18","5,12,14"
81,19,0.982765593532209,0.0517245049227478,-1591.65507254994,-1511.57751867992,FALSE,FALSE,FALSE,"14,12,5,1,2,3,4,6,7,8,9,10,11,13,15,16,17,18,19","5","5,10,12,14,17,18","5,12,14,17,18","5,12,14"
81,20,0.982765608358567,0.0491382804179283,-1589.65550268845,-1505.36334072001,FALSE,FALSE,FALSE,"14,12,5,1,2,3,4,6,7,8,9,10,11,13,15,16,17,18,19,20","5","5,10,12,14,17,18","5,12,14,17,18","5,12,14"
82,1,0.544437409038725,0.544437409038725,-81.0784084145569,-76.8638003161347,TRUE,FALSE,FALSE,"10","15","1","7","10,13,15"
82,2,0.776858223386733,0.388429111693366,-435.941298314543,-427.512082117698,FALSE,FALSE,FALSE,"10,13","15","1,4","7,10","10,13,15"
82,3,0.979265882533604,0.326421960844535,-1621.95470267754,-1609.31087838227,FALSE,FALSE,FALSE,"10,13,15","15","1,4,7","7,10,13","10,13,15"
82,4,0.979596649084013,0.244899162271003,-1627.99539384556,-1611.13696145187,FALSE,FALSE,FALSE,"10,13,15,1","15","1,4,7,8","7,10,13,15","10,13,15"
82,5,0.97985607285331,0.195971214570662,-1632.39353748496,-1611.32049699285,FALSE,FALSE,TRUE,"10,13,15,1,2","15","1,4,7,8,10","7,10,13,15,20","10,13,15"
82,6,0.979959990787251,0.163326665131209,-1632.97959985251,-1607.69195126198,FALSE,FALSE,FALSE,"10,13,15,1,2,3","15","1,4,7,8,10,13","7,10,13,15,20","10,13,15"
82,7,0.980035610390573,0.140005087198653,-1632.86988431161,-1603.36762762265,FALSE,FALSE,FALSE,"10,13,15,1,2,3,4","15","1,4,7,8,10,13,14","7,10,13,15,20","10,13,15"
82,8,0.98013177560279,0.122516471950349,-1633.28412202733,-1599.56725723996,FALSE,FALSE,FALSE,"10,13,15,1,2,3,4,5","15","1,4,7,8,10,13,14,15","7,10,13,15,20","10,13,15"
82,9,0.980227238180523,0.108914137575614,-1633.6923053594,-1595.7608324736,FALSE,TRUE,FALSE,"10,13,15,1,2,3,4,5,6","15","1,4,7,8,10,13,14,15,20","7,10,13,15,20","10,13,15"
82,10,0.98025276202395,0.098025276202395,-1632.3381516931,-1590.19207070888,FALSE,FALSE,FALSE,"10,13,15,1,2,3,4,5,6,7","15","1,4,7,8,10,13,14,15,20","7,10,13,15,20","10,13,15"
82,11,0.980286116956545,0.0891169197233223,-1631.18341253915,-1584.8227234565,FALSE,FALSE,FALSE,"10,13,15,1,2,3,4,5,6,7,8","15","1,4,7,8,10,13,14,15,20","7,10,13,15,20","10,13,15"
82,12,0.980321026947259,0.0816934189122716,-1630.06961382821,-1579.49431664714,FALSE,FALSE,FALSE,"10,13,15,1,2,3,4,5,6,7,8,9","15","1,4,7,8,10,13,14,15,20","7,10,13,15,20","10,13,15"
82,13,0.980347528386116,0.0754113483373936,-1628.74341167857,-1573.95350639908,FALSE,FALSE,FALSE,"10,13,15,1,2,3,4,5,6,7,8,9,11","15","1,4,7,8,10,13,14,15,20","7,10,13,15,20","10,13,15"
82,14,0.98036777981246,0.0700262699866043,-1627.25891599358,-1568.25440261567,FALSE,FALSE,FALSE,"10,13,15,1,2,3,4,5,6,7,8,9,11,12","15","1,4,7,8,10,13,14,15,20","7,10,13,15,20","10,13,15"
82,15,0.980384546371484,0.0653589697580989,-1625.68611481618,-1562.46699333984,FALSE,FALSE,FALSE,"10,13,15,1,2,3,4,5,6,7,8,9,11,12,14","15","1,4,7,8,10,13,14,15,20","7,10,13,15,20","10,13,15"
82,16,0.980397890714501,0.0612748681696563,-1624.02637929312,-1556.59264971836,FALSE,FALSE,FALSE,"10,13,15,1,2,3,4,5,6,7,8,9,11,12,14,16","15","1,4,7,8,10,13,14,15,20","7,10,13,15,20","10,13,15"
82,17,0.980408804635038,0.0576711061550023,-1622.30484320213,-1550.65650552895,FALSE,FALSE,FALSE,"10,13,15,1,2,3,4,5,6,7,8,9,11,12,14,16,17","15","1,4,7,8,10,13,14,15,20","7,10,13,15,20","10,13,15"
82,18,0.980412443421229,0.054467357967846,-1620.39771972372,-1544.53477395212,FALSE,FALSE,FALSE,"10,13,15,1,2,3,4,5,6,7,8,9,11,12,14,16,17,18","15","1,4,7,8,10,13,14,15,20","7,10,13,15,20","10,13,15"
82,19,0.98041299826494,0.0516006841192074,-1618.41188309239,-1538.33432922237,FALSE,FALSE,FALSE,"10,13,15,1,2,3,4,5,6,7,8,9,11,12,14,16,17,18,19","15","1,4,7,8,10,13,14,15,20","7,10,13,15,20","10,13,15"
82,20,0.980413113007206,0.0490206556503603,-1616.41481214206,-1532.12265017361,FALSE,FALSE,FALSE,"10,13,15,1,2,3,4,5,6,7,8,9,11,12,14,16,17,18,19,20","15","1,4,7,8,10,13,14,15,20","7,10,13,15,20","10,13,15"
83,1,0.674465276833036,0.674465276833036,91.1481994091919,95.3628075076141,TRUE,FALSE,FALSE,"4","4","4","4","4,15,20"
83,2,0.83560004090515,0.417800020452575,-248.435249864825,-240.00603366798,FALSE,FALSE,FALSE,"4,15","4","4,15","4,15","4,15,20"
83,3,0.990060268310687,0.330020089436896,-1649.31635312982,-1636.67252883455,FALSE,TRUE,TRUE,"4,15,20","4","4,15,20","4,15,20","4,15,20"
83,4,0.990093808730832,0.247523452182708,-1649.00639557068,-1632.14796317699,FALSE,FALSE,FALSE,"4,15,20,1","4","4,15,20","4,15,20","4,15,20"
83,5,0.990119952244976,0.198023990448995,-1648.32769414217,-1627.25465365006,FALSE,FALSE,FALSE,"4,15,20,1,2","4","4,15,20","4,15,20","4,15,20"
83,6,0.990141693433755,0.165023615572293,-1647.42916375905,-1622.14151516852,FALSE,FALSE,FALSE,"4,15,20,1,2,3","4","4,15,20","4,15,20","4,15,20"
83,7,0.990151862753157,0.141450266107594,-1645.94520411623,-1616.44294742727,FALSE,FALSE,FALSE,"4,15,20,1,2,3,5","4","4,15,20","4,15,20","4,15,20"
83,8,0.990162708489032,0.123770338561129,-1644.49615665613,-1610.77929186875,FALSE,FALSE,FALSE,"4,15,20,1,2,3,5,6","4","4,15,20","4,15,20","4,15,20"
83,9,0.990176984588047,0.110019664954227,-1643.22229493973,-1605.29082205393,FALSE,FALSE,FALSE,"4,15,20,1,2,3,5,6,7","4","4,15,20","4,15,20","4,15,20"
83,10,0.990188717934441,0.0990188717934441,-1641.81988941968,-1599.67380843546,FALSE,FALSE,FALSE,"4,15,20,1,2,3,5,6,7,8","4","4,15,20","4,15,20","4,15,20"
83,11,0.990197117285158,0.0900179197531962,-1640.24811826984,-1593.8874291872,FALSE,FALSE,FALSE,"4,15,20,1,2,3,5,6,7,8,9","4","4,15,20","4,15,20","4,15,20"
83,12,0.990204909694256,0.0825170758078547,-1638.6457313036,-1588.07043412253,FALSE,FALSE,FALSE,"4,15,20,1,2,3,5,6,7,8,9,10","4","4,15,20","4,15,20","4,15,20"
83,13,0.99020897336357,0.0761699210279669,-1636.8532083336,-1582.06330305411,FALSE,FALSE,FALSE,"4,15,20,1,2,3,5,6,7,8,9,10,11","4","4,15,20","4,15,20","4,15,20"
83,14,0.990212764910639,0.0707294832079028,-1635.04686940368,-1576.04235602577,FALSE,FALSE,FALSE,"4,15,20,1,2,3,5,6,7,8,9,10,11,12","4","4,15,20","4,15,20","4,15,20"
83,15,0.990216508667213,0.0660144339111476,-1633.2381631012,-1570.01904162486,FALSE,FALSE,FALSE,"4,15,20,1,2,3,5,6,7,8,9,10,11,12,13","4","4,15,20","4,15,20","4,15,20"
83,16,0.990218560914104,0.0618886600571315,-1631.34305725899,-1563.90932768424,FALSE,FALSE,FALSE,"4,15,20,1,2,3,5,6,7,8,9,10,11,12,13,14","4","4,15,20","4,15,20","4,15,20"
83,17,0.990220458112008,0.0582482622418828,-1629.44004615297,-1557.79170847979,FALSE,FALSE,FALSE,"4,15,20,1,2,3,5,6,7,8,9,10,11,12,13,14,16","4","4,15,20","4,15,20","4,15,20"
83,18,0.990222017871822,0.0550123343262124,-1627.51979857031,-1551.65685279871,FALSE,FALSE,FALSE,"4,15,20,1,2,3,5,6,7,8,9,10,11,12,13,14,16,17","4","4,15,20","4,15,20","4,15,20"
83,19,0.99022201848396,0.052116948341261,-1625.51982987214,-1545.44227600212,FALSE,FALSE,FALSE,"4,15,20,1,2,3,5,6,7,8,9,10,11,12,13,14,16,17,18","4","4,15,20","4,15,20","4,15,20"
83,20,0.990222018698592,0.0495111009349296,-1623.51984084744,-1539.227678879,FALSE,FALSE,FALSE,"4,15,20,1,2,3,5,6,7,8,9,10,11,12,13,14,16,17,18,19","4","4,15,20","4,15,20","4,15,20"
84,1,0.838367171626953,0.838367171626953,71.5847147051283,75.7993228035505,TRUE,FALSE,FALSE,"2","2","1","1","1,2,16"
84,2,0.922503808674808,0.461251904337404,-293.964525478804,-285.53530928196,FALSE,FALSE,FALSE,"2,1","2","1,2","1,2","1,2,16"
84,3,0.994544567859809,0.33151485595327,-1618.77300333541,-1606.12917904014,FALSE,FALSE,TRUE,"2,1,16","2","1,2,16","1,2,16","1,2,16"
84,4,0.994566873889883,0.248641718472471,-1618.82158137163,-1601.96314897794,FALSE,FALSE,FALSE,"2,1,16,3","2","1,2,16,18","1,2,16","1,2,16"
84,5,0.994593716480752,0.19891874329615,-1619.29797507361,-1598.2249345815,FALSE,TRUE,FALSE,"2,1,16,3,4","2","1,2,16,18,19","1,2,16","1,2,16"
84,6,0.994607623062075,0.165767937177013,-1618.5857819332,-1593.29813334267,FALSE,FALSE,FALSE,"2,1,16,3,4,5","2","1,2,16,18,19","1,2,16","1,2,16"
84,7,0.994630180866243,0.142090025838035,-1618.68180741464,-1589.17955072568,FALSE,FALSE,FALSE,"2,1,16,3,4,5,6","2","1,2,16,18,19","1,2,16","1,2,16"
84,8,0.994643713075963,0.124330464134495,-1617.94342247105,-1584.22655768368,FALSE,FALSE,FALSE,"2,1,16,3,4,5,6,7","2","1,2,16,18,19","1,2,16","1,2,16"
84,9,0.994658609284602,0.110517623253845,-1617.33589462896,-1579.40442174316,FALSE,FALSE,FALSE,"2,1,16,3,4,5,6,7,8","2","1,2,16,18,19","1,2,16","1,2,16"
84,10,0.994674659329481,0.0994674659329481,-1616.84057834239,-1574.69449735817,FALSE,FALSE,FALSE,"2,1,16,3,4,5,6,7,8,9","2","1,2,16,18,19","1,2,16","1,2,16"
84,11,0.994687559134909,0.0904261417395372,-1616.05321950331,-1569.69253042067,FALSE,FALSE,FALSE,"2,1,16,3,4,5,6,7,8,9,10","2","1,2,16,18,19","1,2,16","1,2,16"
84,12,0.994691052504395,0.0828909210420329,-1614.38211903067,-1563.8068218496,FALSE,FALSE,FALSE,"2,1,16,3,4,5,6,7,8,9,10,11","2","1,2,16,18,19","1,2,16","1,2,16"
84,13,0.994693227956026,0.0765148636889251,-1612.58704641725,-1557.79714113776,FALSE,FALSE,FALSE,"2,1,16,3,4,5,6,7,8,9,10,11,12","2","1,2,16,18,19","1,2,16","1,2,16"
84,14,0.994695364656882,0.071049668904063,-1610.78840527631,-1551.7838918984,FALSE,FALSE,FALSE,"2,1,16,3,4,5,6,7,8,9,10,11,12,13","2","1,2,16,18,19","1,2,16","1,2,16"
84,15,0.994696653844415,0.0663131102562943,-1608.90993523366,-1545.69081375733,FALSE,FALSE,FALSE,"2,1,16,3,4,5,6,7,8,9,10,11,12,13,14","2","1,2,16,18,19","1,2,16","1,2,16"
84,16,0.994697938070717,0.0621686211294198,-1607.03102687843,-1539.59729730367,FALSE,FALSE,FALSE,"2,1,16,3,4,5,6,7,8,9,10,11,12,13,14,15","2","1,2,16,18,19","1,2,16","1,2,16"
84,17,0.994698659961153,0.0585116858800678,-1605.09910789993,-1533.45077022676,FALSE,FALSE,FALSE,"2,1,16,3,4,5,6,7,8,9,10,11,12,13,14,15,17","2","1,2,16,18,19","1,2,16","1,2,16"
84,18,0.994698845913407,0.0552610469951893,-1603.11664643871,-1527.25370066711,FALSE,FALSE,FALSE,"2,1,16,3,4,5,6,7,8,9,10,11,12,13,14,15,17,18","2","1,2,16,18,19","1,2,16","1,2,16"
84,19,0.994698948716104,0.052352576248216,-1601.12634278893,-1521.04878891891,FALSE,FALSE,FALSE,"2,1,16,3,4,5,6,7,8,9,10,11,12,13,14,15,17,18,19","2","1,2,16,18,19","1,2,16","1,2,16"
84,20,0.994698949969584,0.0497349474984792,-1599.12646101836,-1514.83429904992,FALSE,FALSE,FALSE,"2,1,16,3,4,5,6,7,8,9,10,11,12,13,14,15,17,18,19,20","2","1,2,16,18,19","1,2,16","1,2,16"
85,1,0.6267221469287,0.6267221469287,162.996059933862,167.210668032284,TRUE,FALSE,FALSE,"10","10","4","4","4,10,12"
85,2,0.867421586369532,0.433710793184766,-352.57833274977,-344.149116552925,FALSE,FALSE,FALSE,"10,4","10","4,10","4,10","4,10,12"
85,3,0.988369346250066,0.329456448750022,-1567.34337976925,-1554.69955547399,FALSE,FALSE,TRUE,"10,4,12","10","4,10,12","4,10,12","4,10,12"
85,4,0.988427237571797,0.247106809392949,-1567.83833315919,-1550.9799007655,FALSE,TRUE,FALSE,"10,4,12,1","10","4,10,12,14","4,10,12","4,10,12"
85,5,0.988443685216392,0.197688737043278,-1566.54945739544,-1545.47641690333,FALSE,FALSE,FALSE,"10,4,12,1,2","10","4,10,12,14","4,10,12","4,10,12"
85,6,0.988496421638118,0.164749403606353,-1566.83639399707,-1541.54874540654,FALSE,FALSE,FALSE,"10,4,12,1,2,3","10","4,10,12,14","4,10,12","4,10,12"
85,7,0.988508867075001,0.141215552439286,-1565.37762445408,-1535.87536776512,FALSE,FALSE,FALSE,"10,4,12,1,2,3,5","10","4,10,12,14","4,10,12","4,10,12"
85,8,0.988530800925794,0.123566350115724,-1564.33291802153,-1530.61605323415,FALSE,FALSE,FALSE,"10,4,12,1,2,3,5,6","10","4,10,12,14","4,10,12","4,10,12"
85,9,0.988547812021427,0.109838645780159,-1563.07506764436,-1525.14359475856,FALSE,FALSE,FALSE,"10,4,12,1,2,3,5,6,7","10","4,10,12,14","4,10,12","4,10,12"
85,10,0.98856578193309,0.098856578193309,-1561.86024620497,-1519.71416522074,FALSE,FALSE,FALSE,"10,4,12,1,2,3,5,6,7,8","10","4,10,12,14","4,10,12","4,10,12"
85,11,0.988582870469786,0.0898711700427078,-1560.6080594273,-1514.24737034466,FALSE,FALSE,FALSE,"10,4,12,1,2,3,5,6,7,8,9","10","4,10,12,14","4,10,12","4,10,12"
85,12,0.988601591988989,0.0823834659990824,-1559.42861968678,-1508.85332250571,FALSE,FALSE,FALSE,"10,4,12,1,2,3,5,6,7,8,9,11","10","4,10,12,14","4,10,12","4,10,12"
85,13,0.988610752796553,0.0760469809843502,-1557.83062717596,-1503.04072189647,FALSE,FALSE,FALSE,"10,4,12,1,2,3,5,6,7,8,9,11,13","10","4,10,12,14","4,10,12","4,10,12"
85,14,0.988615162919342,0.070615368779953,-1556.02427372567,-1497.01976034775,FALSE,FALSE,FALSE,"10,4,12,1,2,3,5,6,7,8,9,11,13,14","10","4,10,12,14","4,10,12","4,10,12"
85,15,0.988618992907614,0.0659079328605076,-1554.19250769402,-1490.97338621768,FALSE,FALSE,FALSE,"10,4,12,1,2,3,5,6,7,8,9,11,13,14,15","10","4,10,12,14","4,10,12","4,10,12"
85,16,0.98862253382359,0.0617889083639743,-1552.34809440505,-1484.91436483029,FALSE,FALSE,FALSE,"10,4,12,1,2,3,5,6,7,8,9,11,13,14,15,16","10","4,10,12,14","4,10,12","4,10,12"
85,17,0.988625771241457,0.0581544571318504,-1550.49038788684,-1478.84205021366,FALSE,FALSE,FALSE,"10,4,12,1,2,3,5,6,7,8,9,11,13,14,15,16,17","10","4,10,12,14","4,10,12","4,10,12"
85,18,0.988627640585452,0.0549237578103029,-1548.57256917863,-1472.70962340703,FALSE,FALSE,FALSE,"10,4,12,1,2,3,5,6,7,8,9,11,13,14,15,16,17,18","10","4,10,12,14","4,10,12","4,10,12"
85,19,0.988629277229878,0.0520331198542041,-1546.64453147535,-1466.56697760533,FALSE,FALSE,FALSE,"10,4,12,1,2,3,5,6,7,8,9,11,13,14,15,16,17,18,19","10","4,10,12,14","4,10,12","4,10,12"
85,20,0.988629608792441,0.0494314804396221,-1544.65911134877,-1460.36694938033,FALSE,FALSE,FALSE,"10,4,12,1,2,3,5,6,7,8,9,11,13,14,15,16,17,18,19,20","10","4,10,12,14","4,10,12","4,10,12"
86,1,0.627332131445572,0.627332131445572,306.776667267927,310.991275366349,TRUE,FALSE,FALSE,"20","14","3","10","10,14,20"
86,2,0.856806233500083,0.428403116750042,-169.467766028317,-161.038549831472,FALSE,FALSE,FALSE,"20,10","14","3,5","10,14","10,14,20"
86,3,0.991401463373282,0.330467154457761,-1573.77111325523,-1561.12728895996,FALSE,FALSE,TRUE,"20,10,14","14","3,5,6","10,14,20","10,14,20"
86,4,0.991471194528554,0.247867798632139,-1575.84247121371,-1558.98403882002,FALSE,FALSE,FALSE,"20,10,14,1","14","3,5,6,9","10,14,20","10,14,20"
86,5,0.991523458714259,0.198304691742852,-1576.91587812571,-1555.8428376336,FALSE,FALSE,FALSE,"20,10,14,1,2","14","3,5,6,9,10","10,14,20","10,14,20"
86,6,0.991556560332728,0.165259426722121,-1576.87224325353,-1551.58459466299,FALSE,FALSE,FALSE,"20,10,14,1,2,3","14","3,5,6,9,10,14","10,14,20","10,14,20"
86,7,0.991600565214895,0.141657223602128,-1577.48491975469,-1547.98266306573,FALSE,FALSE,FALSE,"20,10,14,1,2,3,4","14","3,5,6,9,10,14,18","10,14,20","10,14,20"
86,8,0.991639379333821,0.123954922416728,-1577.80079445025,-1544.08392966288,FALSE,FALSE,FALSE,"20,10,14,1,2,3,4,5","14","3,5,6,9,10,14,18,19","10,14,20","10,14,20"
86,9,0.991678266181218,0.110186474020135,-1578.13181540205,-1540.20034251625,FALSE,TRUE,FALSE,"20,10,14,1,2,3,4,5,6","14","3,5,6,9,10,14,18,19,20","10,14,20","10,14,20"
86,10,0.99170281672476,0.099170281672476,-1577.60908141536,-1535.46300043114,FALSE,FALSE,FALSE,"20,10,14,1,2,3,4,5,6,7","14","3,5,6,9,10,14,18,19,20","10,14,20","10,14,20"
86,11,0.99171794870778,0.0901561771552528,-1576.52178864322,-1530.16109956058,FALSE,FALSE,FALSE,"20,10,14,1,2,3,4,5,6,7,8","14","3,5,6,9,10,14,18,19,20","10,14,20","10,14,20"
86,12,0.991738372427549,0.0826448643689624,-1575.75632240755,-1525.18102522648,FALSE,FALSE,FALSE,"20,10,14,1,2,3,4,5,6,7,8,9","14","3,5,6,9,10,14,18,19,20","10,14,20","10,14,20"
86,13,0.991753121926567,0.076288701686659,-1574.64977110961,-1519.85986583012,FALSE,FALSE,FALSE,"20,10,14,1,2,3,4,5,6,7,8,9,11","14","3,5,6,9,10,14,18,19,20","10,14,20","10,14,20"
86,14,0.991764561774369,0.0708403258410264,-1573.34383919032,-1514.33932581241,FALSE,FALSE,FALSE,"20,10,14,1,2,3,4,5,6,7,8,9,11,12","14","3,5,6,9,10,14,18,19,20","10,14,20","10,14,20"
86,15,0.991772830202286,0.0661181886801524,-1571.84609427653,-1508.6269728002,FALSE,FALSE,FALSE,"20,10,14,1,2,3,4,5,6,7,8,9,11,12,13","14","3,5,6,9,10,14,18,19,20","10,14,20","10,14,20"
86,16,0.991776302283095,0.0619860188926934,-1570.05715189139,-1502.62342231664,FALSE,FALSE,FALSE,"20,10,14,1,2,3,4,5,6,7,8,9,11,12,13,15","14","3,5,6,9,10,14,18,19,20","10,14,20","10,14,20"
86,17,0.991784411067835,0.0583402594745785,-1568.5504084159,-1496.90207074273,FALSE,FALSE,FALSE,"20,10,14,1,2,3,4,5,6,7,8,9,11,12,13,15,16","14","3,5,6,9,10,14,18,19,20","10,14,20","10,14,20"
86,18,0.991786037640156,0.055099224313342,-1566.64941126127,-1490.78646548967,FALSE,FALSE,FALSE,"20,10,14,1,2,3,4,5,6,7,8,9,11,12,13,15,16,17","14","3,5,6,9,10,14,18,19,20","10,14,20","10,14,20"
86,19,0.991787584675232,0.0521993465618543,-1564.74359119011,-1484.66603732008,FALSE,FALSE,FALSE,"20,10,14,1,2,3,4,5,6,7,8,9,11,12,13,15,16,17,18","14","3,5,6,9,10,14,18,19,20","10,14,20","10,14,20"
86,20,0.991787829796265,0.0495893914898133,-1562.75851522167,-1478.46635325323,FALSE,FALSE,FALSE,"20,10,14,1,2,3,4,5,6,7,8,9,11,12,13,15,16,17,18,19","14","3,5,6,9,10,14,18,19,20","10,14,20","10,14,20"
87,1,0.580383849671944,0.580383849671944,-319.675213240047,-315.460605141625,TRUE,FALSE,FALSE,"6","17","4","4","4,6,17"
87,2,0.718359534595576,0.359179767297788,-517.029739975559,-508.600523778714,FALSE,FALSE,FALSE,"6,17","17","4,6","4,6","4,6,17"
87,3,0.972925741606866,0.324308580535622,-1686.05369520196,-1673.40987090669,FALSE,FALSE,TRUE,"6,17,4","17","4,6,17","4,6,17","4,6,17"
87,4,0.973040258198824,0.243260064549706,-1686.17304159499,-1669.3146092013,FALSE,TRUE,FALSE,"6,17,4,1","17","4,6,17,20","4,6,17","4,6,17"
87,5,0.973113958272467,0.194622791654493,-1685.54176751626,-1664.46872702415,FALSE,FALSE,FALSE,"6,17,4,1,2","17","4,6,17,20","4,6,17","4,6,17"
87,6,0.973179303082982,0.16219655051383,-1684.75846479501,-1659.47081620448,FALSE,FALSE,FALSE,"6,17,4,1,2,3","17","4,6,17,20","4,6,17","4,6,17"
87,7,0.97324104715111,0.139034435307301,-1683.91084439678,-1654.40858770782,FALSE,FALSE,FALSE,"6,17,4,1,2,3,5","17","4,6,17,20","4,6,17","4,6,17"
87,8,0.973290618406538,0.121661327300817,-1682.83795892442,-1649.12109413704,FALSE,FALSE,FALSE,"6,17,4,1,2,3,5,7","17","4,6,17,20","4,6,17","4,6,17"
87,9,0.973324440389992,0.108147160043332,-1681.47150814667,-1643.54003526087,FALSE,FALSE,FALSE,"6,17,4,1,2,3,5,7,8","17","4,6,17,20","4,6,17","4,6,17"
87,10,0.973351758049702,0.0973351758049702,-1679.98380586927,-1637.83772488504,FALSE,FALSE,FALSE,"6,17,4,1,2,3,5,7,8,9","17","4,6,17,20","4,6,17","4,6,17"
87,11,0.973398128733979,0.0884907389758163,-1678.85461521027,-1632.49392612763,FALSE,FALSE,FALSE,"6,17,4,1,2,3,5,7,8,9,10","17","4,6,17,20","4,6,17","4,6,17"
87,12,0.973417280206775,0.0811181066838979,-1677.21470961436,-1626.63941243329,FALSE,FALSE,FALSE,"6,17,4,1,2,3,5,7,8,9,10,11","17","4,6,17,20","4,6,17","4,6,17"
87,13,0.973437184806878,0.074879783446683,-1675.58923968615,-1620.79933440666,FALSE,FALSE,FALSE,"6,17,4,1,2,3,5,7,8,9,10,11,12","17","4,6,17,20","4,6,17","4,6,17"
87,14,0.973452987766078,0.0695323562690055,-1673.8867921436,-1614.88227876569,FALSE,FALSE,FALSE,"6,17,4,1,2,3,5,7,8,9,10,11,12,13","17","4,6,17,20","4,6,17","4,6,17"
87,15,0.973456082604844,0.0648970721736562,-1671.94508531705,-1608.72596384072,FALSE,FALSE,FALSE,"6,17,4,1,2,3,5,7,8,9,10,11,12,13,14","17","4,6,17,20","4,6,17","4,6,17"
87,16,0.97345804328322,0.0608411277052012,-1669.98201940564,-1602.54828983088,FALSE,FALSE,FALSE,"6,17,4,1,2,3,5,7,8,9,10,11,12,13,14,15","17","4,6,17,20","4,6,17","4,6,17"
87,17,0.973460876876734,0.0572624045221608,-1668.03540176947,-1596.38706409629,FALSE,FALSE,FALSE,"6,17,4,1,2,3,5,7,8,9,10,11,12,13,14,15,16","17","4,6,17,20","4,6,17","4,6,17"
87,18,0.973463260376928,0.0540812922431627,-1666.08030919203,-1590.21736342043,FALSE,FALSE,FALSE,"6,17,4,1,2,3,5,7,8,9,10,11,12,13,14,15,16,18","17","4,6,17,20","4,6,17","4,6,17"
87,19,0.973464417727981,0.0512349693541043,-1664.10211624723,-1584.02456237721,FALSE,FALSE,FALSE,"6,17,4,1,2,3,5,7,8,9,10,11,12,13,14,15,16,18,19","17","4,6,17,20","4,6,17","4,6,17"
87,20,0.973464691032112,0.0486732345516056,-1662.10726604072,-1577.81510407228,FALSE,FALSE,FALSE,"6,17,4,1,2,3,5,7,8,9,10,11,12,13,14,15,16,18,19,20","17","4,6,17,20","4,6,17","4,6,17"
88,1,0.410883087808003,0.410883087808003,-600.648450464421,-596.433842365999,TRUE,FALSE,FALSE,"2","6","1","1","1,2,6"
88,2,0.656086034176614,0.328043017088307,-867.765015413273,-859.335799216429,FALSE,FALSE,FALSE,"2,1","6","1,2","1,2","1,2,6"
88,3,0.921314235119168,0.307104745039723,-1603.22964838385,-1590.58582408858,FALSE,FALSE,TRUE,"2,1,6","6","1,2,6","1,2,6","1,2,6"
88,4,0.921846205717756,0.230461551429439,-1604.62147530202,-1587.76304290833,FALSE,FALSE,FALSE,"2,1,6,3","6","1,2,6,7","1,2,6","1,2,6"
88,5,0.922430679150828,0.184486135830166,-1606.37477921663,-1585.30173872452,FALSE,FALSE,FALSE,"2,1,6,3,4","6","1,2,6,7,9","1,2,6","1,2,6"
88,6,0.922739284393446,0.153789880732241,-1606.36796902888,-1581.08032043835,FALSE,FALSE,FALSE,"2,1,6,3,4,5","6","1,2,6,7,9,19","1,2,6","1,2,6"
88,7,0.923117529569131,0.13187393279559,-1606.82182991369,-1577.31957322474,FALSE,TRUE,FALSE,"2,1,6,3,4,5,7","6","1,2,6,7,9,19,20","1,2,6","1,2,6"
88,8,0.923212629578299,0.115401578697287,-1605.44068928636,-1571.72382449899,FALSE,FALSE,FALSE,"2,1,6,3,4,5,7,8","6","1,2,6,7,9,19,20","1,2,6","1,2,6"
88,9,0.923303499941958,0.102589277771329,-1604.03274090712,-1566.10126802132,FALSE,FALSE,FALSE,"2,1,6,3,4,5,7,8,9","6","1,2,6,7,9,19,20","1,2,6","1,2,6"
88,10,0.923381500639657,0.0923381500639657,-1602.54150198545,-1560.39542100123,FALSE,FALSE,FALSE,"2,1,6,3,4,5,7,8,9,10","6","1,2,6,7,9,19,20","1,2,6","1,2,6"
88,11,0.923421824986907,0.0839474386351733,-1600.80472146032,-1554.44403237768,FALSE,FALSE,FALSE,"2,1,6,3,4,5,7,8,9,10,11","6","1,2,6,7,9,19,20","1,2,6","1,2,6"
88,12,0.923460356928492,0.076955029744041,-1599.05637043809,-1548.48107325703,FALSE,FALSE,FALSE,"2,1,6,3,4,5,7,8,9,10,11,12","6","1,2,6,7,9,19,20","1,2,6","1,2,6"
88,13,0.92349583886047,0.0710381414508054,-1597.28821211764,-1542.49830683816,FALSE,FALSE,FALSE,"2,1,6,3,4,5,7,8,9,10,11,12,13","6","1,2,6,7,9,19,20","1,2,6","1,2,6"
88,14,0.923530849081345,0.0659664892200961,-1595.51707701581,-1536.5125636379,FALSE,FALSE,FALSE,"2,1,6,3,4,5,7,8,9,10,11,12,13,14","6","1,2,6,7,9,19,20","1,2,6","1,2,6"
88,15,0.923553379778658,0.0615702253185772,-1593.6644175897,-1530.44529611336,FALSE,FALSE,FALSE,"2,1,6,3,4,5,7,8,9,10,11,12,13,14,15","6","1,2,6,7,9,19,20","1,2,6","1,2,6"
88,16,0.923566882433643,0.0577229301521027,-1591.75273966046,-1524.31901008571,FALSE,FALSE,FALSE,"2,1,6,3,4,5,7,8,9,10,11,12,13,14,15,16","6","1,2,6,7,9,19,20","1,2,6","1,2,6"
88,17,0.923567147960933,0.0543274792918196,-1589.75447665458,-1518.10613898141,FALSE,FALSE,FALSE,"2,1,6,3,4,5,7,8,9,10,11,12,13,14,15,16,17","6","1,2,6,7,9,19,20","1,2,6","1,2,6"
88,18,0.923567299573703,0.0513092944207613,-1587.75546845926,-1511.89252268766,FALSE,FALSE,FALSE,"2,1,6,3,4,5,7,8,9,10,11,12,13,14,15,16,17,18","6","1,2,6,7,9,19,20","1,2,6","1,2,6"
88,19,0.923567319049485,0.0486088062657624,-1585.75559586405,-1505.67804199403,FALSE,FALSE,FALSE,"2,1,6,3,4,5,7,8,9,10,11,12,13,14,15,16,17,18,19","6","1,2,6,7,9,19,20","1,2,6","1,2,6"
88,20,0.923567321204983,0.0461783660602491,-1583.75560996468,-1499.46344799624,FALSE,FALSE,FALSE,"2,1,6,3,4,5,7,8,9,10,11,12,13,14,15,16,17,18,19,20","6","1,2,6,7,9,19,20","1,2,6","1,2,6"
89,1,0.369775661399768,0.369775661399768,-326.152824297869,-321.938216199447,TRUE,FALSE,FALSE,"17","1","1","1","1,17,18"
89,2,0.629037105831741,0.314518552915871,-589.139727862468,-580.710511665623,FALSE,FALSE,FALSE,"17,18","1","1,3","1,3","1,17,18"
89,3,0.956635297709068,0.318878432569689,-1660.36784934551,-1647.72402505025,FALSE,FALSE,FALSE,"17,18,1","1","1,3,11","1,3,11","1,17,18"
89,4,0.957186781311673,0.239296695327918,-1664.76729742465,-1647.90886503096,FALSE,FALSE,FALSE,"17,18,1,2","1","1,3,11,17","1,3,11,17","1,17,18"
89,5,0.957757759915221,0.191551551983044,-1669.48041365477,-1648.40737316266,FALSE,FALSE,TRUE,"17,18,1,2,3","1","1,3,11,17,18","1,3,11,17,18","1,17,18"
89,6,0.958128714430944,0.159688119071824,-1671.89060711455,-1646.60295852402,FALSE,TRUE,FALSE,"17,18,1,2,3,4","1","1,3,11,17,18,19","1,3,11,17,18","1,17,18"
89,7,0.958235145865938,0.136890735123705,-1671.16316097491,-1641.66090428596,FALSE,FALSE,FALSE,"17,18,1,2,3,4,5","1","1,3,11,17,18,19","1,3,11,17,18","1,17,18"
89,8,0.958276696414992,0.119784587051874,-1669.66084296503,-1635.94397817765,FALSE,FALSE,FALSE,"17,18,1,2,3,4,5,6","1","1,3,11,17,18,19","1,3,11,17,18","1,17,18"
89,9,0.958310846034112,0.106478982892679,-1668.07024968952,-1630.13877680372,FALSE,FALSE,FALSE,"17,18,1,2,3,4,5,6,7","1","1,3,11,17,18,19","1,3,11,17,18","1,17,18"
89,10,0.958338848390402,0.0958338848390402,-1666.40620955374,-1624.26012856952,FALSE,FALSE,FALSE,"17,18,1,2,3,4,5,6,7,8","1","1,3,11,17,18,19","1,3,11,17,18","1,17,18"
89,11,0.958363159742416,0.0871239236129469,-1664.69806956332,-1618.33738048068,FALSE,FALSE,FALSE,"17,18,1,2,3,4,5,6,7,8,9","1","1,3,11,17,18,19","1,3,11,17,18","1,17,18"
89,12,0.958383183660935,0.0798652653050779,-1662.93858655349,-1612.36328937242,FALSE,FALSE,FALSE,"17,18,1,2,3,4,5,6,7,8,9,10","1","1,3,11,17,18,19","1,3,11,17,18","1,17,18"
89,13,0.958409798201214,0.0737238306308626,-1661.25844588486,-1606.46854060537,FALSE,FALSE,FALSE,"17,18,1,2,3,4,5,6,7,8,9,10,11","1","1,3,11,17,18,19","1,3,11,17,18","1,17,18"
89,14,0.95843382103596,0.0684595586454257,-1659.54733334236,-1600.54281996445,FALSE,FALSE,FALSE,"17,18,1,2,3,4,5,6,7,8,9,10,11,12","1","1,3,11,17,18,19","1,3,11,17,18","1,17,18"
89,15,0.95845353932284,0.0638969026215226,-1657.78458109836,-1594.56545962203,FALSE,FALSE,FALSE,"17,18,1,2,3,4,5,6,7,8,9,10,11,12,13","1","1,3,11,17,18,19","1,3,11,17,18","1,17,18"
89,16,0.958457769473908,0.0599036105921193,-1655.83549237173,-1588.40176279698,FALSE,FALSE,FALSE,"17,18,1,2,3,4,5,6,7,8,9,10,11,12,13,14","1","1,3,11,17,18,19","1,3,11,17,18","1,17,18"
89,17,0.958458967402331,0.0563799392589606,-1653.84991078018,-1582.20157310701,FALSE,FALSE,FALSE,"17,18,1,2,3,4,5,6,7,8,9,10,11,12,13,14,15","1","1,3,11,17,18,19","1,3,11,17,18","1,17,18"
89,18,0.958459389334062,0.0532477438518923,-1651.8549892995,-1575.9920435279,FALSE,FALSE,FALSE,"17,18,1,2,3,4,5,6,7,8,9,10,11,12,13,14,15,16","1","1,3,11,17,18,19","1,3,11,17,18","1,17,18"
89,19,0.95845940703083,0.050445231948991,-1649.85520230518,-1569.77764843516,FALSE,FALSE,FALSE,"17,18,1,2,3,4,5,6,7,8,9,10,11,12,13,14,15,16,19","1","1,3,11,17,18,19","1,3,11,17,18","1,17,18"
89,20,0.958459420658691,0.0479229710329346,-1647.85536633586,-1563.56320436742,FALSE,FALSE,FALSE,"17,18,1,2,3,4,5,6,7,8,9,10,11,12,13,14,15,16,19,20","1","1,3,11,17,18,19","1,3,11,17,18","1,17,18"
90,1,0.669596796004523,0.669596796004523,-217.09907278356,-212.884464685138,TRUE,FALSE,FALSE,"17","17","2","2","13,15,17"
90,2,0.915666408874821,0.45783320443741,-897.865813807375,-889.43659761053,FALSE,FALSE,FALSE,"17,13","17","2,7","2,13","13,15,17"
90,3,0.982227530499486,0.327409176833162,-1674.43064088765,-1661.78681659238,FALSE,FALSE,FALSE,"17,13,15","17","2,7,13","2,13,15","13,15,17"
90,4,0.982489091449525,0.245622272862381,-1679.84392600909,-1662.9854936154,FALSE,FALSE,TRUE,"17,13,15,1","17","2,7,13,15","2,13,15,17","13,15,17"
90,5,0.98262122858851,0.196524245717702,-1681.63122846943,-1660.55818797732,FALSE,FALSE,FALSE,"17,13,15,1,2","17","2,7,13,15,16","2,13,15,17","13,15,17"
90,6,0.982716534460616,0.163786089076769,-1682.38079458703,-1657.0931459965,FALSE,TRUE,FALSE,"17,13,15,1,2,3","17","2,7,13,15,16,17","2,13,15,17","13,15,17"
90,7,0.982747396556036,0.140392485222291,-1681.27441405628,-1651.77215736732,FALSE,FALSE,FALSE,"17,13,15,1,2,3,4","17","2,7,13,15,16,17","2,13,15,17","13,15,17"
90,8,0.982774816926175,0.122846852115772,-1680.06971963387,-1646.3528548465,FALSE,FALSE,FALSE,"17,13,15,1,2,3,4,5","17","2,7,13,15,16,17","2,13,15,17","13,15,17"
90,9,0.98280779881854,0.109200866535393,-1679.02801158938,-1641.09653870358,FALSE,FALSE,FALSE,"17,13,15,1,2,3,4,5,6","17","2,7,13,15,16,17","2,13,15,17","13,15,17"
90,10,0.982833827433804,0.0982833827433804,-1677.78557422705,-1635.63949324283,FALSE,FALSE,FALSE,"17,13,15,1,2,3,4,5,6,7","17","2,7,13,15,16,17","2,13,15,17","13,15,17"
90,11,0.982853560106776,0.0893503236460706,-1676.36065941392,-1629.99997033128,FALSE,FALSE,FALSE,"17,13,15,1,2,3,4,5,6,7,8","17","2,7,13,15,16,17","2,13,15,17","13,15,17"
90,12,0.982860449600511,0.0819050374667092,-1674.56160136626,-1623.98630418519,FALSE,FALSE,FALSE,"17,13,15,1,2,3,4,5,6,7,8,9","17","2,7,13,15,16,17","2,13,15,17","13,15,17"
90,13,0.982869368900183,0.0756053360692449,-1672.82186552255,-1618.03196024306,FALSE,FALSE,FALSE,"17,13,15,1,2,3,4,5,6,7,8,9,10","17","2,7,13,15,16,17","2,13,15,17","13,15,17"
90,14,0.982873403922332,0.0702052431373094,-1670.93965153442,-1611.93513815651,FALSE,FALSE,FALSE,"17,13,15,1,2,3,4,5,6,7,8,9,10,11","17","2,7,13,15,16,17","2,13,15,17","13,15,17"
90,15,0.982875563094212,0.0655250375396142,-1669.00269114799,-1605.78356967165,FALSE,FALSE,FALSE,"17,13,15,1,2,3,4,5,6,7,8,9,10,11,12","17","2,7,13,15,16,17","2,13,15,17","13,15,17"
90,16,0.982876915072601,0.0614298071920375,-1667.04216782591,-1599.60843825116,FALSE,FALSE,FALSE,"17,13,15,1,2,3,4,5,6,7,8,9,10,11,12,14","17","2,7,13,15,16,17","2,13,15,17","13,15,17"
90,17,0.982877558153772,0.0578163269502219,-1665.06094637108,-1593.4126086979,FALSE,FALSE,FALSE,"17,13,15,1,2,3,4,5,6,7,8,9,10,11,12,14,16","17","2,7,13,15,16,17","2,13,15,17","13,15,17"
90,18,0.982879269363779,0.0546044038535433,-1663.11091866875,-1587.24797289715,FALSE,FALSE,FALSE,"17,13,15,1,2,3,4,5,6,7,8,9,10,11,12,14,16,18","17","2,7,13,15,16,17","2,13,15,17","13,15,17"
90,19,0.982879415816221,0.0517304955692748,-1661.11519573705,-1581.03764186703,FALSE,FALSE,FALSE,"17,13,15,1,2,3,4,5,6,7,8,9,10,11,12,14,16,18,19","17","2,7,13,15,16,17","2,13,15,17","13,15,17"
90,20,0.982879421991607,0.0491439710995804,-1659.11537608683,-1574.82321411839,FALSE,FALSE,FALSE,"17,13,15,1,2,3,4,5,6,7,8,9,10,11,12,14,16,18,19,20","17","2,7,13,15,16,17","2,13,15,17","13,15,17"
91,1,0.480533007968125,0.480533007968125,558.091335870983,562.305943969406,FALSE,FALSE,FALSE,"5","5","1","5","5,16,19"
91,2,0.845607985423072,0.422803992711536,-46.5628408154361,-38.1336246185917,FALSE,FALSE,FALSE,"5,19","5,16","1,2","5,16","5,16,19"
91,3,0.99323147815422,0.33107715938474,-1608.16893730917,-1595.5251130139,TRUE,FALSE,TRUE,"5,19,16","5,16,19","1,2,5","5,16,19","5,16,19"
91,4,0.993283391762282,0.24832084794057,-1610.01864911752,-1593.16021672383,FALSE,FALSE,FALSE,"5,19,16,1","5,16,19","1,2,5,12","5,16,19","5,16,19"
91,5,0.993314793656275,0.198662958731255,-1610.36176103493,-1589.28872054282,FALSE,FALSE,FALSE,"5,19,16,1,2","5,16,19","1,2,5,12,14","5,16,19","5,16,19"
91,6,0.993343500367939,0.165557250061323,-1610.51341660404,-1585.2257680135,FALSE,FALSE,FALSE,"5,19,16,1,2,3","5,16,19","1,2,5,12,14,16","5,16,19","5,16,19"
91,7,0.993377294708905,0.141911042101272,-1611.05832905314,-1581.55607236419,FALSE,TRUE,FALSE,"5,19,16,1,2,3,4","5,16,19","1,2,5,12,14,16,19","5,16,19","5,16,19"
91,8,0.993391810172279,0.124173976271535,-1610.15541803069,-1576.43855324331,FALSE,FALSE,FALSE,"5,19,16,1,2,3,4,6","5,16,19","1,2,5,12,14,16,19","5,16,19","5,16,19"
91,9,0.993407568758584,0.110378618750954,-1609.34919472561,-1571.41772183981,FALSE,FALSE,FALSE,"5,19,16,1,2,3,4,6,7","5,16,19","1,2,5,12,14,16,19","5,16,19","5,16,19"
91,10,0.993419929784944,0.0993419929784944,-1608.28759128064,-1566.14151029642,FALSE,FALSE,FALSE,"5,19,16,1,2,3,4,6,7,8","5,16,19","1,2,5,12,14,16,19","5,16,19","5,16,19"
91,11,0.993427647577781,0.0903116043252529,-1606.87438764022,-1560.51369855758,FALSE,FALSE,FALSE,"5,19,16,1,2,3,4,6,7,8,9","5,16,19","1,2,5,12,14,16,19","5,16,19","5,16,19"
91,12,0.993431551856971,0.0827859626547476,-1605.17149886147,-1554.59620168041,FALSE,FALSE,FALSE,"5,19,16,1,2,3,4,6,7,8,9,10","5,16,19","1,2,5,12,14,16,19","5,16,19","5,16,19"
91,13,0.993435283961322,0.0764180987662555,-1603.45567291121,-1548.66576763172,FALSE,FALSE,FALSE,"5,19,16,1,2,3,4,6,7,8,9,10,11","5,16,19","1,2,5,12,14,16,19","5,16,19","5,16,19"
91,14,0.993437600035898,0.0709598285739927,-1601.63210729327,-1542.62759391536,FALSE,FALSE,FALSE,"5,19,16,1,2,3,4,6,7,8,9,10,11,12","5,16,19","1,2,5,12,14,16,19","5,16,19","5,16,19"
91,15,0.993439819651206,0.0662293213100804,-1599.80125202523,-1536.5821305489,FALSE,FALSE,FALSE,"5,19,16,1,2,3,4,6,7,8,9,10,11,12,13","5,16,19","1,2,5,12,14,16,19","5,16,19","5,16,19"
91,16,0.993440424627522,0.0620900265392201,-1597.8473638835,-1530.41363430874,FALSE,FALSE,FALSE,"5,19,16,1,2,3,4,6,7,8,9,10,11,12,13,14","5,16,19","1,2,5,12,14,16,19","5,16,19","5,16,19"
91,17,0.993440878475405,0.0584376987338474,-1595.88195938384,-1524.23362171066,FALSE,FALSE,FALSE,"5,19,16,1,2,3,4,6,7,8,9,10,11,12,13,14,15","5,16,19","1,2,5,12,14,16,19","5,16,19","5,16,19"
91,18,0.993441258014687,0.055191181000816,-1593.91089239432,-1518.04794662272,FALSE,FALSE,FALSE,"5,19,16,1,2,3,4,6,7,8,9,10,11,12,13,14,15,17","5,16,19","1,2,5,12,14,16,19","5,16,19","5,16,19"
91,19,0.993441323593771,0.0522863854523038,-1591.91589178385,-1511.83833791383,FALSE,FALSE,FALSE,"5,19,16,1,2,3,4,6,7,8,9,10,11,12,13,14,15,17,18","5,16,19","1,2,5,12,14,16,19","5,16,19","5,16,19"
91,20,0.993441370103255,0.0496720685051627,-1589.91943744195,-1505.62727547351,FALSE,FALSE,FALSE,"5,19,16,1,2,3,4,6,7,8,9,10,11,12,13,14,15,17,18,20","5,16,19","1,2,5,12,14,16,19","5,16,19","5,16,19"
92,1,0.581016859465981,0.581016859465981,-26.7115277373824,-22.4969196389602,TRUE,FALSE,FALSE,"20","20","2","4","4,15,20"
92,2,0.864574377653912,0.432287188826956,-589.415580080643,-580.986363883798,FALSE,FALSE,FALSE,"20,4","20","2,4","4,15","4,15,20"
92,3,0.983276014646376,0.327758671548792,-1633.20489973718,-1620.56107544192,FALSE,FALSE,TRUE,"20,4,15","20","2,4,6","4,15,20","4,15,20"
92,4,0.983408275888883,0.245852068972221,-1635.17485683754,-1618.31642444385,FALSE,FALSE,FALSE,"20,4,15,1","20","2,4,6,15","4,15,20","4,15,20"
92,5,0.983520501508173,0.196704100301635,-1636.56832225063,-1615.49528175852,FALSE,TRUE,FALSE,"20,4,15,1,2","20","2,4,6,15,20","4,15,20","4,15,20"
92,6,0.983575009941593,0.163929168323599,-1636.22488904995,-1610.93724045942,FALSE,FALSE,FALSE,"20,4,15,1,2,3","20","2,4,6,15,20","4,15,20","4,15,20"
92,7,0.983620413313967,0.140517201901995,-1635.60894596735,-1606.1066892784,FALSE,FALSE,FALSE,"20,4,15,1,2,3,5","20","2,4,6,15,20","4,15,20","4,15,20"
92,8,0.983664386209915,0.122958048276239,-1634.95305885035,-1601.23619406298,FALSE,FALSE,FALSE,"20,4,15,1,2,3,5,6","20","2,4,6,15,20","4,15,20","4,15,20"
92,9,0.983703522272721,0.109300391363636,-1634.15237154376,-1596.22089865796,FALSE,FALSE,FALSE,"20,4,15,1,2,3,5,6,7","20","2,4,6,15,20","4,15,20","4,15,20"
92,10,0.983711755702668,0.0983711755702668,-1632.40504916721,-1590.25896818299,FALSE,FALSE,FALSE,"20,4,15,1,2,3,5,6,7,8","20","2,4,6,15,20","4,15,20","4,15,20"
92,11,0.983718303201496,0.0894289366546815,-1630.60607805141,-1584.24538896877,FALSE,FALSE,FALSE,"20,4,15,1,2,3,5,6,7,8,9","20","2,4,6,15,20","4,15,20","4,15,20"
92,12,0.983720353150175,0.0819766960958479,-1628.66903456522,-1578.09373738415,FALSE,FALSE,FALSE,"20,4,15,1,2,3,5,6,7,8,9,10","20","2,4,6,15,20","4,15,20","4,15,20"
92,13,0.983722157530215,0.0756709351946319,-1626.72445591619,-1571.9345506367,FALSE,FALSE,FALSE,"20,4,15,1,2,3,5,6,7,8,9,10,11","20","2,4,6,15,20","4,15,20","4,15,20"
92,14,0.98372253623239,0.0702658954451707,-1624.73608849527,-1565.73157511736,FALSE,FALSE,FALSE,"20,4,15,1,2,3,5,6,7,8,9,10,11,12","20","2,4,6,15,20","4,15,20","4,15,20"
92,15,0.983722901000414,0.0655815267333609,-1622.74729331553,-1559.5281718392,FALSE,FALSE,FALSE,"20,4,15,1,2,3,5,6,7,8,9,10,11,12,13","20","2,4,6,15,20","4,15,20","4,15,20"
92,16,0.983723184710473,0.0614826990444046,-1620.75600839835,-1553.32227882359,FALSE,FALSE,FALSE,"20,4,15,1,2,3,5,6,7,8,9,10,11,12,13,14","20","2,4,6,15,20","4,15,20","4,15,20"
92,17,0.983723335764252,0.0578660785743677,-1618.76064857141,-1547.11231089823,FALSE,FALSE,FALSE,"20,4,15,1,2,3,5,6,7,8,9,10,11,12,13,14,16","20","2,4,6,15,20","4,15,20","4,15,20"
92,18,0.983723428587645,0.0546513015882025,-1616.76350000513,-1540.90055423353,FALSE,FALSE,FALSE,"20,4,15,1,2,3,5,6,7,8,9,10,11,12,13,14,16,17","20","2,4,6,15,20","4,15,20","4,15,20"
92,19,0.983723503475341,0.0517749212355443,-1614.76580048556,-1534.68824661554,FALSE,FALSE,FALSE,"20,4,15,1,2,3,5,6,7,8,9,10,11,12,13,14,16,17,18","20","2,4,6,15,20","4,15,20","4,15,20"
92,20,0.983723517433835,0.0491861758716917,-1612.76622927868,-1528.47406731024,FALSE,FALSE,FALSE,"20,4,15,1,2,3,5,6,7,8,9,10,11,12,13,14,16,17,18,19","20","2,4,6,15,20","4,15,20","4,15,20"
93,1,0.884826832116828,0.884826832116828,-378.240337173267,-374.025729074845,TRUE,FALSE,FALSE,"12","12","9","9","9,12,14"
93,2,0.941797102981274,0.470898551490637,-717.491173672689,-709.061957475845,FALSE,FALSE,FALSE,"12,14","12","9,12","9,12","9,12,14"
93,3,0.990966067459331,0.330322022486444,-1646.9648539325,-1634.32102963723,FALSE,TRUE,TRUE,"12,14,9","12","9,12,14","9,12,14","9,12,14"
93,4,0.990992175491973,0.247748043872993,-1646.41194419071,-1629.55351179702,FALSE,FALSE,FALSE,"12,14,9,1","12","9,12,14","9,12,14","9,12,14"
93,5,0.991016565778224,0.198203313155645,-1645.76761927488,-1624.69457878277,FALSE,FALSE,FALSE,"12,14,9,1,2","12","9,12,14","9,12,14","9,12,14"
93,6,0.99104256795282,0.16517376132547,-1645.21694688327,-1619.92929829273,FALSE,FALSE,FALSE,"12,14,9,1,2,3","12","9,12,14","9,12,14","9,12,14"
93,7,0.991059258356762,0.141579894050966,-1644.14946709841,-1614.64721040946,FALSE,FALSE,FALSE,"12,14,9,1,2,3,4","12","9,12,14","9,12,14","9,12,14"
93,8,0.991069742369217,0.123883717796152,-1642.73611664703,-1609.01925185966,FALSE,FALSE,FALSE,"12,14,9,1,2,3,4,5","12","9,12,14","9,12,14","9,12,14"
93,9,0.991077432851288,0.110119714761254,-1641.16688783544,-1603.23541494964,FALSE,FALSE,FALSE,"12,14,9,1,2,3,4,5,6","12","9,12,14","9,12,14","9,12,14"
93,10,0.991082127719118,0.0991082127719118,-1639.43004659654,-1597.28396561232,FALSE,FALSE,FALSE,"12,14,9,1,2,3,4,5,6,7","12","9,12,14","9,12,14","9,12,14"
93,11,0.991088983187694,0.0900989984716086,-1637.81456123897,-1591.45387215633,FALSE,FALSE,FALSE,"12,14,9,1,2,3,4,5,6,7,8","12","9,12,14","9,12,14","9,12,14"
93,12,0.991094207730405,0.0825911839775338,-1636.10779797045,-1585.53250078939,FALSE,FALSE,FALSE,"12,14,9,1,2,3,4,5,6,7,8,10","12","9,12,14","9,12,14","9,12,14"
93,13,0.991095174418191,0.0762380903398609,-1634.16207389705,-1579.37216861756,FALSE,FALSE,FALSE,"12,14,9,1,2,3,4,5,6,7,8,10,11","12","9,12,14","9,12,14","9,12,14"
93,14,0.99109609990163,0.0707925785644021,-1632.21404187363,-1573.20952849572,FALSE,FALSE,FALSE,"12,14,9,1,2,3,4,5,6,7,8,10,11,13","12","9,12,14","9,12,14","9,12,14"
93,15,0.99109653919698,0.066073102613132,-1630.23871118612,-1567.01958970979,FALSE,FALSE,FALSE,"12,14,9,1,2,3,4,5,6,7,8,10,11,13,15","12","9,12,14","9,12,14","9,12,14"
93,16,0.991096616962,0.061943538560125,-1628.24307832832,-1560.80934875357,FALSE,FALSE,FALSE,"12,14,9,1,2,3,4,5,6,7,8,10,11,13,15,16","12","9,12,14","9,12,14","9,12,14"
93,17,0.991096769684597,0.0582998099814469,-1626.25165506298,-1554.6033173898,FALSE,FALSE,FALSE,"12,14,9,1,2,3,4,5,6,7,8,10,11,13,15,16,17","12","9,12,14","9,12,14","9,12,14"
93,18,0.991096793723589,0.0550609329846438,-1624.25300507996,-1548.39005930836,FALSE,FALSE,FALSE,"12,14,9,1,2,3,4,5,6,7,8,10,11,13,15,16,17,18","12","9,12,14","9,12,14","9,12,14"
93,19,0.991096803074605,0.0521629896355055,-1622.253530229,-1542.17597635897,FALSE,FALSE,FALSE,"12,14,9,1,2,3,4,5,6,7,8,10,11,13,15,16,17,18,19","12","9,12,14","9,12,14","9,12,14"
93,20,0.991096810088303,0.0495548405044151,-1620.25392411565,-1535.96176214721,FALSE,FALSE,FALSE,"12,14,9,1,2,3,4,5,6,7,8,10,11,13,15,16,17,18,19,20","12","9,12,14","9,12,14","9,12,14"
94,1,0.802835550968103,0.802835550968103,-375.423456359837,-371.208848261414,TRUE,FALSE,FALSE,"9","9","7","9","9,11,15"
94,2,0.902830146253909,0.451415073126954,-727.21227158865,-718.783055391806,FALSE,FALSE,FALSE,"9,15","9","7,9","9,11","9,11,15"
94,3,0.98404241253285,0.32801413751095,-1628.47532025182,-1615.83149595655,FALSE,FALSE,TRUE,"9,15,11","9","7,9,11","9,11,15","9,11,15"
94,4,0.984178572702765,0.246044643175691,-1630.75994027956,-1613.90150788588,FALSE,FALSE,FALSE,"9,15,11,1","9","7,9,11,15","9,11,15","9,11,15"
94,5,0.984287058342503,0.196857411668501,-1632.20018885028,-1611.12714835817,FALSE,FALSE,FALSE,"9,15,11,1,2","9","7,9,11,15,17","9,11,15","9,11,15"
94,6,0.98441475596814,0.16406912599469,-1634.28024433629,-1608.99259574576,FALSE,TRUE,FALSE,"9,15,11,1,2,3","9","7,9,11,15,17,18","9,11,15","9,11,15"
94,7,0.984468301824096,0.140638328832014,-1634.00104030817,-1604.49878361921,FALSE,FALSE,FALSE,"9,15,11,1,2,3,4","9","7,9,11,15,17,18","9,11,15","9,11,15"
94,8,0.98450920587336,0.12306365073417,-1633.31956986308,-1599.6027050757,FALSE,FALSE,FALSE,"9,15,11,1,2,3,4,5","9","7,9,11,15,17,18","9,11,15","9,11,15"
94,9,0.984539528659856,0.109393280962206,-1632.29926473951,-1594.36779185371,FALSE,FALSE,FALSE,"9,15,11,1,2,3,4,5,6","9","7,9,11,15,17,18","9,11,15","9,11,15"
94,10,0.984561177416616,0.0984561177416616,-1630.99988787854,-1588.85380689432,FALSE,FALSE,FALSE,"9,15,11,1,2,3,4,5,6,7","9","7,9,11,15,17,18","9,11,15","9,11,15"
94,11,0.984585719434304,0.0895077926758458,-1629.79533534928,-1583.43464626664,FALSE,FALSE,FALSE,"9,15,11,1,2,3,4,5,6,7,8","9","7,9,11,15,17,18","9,11,15","9,11,15"
94,12,0.98460161388422,0.0820501344903516,-1628.31117682091,-1577.73587963984,FALSE,FALSE,FALSE,"9,15,11,1,2,3,4,5,6,7,8,10","9","7,9,11,15,17,18","9,11,15","9,11,15"
94,13,0.984613497271115,0.0757394997900857,-1626.69719047667,-1571.90728519718,FALSE,FALSE,FALSE,"9,15,11,1,2,3,4,5,6,7,8,10,12","9","7,9,11,15,17,18","9,11,15","9,11,15"
94,14,0.984621665193786,0.0703301189424133,-1624.96268587718,-1565.95817249927,FALSE,FALSE,FALSE,"9,15,11,1,2,3,4,5,6,7,8,10,12,13","9","7,9,11,15,17,18","9,11,15","9,11,15"
94,15,0.984628034446144,0.0656418689630763,-1623.16981401494,-1559.95069253861,FALSE,FALSE,FALSE,"9,15,11,1,2,3,4,5,6,7,8,10,12,13,14","9","7,9,11,15,17,18","9,11,15","9,11,15"
94,16,0.984632621112449,0.0615395388195281,-1621.31902560103,-1553.88529602627,FALSE,FALSE,FALSE,"9,15,11,1,2,3,4,5,6,7,8,10,12,13,14,16","9","7,9,11,15,17,18","9,11,15","9,11,15"
94,17,0.984636956983461,0.0579198209990271,-1619.46011936974,-1547.81178169656,FALSE,FALSE,FALSE,"9,15,11,1,2,3,4,5,6,7,8,10,12,13,14,16,17","9","7,9,11,15,17,18","9,11,15","9,11,15"
94,18,0.984638677096591,0.0547021487275884,-1617.51610467914,-1541.65315890754,FALSE,FALSE,FALSE,"9,15,11,1,2,3,4,5,6,7,8,10,12,13,14,16,17,18","9","7,9,11,15,17,18","9,11,15","9,11,15"
94,19,0.984640336091881,0.0518231755837832,-1615.57010669743,-1535.49255282741,FALSE,FALSE,FALSE,"9,15,11,1,2,3,4,5,6,7,8,10,12,13,14,16,17,18,19","9","7,9,11,15,17,18","9,11,15","9,11,15"
94,20,0.984640444342897,0.0492320222171449,-1613.57363058303,-1529.28146861459,FALSE,FALSE,FALSE,"9,15,11,1,2,3,4,5,6,7,8,10,12,13,14,16,17,18,19,20","9","7,9,11,15,17,18","9,11,15","9,11,15"
95,1,0.837090194486642,0.837090194486642,-474.417058325,-470.202450226577,TRUE,FALSE,FALSE,"6","5","5","5","5,6,7"
95,2,0.887822022322213,0.443911011161107,-658.972063728262,-650.542847531418,FALSE,FALSE,FALSE,"6,5","5","5,6","5,6","5,6,7"
95,3,0.982510393237442,0.327503464412481,-1586.2120093398,-1573.56818504453,FALSE,FALSE,TRUE,"6,5,7","5","5,6,7","5,6,7","5,6,7"
95,4,0.982672427524277,0.245668106881069,-1588.86590319901,-1572.00747080532,FALSE,TRUE,FALSE,"6,5,7,1","5","5,6,7,20","5,6,7","5,6,7"
95,5,0.982712750223713,0.196542550044743,-1588.03080063462,-1566.95776014251,FALSE,FALSE,FALSE,"6,5,7,1,2","5","5,6,7,20","5,6,7","5,6,7"
95,6,0.982788943052047,0.163798157175341,-1588.23940040242,-1562.95175181188,FALSE,FALSE,FALSE,"6,5,7,1,2,3","5","5,6,7,20","5,6,7","5,6,7"
95,7,0.982838446274701,0.140405492324957,-1587.67959525262,-1558.17733856367,FALSE,FALSE,FALSE,"6,5,7,1,2,3,4","5","5,6,7,20","5,6,7","5,6,7"
95,8,0.982883116225139,0.122860389528142,-1586.98274612477,-1553.26588133739,FALSE,FALSE,FALSE,"6,5,7,1,2,3,4,8","5","5,6,7,20","5,6,7","5,6,7"
95,9,0.98291918592665,0.109213242880739,-1586.03748714995,-1548.10601426415,FALSE,FALSE,FALSE,"6,5,7,1,2,3,4,8,9","5","5,6,7,20","5,6,7","5,6,7"
95,10,0.982939374737123,0.0982939374737123,-1584.62881584665,-1542.48273486243,FALSE,FALSE,FALSE,"6,5,7,1,2,3,4,8,9,10","5","5,6,7,20","5,6,7","5,6,7"
95,11,0.982951922142097,0.0893592656492815,-1582.99668106554,-1536.63599198289,FALSE,FALSE,FALSE,"6,5,7,1,2,3,4,8,9,10,11","5","5,6,7,20","5,6,7","5,6,7"
95,12,0.982967611558545,0.0819139676298787,-1581.45704500007,-1530.881747819,FALSE,FALSE,FALSE,"6,5,7,1,2,3,4,8,9,10,11,12","5","5,6,7,20","5,6,7","5,6,7"
95,13,0.982981347037289,0.0756139497720992,-1579.86042413102,-1525.07051885153,FALSE,FALSE,FALSE,"6,5,7,1,2,3,4,8,9,10,11,12,13","5","5,6,7,20","5,6,7","5,6,7"
95,14,0.982993897895595,0.0702138498496853,-1578.2292984653,-1519.22478508739,FALSE,FALSE,FALSE,"6,5,7,1,2,3,4,8,9,10,11,12,13,14","5","5,6,7,20","5,6,7","5,6,7"
95,15,0.98300156130568,0.0655334374203787,-1576.45466278533,-1513.235541309,FALSE,FALSE,FALSE,"6,5,7,1,2,3,4,8,9,10,11,12,13,14,15","5","5,6,7,20","5,6,7","5,6,7"
95,16,0.983006709855969,0.061437919365998,-1574.60612758292,-1507.17239800817,FALSE,FALSE,FALSE,"6,5,7,1,2,3,4,8,9,10,11,12,13,14,15,16","5","5,6,7,20","5,6,7","5,6,7"
95,17,0.98301104747575,0.0578241792632794,-1572.73377130106,-1501.08543362788,FALSE,FALSE,FALSE,"6,5,7,1,2,3,4,8,9,10,11,12,13,14,15,16,17","5","5,6,7,20","5,6,7","5,6,7"
95,18,0.983011628089987,0.0546117571161104,-1570.75085958706,-1494.88791381546,FALSE,FALSE,FALSE,"6,5,7,1,2,3,4,8,9,10,11,12,13,14,15,16,17,18","5","5,6,7,20","5,6,7","5,6,7"
95,19,0.983011841580472,0.0517374653463406,-1568.75714305633,-1488.67958918631,FALSE,FALSE,FALSE,"6,5,7,1,2,3,4,8,9,10,11,12,13,14,15,16,17,18,19","5","5,6,7,20","5,6,7","5,6,7"
95,20,0.983011964483012,0.0491505982241506,-1566.76076036969,-1482.46859840124,FALSE,FALSE,FALSE,"6,5,7,1,2,3,4,8,9,10,11,12,13,14,15,16,17,18,19,20","5","5,6,7,20","5,6,7","5,6,7"
96,1,0.632998348649248,0.632998348649248,80.1814832718566,84.3960913702788,TRUE,FALSE,FALSE,"10","12","7","7","7,10,12"
96,2,0.795417241248184,0.397708620624092,-210.015399601241,-201.586183404396,FALSE,FALSE,FALSE,"10,7","12","7,10","7,10","7,10,12"
96,3,0.988877627602008,0.329625875867336,-1664.02238494165,-1651.37856064638,FALSE,FALSE,TRUE,"10,7,12","12","7,10,12","7,10,12","7,10,12"
96,4,0.988995373612063,0.247248843403016,-1667.34380799673,-1650.48537560304,FALSE,TRUE,FALSE,"10,7,12,1","12","7,10,12,13","7,10,12","7,10,12"
96,5,0.989014542879457,0.197802908575891,-1666.21553148255,-1645.14249099044,FALSE,FALSE,FALSE,"10,7,12,1,2","12","7,10,12,13","7,10,12","7,10,12"
96,6,0.989057506304814,0.164842917717469,-1666.17483359403,-1640.8871850035,FALSE,FALSE,FALSE,"10,7,12,1,2,3","12","7,10,12,13","7,10,12","7,10,12"
96,7,0.989076204165802,0.141296600595115,-1665.02993365663,-1635.52767696767,FALSE,FALSE,FALSE,"10,7,12,1,2,3,4","12","7,10,12,13","7,10,12","7,10,12"
96,8,0.989113312911543,0.123639164113943,-1664.7313531841,-1631.01448839673,FALSE,FALSE,FALSE,"10,7,12,1,2,3,4,5","12","7,10,12,13","7,10,12","7,10,12"
96,9,0.989134887783501,0.109903876420389,-1663.72321959162,-1625.79174670582,FALSE,FALSE,FALSE,"10,7,12,1,2,3,4,5,6","12","7,10,12,13","7,10,12","7,10,12"
96,10,0.98915072891224,0.098915072891224,-1662.45274210796,-1620.30666112374,FALSE,FALSE,FALSE,"10,7,12,1,2,3,4,5,6,8","12","7,10,12,13","7,10,12","7,10,12"
96,11,0.989158767214982,0.0899235242922711,-1660.82333299683,-1614.46264391419,FALSE,FALSE,FALSE,"10,7,12,1,2,3,4,5,6,8,9","12","7,10,12,13","7,10,12","7,10,12"
96,12,0.989167807986856,0.0824306506655713,-1659.24046930466,-1608.66517212359,FALSE,FALSE,FALSE,"10,7,12,1,2,3,4,5,6,8,9,11","12","7,10,12,13","7,10,12","7,10,12"
96,13,0.989176027283532,0.0760904636371948,-1657.62000544012,-1602.83010016064,FALSE,FALSE,FALSE,"10,7,12,1,2,3,4,5,6,8,9,11,13","12","7,10,12,13","7,10,12","7,10,12"
96,14,0.989184546118477,0.0706560390084627,-1656.01367739566,-1597.00916401775,FALSE,FALSE,FALSE,"10,7,12,1,2,3,4,5,6,8,9,11,13,14","12","7,10,12,13","7,10,12","7,10,12"
96,15,0.98918667849435,0.06594577856629,-1654.11226716052,-1590.89314568419,FALSE,FALSE,FALSE,"10,7,12,1,2,3,4,5,6,8,9,11,13,14,15","12","7,10,12,13","7,10,12","7,10,12"
96,16,0.989192846130257,0.0618245528831411,-1652.39753545214,-1584.96380587739,FALSE,FALSE,FALSE,"10,7,12,1,2,3,4,5,6,8,9,11,13,14,15,16","12","7,10,12,13","7,10,12","7,10,12"
96,17,0.989193673520982,0.0581878631482931,-1650.43581668738,-1578.7874790142,FALSE,FALSE,FALSE,"10,7,12,1,2,3,4,5,6,8,9,11,13,14,15,16,17","12","7,10,12,13","7,10,12","7,10,12"
96,18,0.989194044736951,0.0549552247076084,-1648.4529928455,-1572.5900470739,FALSE,FALSE,FALSE,"10,7,12,1,2,3,4,5,6,8,9,11,13,14,15,16,17,18","12","7,10,12,13","7,10,12","7,10,12"
96,19,0.989194343523138,0.0520628601854283,-1646.46681810719,-1566.38926423716,FALSE,FALSE,FALSE,"10,7,12,1,2,3,4,5,6,8,9,11,13,14,15,16,17,18,19","12","7,10,12,13","7,10,12","7,10,12"
96,20,0.989194403919528,0.0494597201959764,-1644.46961278047,-1560.17745081202,FALSE,FALSE,FALSE,"10,7,12,1,2,3,4,5,6,8,9,11,13,14,15,16,17,18,19,20","12","7,10,12,13","7,10,12","7,10,12"
97,1,0.562936508771838,0.562936508771838,90.7394474536312,94.9540555520534,FALSE,FALSE,FALSE,"14","6","2","6","6,14,20"
97,2,0.908124938960135,0.454062469480068,-687.084978287146,-678.655762090302,TRUE,FALSE,FALSE,"14,6","6,14","2,4","6,14","6,14,20"
97,3,0.986174816546421,0.328724938848807,-1632.05388073395,-1619.41005643868,FALSE,FALSE,TRUE,"14,6,20","6,14","2,4,6","6,14,20","6,14,20"
97,4,0.98634538647284,0.24658634661821,-1636.26106331135,-1619.40263091766,FALSE,FALSE,FALSE,"14,6,20,1","6,14","2,4,6,14","6,14,20","6,14,20"
97,5,0.986403174547663,0.197280634909533,-1636.38161780706,-1615.30857731495,FALSE,TRUE,FALSE,"14,6,20,1,2","6,14","2,4,6,14,20","6,14,20","6,14,20"
97,6,0.986426759367223,0.164404459894537,-1635.24966227225,-1609.96201368172,FALSE,FALSE,FALSE,"14,6,20,1,2,3","6,14","2,4,6,14,20","6,14,20","6,14,20"
97,7,0.986441061531378,0.14092015164734,-1633.77679153179,-1604.27453484284,FALSE,FALSE,FALSE,"14,6,20,1,2,3,4","6,14","2,4,6,14,20","6,14,20","6,14,20"
97,8,0.986453628398424,0.123306703549803,-1632.2404227507,-1598.52355796332,FALSE,FALSE,FALSE,"14,6,20,1,2,3,4,5","6,14","2,4,6,14,20","6,14,20","6,14,20"
97,9,0.986461919109897,0.1096068799011,-1630.54652868856,-1592.61505580276,FALSE,FALSE,FALSE,"14,6,20,1,2,3,4,5,7","6,14","2,4,6,14,20","6,14,20","6,14,20"
97,10,0.986469748558172,0.0986469748558172,-1628.8357762269,-1586.68969524268,FALSE,FALSE,FALSE,"14,6,20,1,2,3,4,5,7,8","6,14","2,4,6,14,20","6,14,20","6,14,20"
97,11,0.986478002475945,0.0896798184069041,-1627.14088646152,-1580.78019737887,FALSE,FALSE,FALSE,"14,6,20,1,2,3,4,5,7,8,9","6,14","2,4,6,14,20","6,14,20","6,14,20"
97,12,0.986483583872652,0.082206965322721,-1625.34731117484,-1574.77201399377,FALSE,FALSE,FALSE,"14,6,20,1,2,3,4,5,7,8,9,10","6,14","2,4,6,14,20","6,14,20","6,14,20"
97,13,0.986488898737157,0.0758837614413198,-1623.5439575962,-1568.75405231671,FALSE,FALSE,FALSE,"14,6,20,1,2,3,4,5,7,8,9,10,11","6,14","2,4,6,14,20","6,14,20","6,14,20"
97,14,0.986492892112636,0.0704637780080455,-1621.69176071247,-1562.68724733456,FALSE,FALSE,FALSE,"14,6,20,1,2,3,4,5,7,8,9,10,11,12","6,14","2,4,6,14,20","6,14,20","6,14,20"
97,15,0.986496746418061,0.065766449761204,-1619.83445800494,-1556.61533652861,FALSE,FALSE,FALSE,"14,6,20,1,2,3,4,5,7,8,9,10,11,12,13","6,14","2,4,6,14,20","6,14,20","6,14,20"
97,16,0.986500086241594,0.0616562553900996,-1617.95814066441,-1550.52441108965,FALSE,FALSE,FALSE,"14,6,20,1,2,3,4,5,7,8,9,10,11,12,13,15","6,14","2,4,6,14,20","6,14,20","6,14,20"
97,17,0.986500838831383,0.0580294611077284,-1615.98601531533,-1544.33767764215,FALSE,FALSE,FALSE,"14,6,20,1,2,3,4,5,7,8,9,10,11,12,13,15,16","6,14","2,4,6,14,20","6,14,20","6,14,20"
97,18,0.986501639931517,0.054805646662862,-1614.01568841484,-1538.15274264324,FALSE,FALSE,FALSE,"14,6,20,1,2,3,4,5,7,8,9,10,11,12,13,15,16,17","6,14","2,4,6,14,20","6,14,20","6,14,20"
97,19,0.986502256242841,0.0519211713812022,-1612.03851805457,-1531.96096418455,FALSE,FALSE,FALSE,"14,6,20,1,2,3,4,5,7,8,9,10,11,12,13,15,16,17,18","6,14","2,4,6,14,20","6,14,20","6,14,20"
97,20,0.986502258458216,0.0493251129229108,-1610.03860011922,-1525.74643815077,FALSE,FALSE,FALSE,"14,6,20,1,2,3,4,5,7,8,9,10,11,12,13,15,16,17,18,19","6,14","2,4,6,14,20","6,14,20","6,14,20"
98,1,0.625108163765989,0.625108163765989,287.628029226628,291.84263732505,TRUE,FALSE,FALSE,"5","5","5","5","5,7,20"
98,2,0.893459132055637,0.446729566027818,-339.426420546878,-330.997204350033,FALSE,FALSE,FALSE,"5,20","5","5,6","5,7","5,7,20"
98,3,0.992035561171182,0.330678520390394,-1634.19750147937,-1621.5536771841,FALSE,FALSE,TRUE,"5,20,7","5","5,6,7","5,7,20","5,7,20"
98,4,0.992068971551082,0.248017242887771,-1634.29938552709,-1617.4409531334,FALSE,FALSE,FALSE,"5,20,7,1","5","5,6,7,9","5,7,20","5,7,20"
98,5,0.992098836123177,0.198419767224635,-1634.18570720015,-1613.11266670804,FALSE,FALSE,FALSE,"5,20,7,1,2","5","5,6,7,9,13","5,7,20","5,7,20"
98,6,0.992139200820197,0.165356533470033,-1634.74660555494,-1609.4589569644,FALSE,TRUE,FALSE,"5,20,7,1,2,3","5","5,6,7,9,13,20","5,7,20","5,7,20"
98,7,0.992165397097958,0.141737913871137,-1634.41564862561,-1604.91339193665,FALSE,FALSE,FALSE,"5,20,7,1,2,3,4","5","5,6,7,9,13,20","5,7,20","5,7,20"
98,8,0.992176664269377,0.124022083033672,-1633.13523078954,-1599.41836600216,FALSE,FALSE,FALSE,"5,20,7,1,2,3,4,6","5","5,6,7,9,13,20","5,7,20","5,7,20"
98,9,0.992193414048011,0.110243712672001,-1632.20687947631,-1594.27540659051,FALSE,FALSE,FALSE,"5,20,7,1,2,3,4,6,8","5","5,6,7,9,13,20","5,7,20","5,7,20"
98,10,0.992207248290314,0.0992207248290314,-1631.09372776631,-1588.94764678208,FALSE,FALSE,FALSE,"5,20,7,1,2,3,4,6,8,9","5","5,6,7,9,13,20","5,7,20","5,7,20"
98,11,0.992217815242907,0.090201619567537,-1629.77218666317,-1583.41149758053,FALSE,FALSE,FALSE,"5,20,7,1,2,3,4,6,8,9,10","5","5,6,7,9,13,20","5,7,20","5,7,20"
98,12,0.992222747794693,0.0826852289828911,-1628.08920018773,-1577.51390300666,FALSE,FALSE,FALSE,"5,20,7,1,2,3,4,6,8,9,10,11","5","5,6,7,9,13,20","5,7,20","5,7,20"
98,13,0.9922278016562,0.0763252155120153,-1626.41421885436,-1571.62431357488,FALSE,FALSE,FALSE,"5,20,7,1,2,3,4,6,8,9,10,11,12","5","5,6,7,9,13,20","5,7,20","5,7,20"
98,14,0.992231571095768,0.0708736836496977,-1624.65677274762,-1565.65225936971,FALSE,FALSE,FALSE,"5,20,7,1,2,3,4,6,8,9,10,11,12,13","5","5,6,7,9,13,20","5,7,20","5,7,20"
98,15,0.992234924650985,0.0661489949767324,-1622.87266448811,-1559.65354301177,FALSE,FALSE,FALSE,"5,20,7,1,2,3,4,6,8,9,10,11,12,13,14","5","5,6,7,9,13,20","5,7,20","5,7,20"
98,16,0.992238544274954,0.0620149090171846,-1621.10578958326,-1553.67206000851,FALSE,FALSE,FALSE,"5,20,7,1,2,3,4,6,8,9,10,11,12,13,14,15","5","5,6,7,9,13,20","5,7,20","5,7,20"
98,17,0.992240003621306,0.0583670590365474,-1619.19981083506,-1547.55147316188,FALSE,FALSE,FALSE,"5,20,7,1,2,3,4,6,8,9,10,11,12,13,14,15,16","5","5,6,7,9,13,20","5,7,20","5,7,20"
98,18,0.992240302657337,0.055124461258741,-1617.21907900083,-1541.35613322923,FALSE,FALSE,FALSE,"5,20,7,1,2,3,4,6,8,9,10,11,12,13,14,15,16,17","5","5,6,7,9,13,20","5,7,20","5,7,20"
98,19,0.992240985106045,0.0522232097424234,-1615.26305486028,-1535.18550099026,FALSE,FALSE,FALSE,"5,20,7,1,2,3,4,6,8,9,10,11,12,13,14,15,16,17,18","5","5,6,7,9,13,20","5,7,20","5,7,20"
98,20,0.992241239223781,0.049612061961189,-1613.27943077272,-1528.98726880428,FALSE,FALSE,FALSE,"5,20,7,1,2,3,4,6,8,9,10,11,12,13,14,15,16,17,18,19","5","5,6,7,9,13,20","5,7,20","5,7,20"
99,1,0.495861633767052,0.495861633767052,17.6368302905073,21.8514383889295,TRUE,FALSE,FALSE,"10","2","2","2","2,10,12"
99,2,0.73782846678786,0.36891423339393,-307.289054769046,-298.859838572202,FALSE,FALSE,FALSE,"10,2","2","2,7","2,10","2,10,12"
99,3,0.979915685234874,0.326638561744958,-1589.81897775346,-1577.17515345819,FALSE,FALSE,TRUE,"10,2,12","2","2,7,10","2,10,12","2,10,12"
99,4,0.980117943007621,0.245029485751905,-1592.87971983568,-1576.02128744199,FALSE,FALSE,FALSE,"10,2,12,1","2","2,7,10,12","2,10,12","2,10,12"
99,5,0.980234255637287,0.196046851127457,-1593.81337465045,-1572.74033415833,FALSE,FALSE,FALSE,"10,2,12,1,3","2","2,7,10,12,14","2,10,12","2,10,12"
99,6,0.980450396167648,0.163408399361275,-1597.31104204621,-1572.02339345568,FALSE,FALSE,FALSE,"10,2,12,1,3,4","2","2,7,10,12,14,15","2,10,12","2,10,12"
99,7,0.980543045368102,0.140077577909729,-1597.6862676066,-1568.18401091765,FALSE,TRUE,FALSE,"10,2,12,1,3,4,5","2","2,7,10,12,14,15,17","2,10,12","2,10,12"
99,8,0.980608594792284,0.122576074349035,-1597.37358430825,-1563.65671952087,FALSE,FALSE,FALSE,"10,2,12,1,3,4,5,6","2","2,7,10,12,14,15,17","2,10,12","2,10,12"
99,9,0.980672945025095,0.108963660558344,-1597.03558976401,-1559.10411687821,FALSE,FALSE,FALSE,"10,2,12,1,3,4,5,6,7","2","2,7,10,12,14,15,17","2,10,12","2,10,12"
99,10,0.980704408956399,0.0980704408956398,-1595.85023975585,-1553.70415877163,FALSE,FALSE,FALSE,"10,2,12,1,3,4,5,6,7,8","2","2,7,10,12,14,15,17","2,10,12","2,10,12"
99,11,0.980724917844461,0.0891568107131328,-1594.38196213181,-1548.02127304916,FALSE,FALSE,FALSE,"10,2,12,1,3,4,5,6,7,8,9","2","2,7,10,12,14,15,17","2,10,12","2,10,12"
99,12,0.980748636703772,0.0817290530586476,-1592.99761358963,-1542.42231640856,FALSE,FALSE,FALSE,"10,2,12,1,3,4,5,6,7,8,9,11","2","2,7,10,12,14,15,17","2,10,12","2,10,12"
99,13,0.980768512142446,0.0754437317032651,-1591.51408884668,-1536.72418356719,FALSE,FALSE,FALSE,"10,2,12,1,3,4,5,6,7,8,9,11,13","2","2,7,10,12,14,15,17","2,10,12","2,10,12"
99,14,0.980784456773004,0.0700560326266431,-1589.92880569274,-1530.92429231483,FALSE,FALSE,FALSE,"10,2,12,1,3,4,5,6,7,8,9,11,13,14","2","2,7,10,12,14,15,17","2,10,12","2,10,12"
99,15,0.980804292228064,0.0653869528152042,-1588.44520274587,-1525.22608126954,FALSE,FALSE,FALSE,"10,2,12,1,3,4,5,6,7,8,9,11,13,14,15","2","2,7,10,12,14,15,17","2,10,12","2,10,12"
99,16,0.980820925699514,0.0613013078562196,-1586.87865074462,-1519.44492116986,FALSE,FALSE,FALSE,"10,2,12,1,3,4,5,6,7,8,9,11,13,14,15,16","2","2,7,10,12,14,15,17","2,10,12","2,10,12"
99,17,0.980831857600305,0.0576959916235474,-1585.16372752537,-1513.51538985219,FALSE,FALSE,FALSE,"10,2,12,1,3,4,5,6,7,8,9,11,13,14,15,16,17","2","2,7,10,12,14,15,17","2,10,12","2,10,12"
99,18,0.980838924849615,0.0544910513805342,-1583.34811034979,-1507.48516457819,FALSE,FALSE,FALSE,"10,2,12,1,3,4,5,6,7,8,9,11,13,14,15,16,17,18","2","2,7,10,12,14,15,17","2,10,12","2,10,12"
99,19,0.980843665541464,0.0516233508179718,-1581.47183196671,-1501.39427809669,FALSE,FALSE,FALSE,"10,2,12,1,3,4,5,6,7,8,9,11,13,14,15,16,17,18,19","2","2,7,10,12,14,15,17","2,10,12","2,10,12"
99,20,0.980847984488981,0.0490423992244491,-1579.58457364155,-1495.2924116731,FALSE,FALSE,FALSE,"10,2,12,1,3,4,5,6,7,8,9,11,13,14,15,16,17,18,19,20","2","2,7,10,12,14,15,17","2,10,12","2,10,12"
100,1,0.620717735588107,0.620717735588107,-233.385396502479,-229.170788404057,TRUE,FALSE,FALSE,"8","8","1","8","8,17,19"
100,2,0.704322657369256,0.352161328684628,-355.891340386858,-347.462124190014,FALSE,FALSE,FALSE,"8,19","8","1,3","8,17","8,17,19"
100,3,0.976394134177823,0.325464711392608,-1617.77812446847,-1605.1343001732,FALSE,FALSE,TRUE,"8,19,17","8","1,3,8","8,17,19","8,17,19"
100,4,0.976486599959285,0.244121649989821,-1617.74050436683,-1600.88207197315,FALSE,FALSE,FALSE,"8,19,17,1","8","1,3,8,17","8,17,19","8,17,19"
100,5,0.976608654036613,0.195321730807323,-1618.34267926842,-1597.26963877631,FALSE,TRUE,FALSE,"8,19,17,1,2","8","1,3,8,17,19","8,17,19","8,17,19"
100,6,0.976692863155253,0.162782143859209,-1618.14593292574,-1592.8582843352,FALSE,FALSE,FALSE,"8,19,17,1,2,3","8","1,3,8,17,19","8,17,19","8,17,19"
100,7,0.976766074645888,0.139538010663698,-1617.71898578622,-1588.21672909726,FALSE,FALSE,FALSE,"8,19,17,1,2,3,4","8","1,3,8,17,19","8,17,19","8,17,19"
100,8,0.976856606067784,0.122107075758473,-1617.67105068089,-1583.95418589351,FALSE,FALSE,FALSE,"8,19,17,1,2,3,4,5","8","1,3,8,17,19","8,17,19","8,17,19"
100,9,0.976899510592294,0.10854439006581,-1616.59883904384,-1578.66736615804,FALSE,FALSE,FALSE,"8,19,17,1,2,3,4,5,6","8","1,3,8,17,19","8,17,19","8,17,19"
100,10,0.976974797616345,0.0976974797616345,-1616.23105501689,-1574.08497403267,FALSE,FALSE,FALSE,"8,19,17,1,2,3,4,5,6,7","8","1,3,8,17,19","8,17,19","8,17,19"
100,11,0.977013548987034,0.0888194135442758,-1615.07326295749,-1568.71257387485,FALSE,FALSE,FALSE,"8,19,17,1,2,3,4,5,6,7,9","8","1,3,8,17,19","8,17,19","8,17,19"
100,12,0.97709934408158,0.0814249453401317,-1614.94296449803,-1564.36766731696,FALSE,FALSE,FALSE,"8,19,17,1,2,3,4,5,6,7,9,10","8","1,3,8,17,19","8,17,19","8,17,19"
100,13,0.977122091039988,0.0751632377723068,-1613.43985557228,-1558.64995029279,FALSE,FALSE,FALSE,"8,19,17,1,2,3,4,5,6,7,9,10,11","8","1,3,8,17,19","8,17,19","8,17,19"
100,14,0.977139483538461,0.0697956773956044,-1611.82011569602,-1552.81560231811,FALSE,FALSE,FALSE,"8,19,17,1,2,3,4,5,6,7,9,10,11,12","8","1,3,8,17,19","8,17,19","8,17,19"
100,15,0.97715574648247,0.0651437164321647,-1610.17594167881,-1546.95682020247,FALSE,FALSE,FALSE,"8,19,17,1,2,3,4,5,6,7,9,10,11,12,13","8","1,3,8,17,19","8,17,19","8,17,19"
100,16,0.977160872495842,0.0610725545309901,-1608.28814907848,-1540.85441950373,FALSE,FALSE,FALSE,"8,19,17,1,2,3,4,5,6,7,9,10,11,12,13,14","8","1,3,8,17,19","8,17,19","8,17,19"
100,17,0.97716357633177,0.0574802103724571,-1606.34734564781,-1534.69900797464,FALSE,FALSE,FALSE,"8,19,17,1,2,3,4,5,6,7,9,10,11,12,13,14,15","8","1,3,8,17,19","8,17,19","8,17,19"
100,18,0.977165142473588,0.0542869523596438,-1604.38163725904,-1528.51869148744,FALSE,FALSE,FALSE,"8,19,17,1,2,3,4,5,6,7,9,10,11,12,13,14,15,16","8","1,3,8,17,19","8,17,19","8,17,19"
100,19,0.977166904101963,0.051429837057998,-1602.42021197594,-1522.34265810592,FALSE,FALSE,FALSE,"8,19,17,1,2,3,4,5,6,7,9,10,11,12,13,14,15,16,18","8","1,3,8,17,19","8,17,19","8,17,19"
100,20,0.977167252227132,0.0488583626113566,-1600.42783529223,-1516.13567332378,FALSE,FALSE,FALSE,"8,19,17,1,2,3,4,5,6,7,9,10,11,12,13,14,15,16,18,20","8","1,3,8,17,19","8,17,19","8,17,19"
