"iteration","p","R2","M_p","AIC","BIC","selected_by_Mp","selected_by_AIC","selected_by_BIC","subset_p","subset_Mp","subset_AIC","subset_BIC","support_true"
1,1,0.361986681232558,0.361986681232558,208.133788821487,212.348396919909,FALSE,FALSE,FALSE,"1","1","1","1","1,3,7"
1,2,0.821167289736156,0.410583644868078,-425.820395988771,-417.391179791926,FALSE,FALSE,FALSE,"1,3","1,3","1,3","1,3","1,3,7"
1,3,0.982692888771819,0.327564296257273,-1591.48705529928,-1578.84323100401,TRUE,FALSE,TRUE,"1,3,7","1,3,7","1,3,5","1,3,7","1,3,7"
1,4,0.982755731658293,0.245688932914573,-1591.30588153874,-1574.44744914505,FALSE,FALSE,FALSE,"1,3,7,2","1,3,7","1,3,5,7","1,3,7","1,3,7"
1,5,0.982832386671944,0.196566477334389,-1591.53345924509,-1570.46041875298,FALSE,TRUE,FALSE,"1,3,7,2,4","1,3,7","1,3,5,7,17","1,3,7","1,3,7"
1,6,0.982887670457615,0.163814611742936,-1591.14617586508,-1565.85852727454,FALSE,FALSE,FALSE,"1,3,7,2,4,5","1,3,7","1,3,5,7,17","1,3,7","1,3,7"
1,7,0.98292725114297,0.14041817873471,-1590.30401153184,-1560.80175484288,FALSE,FALSE,FALSE,"1,3,7,2,4,5,6","1,3,7","1,3,5,7,17","1,3,7","1,3,7"
1,8,0.982952334281929,0.122869041785241,-1589.03914748461,-1555.32228269723,FALSE,FALSE,FALSE,"1,3,7,2,4,5,6,8","1,3,7","1,3,5,7,17","1,3,7","1,3,7"
1,9,0.982969902208086,0.109218878023121,-1587.55467215243,-1549.62319926663,FALSE,FALSE,FALSE,"1,3,7,2,4,5,6,8,9","1,3,7","1,3,5,7,17","1,3,7","1,3,7"
1,10,0.982986207202183,0.0982986207202183,-1586.03361257495,-1543.88753159073,FALSE,FALSE,FALSE,"1,3,7,2,4,5,6,8,9,10","1,3,7","1,3,5,7,17","1,3,7","1,3,7"
1,11,0.983001817803695,0.0893638016185177,-1584.49258629261,-1538.13189720997,FALSE,FALSE,FALSE,"1,3,7,2,4,5,6,8,9,10,11","1,3,7","1,3,5,7,17","1,3,7","1,3,7"
1,12,0.983011754420288,0.0819176462016906,-1582.78495643935,-1532.20965925829,FALSE,FALSE,FALSE,"1,3,7,2,4,5,6,8,9,10,11,12","1,3,7","1,3,5,7,17","1,3,7","1,3,7"
1,13,0.983019906250809,0.0756169158654469,-1581.02493963663,-1526.23503435714,FALSE,FALSE,FALSE,"1,3,7,2,4,5,6,8,9,10,11,12,13","1,3,7","1,3,5,7,17","1,3,7","1,3,7"
1,14,0.983023122266996,0.0702159373047854,-1579.11964820619,-1520.11513482828,FALSE,FALSE,FALSE,"1,3,7,2,4,5,6,8,9,10,11,12,13,14","1,3,7","1,3,5,7,17","1,3,7","1,3,7"
1,15,0.983025621791971,0.065535041452798,-1577.19326919341,-1513.97414771708,FALSE,FALSE,FALSE,"1,3,7,2,4,5,6,8,9,10,11,12,13,14,15","1,3,7","1,3,5,7,17","1,3,7","1,3,7"
1,16,0.983027877155731,0.0614392423222332,-1575.25970796304,-1507.82597838829,FALSE,FALSE,FALSE,"1,3,7,2,4,5,6,8,9,10,11,12,13,14,15,16","1,3,7","1,3,5,7,17","1,3,7","1,3,7"
1,17,0.983029929601686,0.0578252899765698,-1573.32017682973,-1501.67183915655,FALSE,FALSE,FALSE,"1,3,7,2,4,5,6,8,9,10,11,12,13,14,15,16,17","1,3,7","1,3,5,7,17","1,3,7","1,3,7"
1,18,0.983031906775506,0.0546128837097504,-1571.37843495601,-1495.51548918441,FALSE,FALSE,FALSE,"1,3,7,2,4,5,6,8,9,10,11,12,13,14,15,16,17,18","1,3,7","1,3,5,7,17","1,3,7","1,3,7"
1,19,0.983033478624758,0.0517386041381451,-1569.42475489425,-1489.34720102423,FALSE,FALSE,FALSE,"1,3,7,2,4,5,6,8,9,10,11,12,13,14,15,16,17,18,19","1,3,7","1,3,5,7,17","1,3,7","1,3,7"
1,20,0.98303354430634,0.049151677215317,-1567.42669052113,-1483.13452855268,FALSE,FALSE,FALSE,"1,3,7,2,4,5,6,8,9,10,11,12,13,14,15,16,17,18,19,20","1,3,7","1,3,5,7,17","1,3,7","1,3,7"
2,1,0.418435257528846,0.418435257528846,213.11251434184,217.327122440262,FALSE,FALSE,FALSE,"16","1","1","1","1,4,16"
2,2,0.862583132583397,0.431291566291699,-506.239070215903,-497.809854019058,FALSE,FALSE,FALSE,"16,4","1,4","1,4","1,4","1,4,16"
2,3,0.985345276703332,0.328448425567777,-1623.367290629,-1610.72346633374,TRUE,FALSE,FALSE,"16,4,1","1,4,16","1,4,8","1,4,8","1,4,16"
2,4,0.98557592439751,0.246393981099378,-1629.29927338141,-1612.44084098772,FALSE,FALSE,TRUE,"16,4,1,2","1,4,16","1,4,8,12","1,4,8,16","1,4,16"
2,5,0.985633785425271,0.197126757085054,-1629.30901712856,-1608.23597663645,FALSE,TRUE,FALSE,"16,4,1,2,3","1,4,16","1,4,8,12,16","1,4,8,16","1,4,16"
2,6,0.98567533363028,0.164279222271713,-1628.7571509148,-1603.46950232426,FALSE,FALSE,FALSE,"16,4,1,2,3,5","1,4,16","1,4,8,12,16","1,4,8,16","1,4,16"
2,7,0.985710637946931,0.14081580542099,-1627.99096301715,-1598.48870632819,FALSE,FALSE,FALSE,"16,4,1,2,3,5,6","1,4,16","1,4,8,12,16","1,4,8,16","1,4,16"
2,8,0.985744748663699,0.123218093582962,-1627.18596021468,-1593.4690954273,FALSE,FALSE,FALSE,"16,4,1,2,3,5,6,7","1,4,16","1,4,8,12,16","1,4,8,16","1,4,16"
2,9,0.985765855604122,0.109529539511569,-1625.92683041364,-1587.99535752784,FALSE,FALSE,FALSE,"16,4,1,2,3,5,6,7,8","1,4,16","1,4,8,12,16","1,4,8,16","1,4,16"
2,10,0.985783088920769,0.0985783088920769,-1624.53254849572,-1582.3864675115,FALSE,FALSE,FALSE,"16,4,1,2,3,5,6,7,8,9","1,4,16","1,4,8,12,16","1,4,8,16","1,4,16"
2,11,0.985796869555652,0.089617897232332,-1623.01743997454,-1576.6567508919,FALSE,FALSE,FALSE,"16,4,1,2,3,5,6,7,8,9,10","1,4,16","1,4,8,12,16","1,4,8,16","1,4,16"
2,12,0.985812295773673,0.0821510246478061,-1621.56079207101,-1570.98549488995,FALSE,FALSE,FALSE,"16,4,1,2,3,5,6,7,8,9,10,11","1,4,16","1,4,8,12,16","1,4,8,16","1,4,16"
2,13,0.985822071254595,0.0758324670195842,-1619.9054161913,-1565.11551091181,FALSE,FALSE,FALSE,"16,4,1,2,3,5,6,7,8,9,10,11,12","1,4,16","1,4,8,12,16","1,4,8,16","1,4,16"
2,14,0.985828755338096,0.0704163396670068,-1618.14119321127,-1559.13667983336,FALSE,FALSE,FALSE,"16,4,1,2,3,5,6,7,8,9,10,11,12,13","1,4,16","1,4,8,12,16","1,4,8,16","1,4,16"
2,15,0.985833147729067,0.0657222098486045,-1616.2961927166,-1553.07707124026,FALSE,FALSE,FALSE,"16,4,1,2,3,5,6,7,8,9,10,11,12,13,14","1,4,16","1,4,8,12,16","1,4,8,16","1,4,16"
2,16,0.985836631352216,0.0616147894595135,-1614.41915763016,-1546.98542805541,FALSE,FALSE,FALSE,"16,4,1,2,3,5,6,7,8,9,10,11,12,13,14,15","1,4,16","1,4,8,12,16","1,4,8,16","1,4,16"
2,17,0.985839006103385,0.0579905297707874,-1612.50299892301,-1540.85466124983,FALSE,FALSE,FALSE,"16,4,1,2,3,5,6,7,8,9,10,11,12,13,14,15,17","1,4,16","1,4,8,12,16","1,4,8,16","1,4,16"
2,18,0.985840123253333,0.0547688957362963,-1610.5424450955,-1534.6794993239,FALSE,FALSE,FALSE,"16,4,1,2,3,5,6,7,8,9,10,11,12,13,14,15,17,18","1,4,16","1,4,8,12,16","1,4,8,16","1,4,16"
2,19,0.985840498384834,0.0518863420202544,-1608.55569155509,-1528.47813768507,FALSE,FALSE,FALSE,"16,4,1,2,3,5,6,7,8,9,10,11,12,13,14,15,17,18,19","1,4,16","1,4,8,12,16","1,4,8,16","1,4,16"
2,20,0.985840603191182,0.0492920301595591,-1606.55939248816,-1522.26723051972,FALSE,FALSE,FALSE,"16,4,1,2,3,5,6,7,8,9,10,11,12,13,14,15,17,18,19,20","1,4,16","1,4,8,12,16","1,4,8,16","1,4,16"
3,1,0.403172994233595,0.403172994233595,48.8320367282768,53.046644826699,FALSE,FALSE,FALSE,"1","1","1","1","1,9,17"
3,2,0.818999869950136,0.409499934975068,-545.732737792584,-537.30352159574,FALSE,FALSE,FALSE,"1,17","1,9","1,2","1,9","1,9,17"
3,3,0.978792382626234,0.326264127542078,-1615.80139906672,-1603.15757477145,TRUE,FALSE,TRUE,"1,17,9","1,9,17","1,2,7","1,9,17","1,9,17"
3,4,0.979010319922082,0.24475257998052,-1618.96616664233,-1602.10773424864,FALSE,FALSE,FALSE,"1,17,9,2","1,9,17","1,2,7,9","1,9,17","1,9,17"
3,5,0.979264269074605,0.195852853814921,-1623.05244073924,-1601.97940024713,FALSE,FALSE,FALSE,"1,17,9,2,3","1,9,17","1,2,7,9,14","1,9,17","1,9,17"
3,6,0.979354129659808,0.163225688276635,-1623.22395473822,-1597.93630614768,FALSE,FALSE,FALSE,"1,17,9,2,3,4","1,9,17","1,2,7,9,14,16","1,9,17","1,9,17"
3,7,0.979445328158667,0.139920761165524,-1623.43748502153,-1593.93522833257,FALSE,TRUE,FALSE,"1,17,9,2,3,4,5","1,9,17","1,2,7,9,14,16,17","1,9,17","1,9,17"
3,8,0.979515992529307,0.122439499066163,-1623.15938352468,-1589.4425187373,FALSE,FALSE,FALSE,"1,17,9,2,3,4,5,6","1,9,17","1,2,7,9,14,16,17","1,9,17","1,9,17"
3,9,0.979563657301283,0.108840406366809,-1622.32420233331,-1584.39272944751,FALSE,FALSE,FALSE,"1,17,9,2,3,4,5,6,7","1,9,17","1,2,7,9,14,16,17","1,9,17","1,9,17"
3,10,0.979619305590606,0.0979619305590606,-1621.6875625315,-1579.54148154728,FALSE,FALSE,FALSE,"1,17,9,2,3,4,5,6,7,8","1,9,17","1,2,7,9,14,16,17","1,9,17","1,9,17"
3,11,0.979640055990012,0.0890581869081829,-1620.19689184016,-1573.83620275751,FALSE,FALSE,FALSE,"1,17,9,2,3,4,5,6,7,8,10","1,9,17","1,2,7,9,14,16,17","1,9,17","1,9,17"
3,12,0.979660634910277,0.0816383862425231,-1618.70252504314,-1568.12722786207,FALSE,FALSE,FALSE,"1,17,9,2,3,4,5,6,7,8,10,11","1,9,17","1,2,7,9,14,16,17","1,9,17","1,9,17"
3,13,0.979672938599364,0.0753594568153357,-1617.00507657086,-1562.21517129137,FALSE,FALSE,FALSE,"1,17,9,2,3,4,5,6,7,8,10,11,12","1,9,17","1,2,7,9,14,16,17","1,9,17","1,9,17"
3,14,0.979684064086419,0.0699774331490299,-1615.2788134522,-1556.27430007429,FALSE,FALSE,FALSE,"1,17,9,2,3,4,5,6,7,8,10,11,12,13","1,9,17","1,2,7,9,14,16,17","1,9,17","1,9,17"
3,15,0.979695651347079,0.0653130434231386,-1613.56407144824,-1550.34494997191,FALSE,FALSE,FALSE,"1,17,9,2,3,4,5,6,7,8,10,11,12,13,14","1,9,17","1,2,7,9,14,16,17","1,9,17","1,9,17"
3,16,0.97970173756077,0.0612313585975481,-1611.71396855026,-1544.2802389755,FALSE,FALSE,FALSE,"1,17,9,2,3,4,5,6,7,8,10,11,12,13,14,15","1,9,17","1,2,7,9,14,16,17","1,9,17","1,9,17"
3,17,0.979705434352418,0.0576297314324952,-1609.80503861936,-1538.15670094618,FALSE,FALSE,FALSE,"1,17,9,2,3,4,5,6,7,8,10,11,12,13,14,15,16","1,9,17","1,2,7,9,14,16,17","1,9,17","1,9,17"
3,18,0.979708240505623,0.0544282355836457,-1607.87417898127,-1532.01123320967,FALSE,FALSE,FALSE,"1,17,9,2,3,4,5,6,7,8,10,11,12,13,14,15,16,18","1,9,17","1,2,7,9,14,16,17","1,9,17","1,9,17"
3,19,0.979709610087262,0.0515636636888033,-1605.90792735732,-1525.8303734873,FALSE,FALSE,FALSE,"1,17,9,2,3,4,5,6,7,8,10,11,12,13,14,15,16,18,19","1,9,17","1,2,7,9,14,16,17","1,9,17","1,9,17"
3,20,0.979710704846347,0.0489855352423173,-1603.93490536574,-1519.64274339729,FALSE,FALSE,FALSE,"1,17,9,2,3,4,5,6,7,8,10,11,12,13,14,15,16,18,19,20","1,9,17","1,2,7,9,14,16,17","1,9,17","1,9,17"
4,1,0.72429109426173,0.72429109426173,-216.248317188665,-212.033709090243,TRUE,FALSE,FALSE,"18","18","1","1","1,10,18"
4,2,0.895384546641123,0.447692273320561,-698.775487894466,-690.346271697622,FALSE,FALSE,FALSE,"18,10","18","1,6","1,10","1,10,18"
4,3,0.982618770102703,0.327539590034234,-1594.22568586941,-1581.58186157414,FALSE,FALSE,TRUE,"18,10,1","18","1,6,10","1,10,18","1,10,18"
4,4,0.982727453347005,0.245681863336751,-1595.36195589431,-1578.50352350062,FALSE,FALSE,FALSE,"18,10,1,2","18","1,6,10,14","1,10,18","1,10,18"
4,5,0.98285295791096,0.196570591582192,-1597.00828418484,-1575.93524369273,FALSE,FALSE,FALSE,"18,10,1,2,3","18","1,6,10,14,17","1,10,18","1,10,18"
4,6,0.982936874243037,0.16382281237384,-1597.46125374538,-1572.17360515485,FALSE,TRUE,FALSE,"18,10,1,2,3,4","18","1,6,10,14,17,18","1,10,18","1,10,18"
4,7,0.982996980373142,0.140428140053306,-1597.22565038608,-1567.72339369712,FALSE,FALSE,FALSE,"18,10,1,2,3,4,5","18","1,6,10,14,17,18","1,10,18","1,10,18"
4,8,0.983043793598575,0.122880474199822,-1596.60416399081,-1562.88729920343,FALSE,FALSE,FALSE,"18,10,1,2,3,4,5,6","18","1,6,10,14,17,18","1,10,18","1,10,18"
4,9,0.983078789896956,0.109230976655217,-1595.63719172552,-1557.70571883972,FALSE,FALSE,FALSE,"18,10,1,2,3,4,5,6,7","18","1,6,10,14,17,18","1,10,18","1,10,18"
4,10,0.983112783640091,0.0983112783640091,-1594.64267343961,-1552.49659245539,FALSE,FALSE,FALSE,"18,10,1,2,3,4,5,6,7,8","18","1,6,10,14,17,18","1,10,18","1,10,18"
4,11,0.983143362969611,0.0893766693608737,-1593.54889293793,-1547.18820385529,FALSE,FALSE,FALSE,"18,10,1,2,3,4,5,6,7,8,9","18","1,6,10,14,17,18","1,10,18","1,10,18"
4,12,0.983168221393904,0.0819306851161587,-1592.28678542518,-1541.71148824412,FALSE,FALSE,FALSE,"18,10,1,2,3,4,5,6,7,8,9,11","18","1,6,10,14,17,18","1,10,18","1,10,18"
4,13,0.983180179115063,0.0756292445473125,-1590.64212430483,-1535.85221902534,FALSE,FALSE,FALSE,"18,10,1,2,3,4,5,6,7,8,9,11,12","18","1,6,10,14,17,18","1,10,18","1,10,18"
4,14,0.983188036362858,0.0702277168830613,-1588.87574996729,-1529.87123658938,FALSE,FALSE,FALSE,"18,10,1,2,3,4,5,6,7,8,9,11,12,13","18","1,6,10,14,17,18","1,10,18","1,10,18"
4,15,0.983192936255183,0.0655461957503456,-1587.02149756147,-1523.80237608514,FALSE,FALSE,FALSE,"18,10,1,2,3,4,5,6,7,8,9,11,12,13,14","18","1,6,10,14,17,18","1,10,18","1,10,18"
4,16,0.983196578707895,0.0614497861692435,-1585.12987007446,-1517.6961404997,FALSE,FALSE,FALSE,"18,10,1,2,3,4,5,6,7,8,9,11,12,13,14,15","18","1,6,10,14,17,18","1,10,18","1,10,18"
4,17,0.983200220819408,0.057835307107024,-1583.23825592688,-1511.5899182537,FALSE,FALSE,FALSE,"18,10,1,2,3,4,5,6,7,8,9,11,12,13,14,15,16","18","1,6,10,14,17,18","1,10,18","1,10,18"
4,18,0.983203260220861,0.0546224033456034,-1581.32872367636,-1505.46577790476,FALSE,FALSE,FALSE,"18,10,1,2,3,4,5,6,7,8,9,11,12,13,14,15,16,17","18","1,6,10,14,17,18","1,10,18","1,10,18"
4,19,0.983203964347551,0.0517475770709237,-1579.34968433475,-1499.27213046472,FALSE,FALSE,FALSE,"18,10,1,2,3,4,5,6,7,8,9,11,12,13,14,15,16,17,19","18","1,6,10,14,17,18","1,10,18","1,10,18"
4,20,0.98320436850089,0.0491602184250445,-1577.36171569172,-1493.06955372328,FALSE,FALSE,FALSE,"18,10,1,2,3,4,5,6,7,8,9,11,12,13,14,15,16,17,19,20","18","1,6,10,14,17,18","1,10,18","1,10,18"
5,1,0.429709638517968,0.429709638517968,258.363365014721,262.577973113143,FALSE,FALSE,FALSE,"16","16","16","16","16,19,20"
5,2,0.771381855346275,0.385690927673138,-196.682893027731,-188.253676830886,FALSE,FALSE,FALSE,"16,19","16,19","16,19","16,19","16,19,20"
5,3,0.987435340529677,0.329145113509892,-1645.26541901151,-1632.62159471625,TRUE,TRUE,TRUE,"16,19,20","16,19,20","16,19,20","16,19,20","16,19,20"
5,4,0.987475540905957,0.246868885226489,-1644.86772363534,-1628.00929124165,FALSE,FALSE,FALSE,"16,19,20,1","16,19,20","16,19,20","16,19,20","16,19,20"
5,5,0.987514161732623,0.197502832346525,-1644.41192188321,-1623.3388813911,FALSE,FALSE,FALSE,"16,19,20,1,2","16,19,20","16,19,20","16,19,20","16,19,20"
5,6,0.98754723358696,0.164591205597827,-1643.73805356331,-1618.45040497277,FALSE,FALSE,FALSE,"16,19,20,1,2,3","16,19,20","16,19,20","16,19,20","16,19,20"
5,7,0.987583922549283,0.14108341750704,-1643.2133529034,-1613.71109621444,FALSE,FALSE,FALSE,"16,19,20,1,2,3,4","16,19,20","16,19,20","16,19,20","16,19,20"
5,8,0.987614275381111,0.123451784422639,-1642.43716909608,-1608.72030430871,FALSE,FALSE,FALSE,"16,19,20,1,2,3,4,5","16,19,20","16,19,20","16,19,20","16,19,20"
5,9,0.987640187245632,0.109737798582848,-1641.48430230647,-1603.55282942067,FALSE,FALSE,FALSE,"16,19,20,1,2,3,4,5,6","16,19,20","16,19,20","16,19,20","16,19,20"
5,10,0.987656925214077,0.0987656925214077,-1640.16187374336,-1598.01579275914,FALSE,FALSE,FALSE,"16,19,20,1,2,3,4,5,6,7","16,19,20","16,19,20","16,19,20","16,19,20"
5,11,0.987673864431261,0.0897885331301146,-1638.84852806276,-1592.48783898012,FALSE,FALSE,FALSE,"16,19,20,1,2,3,4,5,6,7,8","16,19,20","16,19,20","16,19,20","16,19,20"
5,12,0.987681538864526,0.0823067949053772,-1637.15993236794,-1586.58463518688,FALSE,FALSE,FALSE,"16,19,20,1,2,3,4,5,6,7,8,9","16,19,20","16,19,20","16,19,20","16,19,20"
5,13,0.987691247659019,0.0759762498199245,-1635.55416271825,-1580.76425743876,FALSE,FALSE,FALSE,"16,19,20,1,2,3,4,5,6,7,8,9,10","16,19,20","16,19,20","16,19,20","16,19,20"
5,14,0.987698237377618,0.0705498740984013,-1633.83817623025,-1574.83366285234,FALSE,FALSE,FALSE,"16,19,20,1,2,3,4,5,6,7,8,9,10,11","16,19,20","16,19,20","16,19,20","16,19,20"
5,15,0.987701664286958,0.0658467776191306,-1631.97748093205,-1568.75835945572,FALSE,FALSE,FALSE,"16,19,20,1,2,3,4,5,6,7,8,9,10,11,12","16,19,20","16,19,20","16,19,20","16,19,20"
5,16,0.987704296494262,0.0617315185308914,-1630.08450716268,-1562.65077758792,FALSE,FALSE,FALSE,"16,19,20,1,2,3,4,5,6,7,8,9,10,11,12,13","16,19,20","16,19,20","16,19,20","16,19,20"
5,17,0.987706494065364,0.058100382003845,-1628.17387852346,-1556.52554085029,FALSE,FALSE,FALSE,"16,19,20,1,2,3,4,5,6,7,8,9,10,11,12,13,14","16,19,20","16,19,20","16,19,20","16,19,20"
5,18,0.987708360304115,0.0548726866835619,-1626.24978772416,-1550.38684195256,FALSE,FALSE,FALSE,"16,19,20,1,2,3,4,5,6,7,8,9,10,11,12,13,14,15","16,19,20","16,19,20","16,19,20","16,19,20"
5,19,0.987709981207674,0.0519847358530355,-1624.31572727673,-1544.23817340671,FALSE,FALSE,FALSE,"16,19,20,1,2,3,4,5,6,7,8,9,10,11,12,13,14,15,17","16,19,20","16,19,20","16,19,20","16,19,20"
5,20,0.987710021335267,0.0493855010667633,-1622.31735980709,-1538.02519783865,FALSE,FALSE,FALSE,"16,19,20,1,2,3,4,5,6,7,8,9,10,11,12,13,14,15,17,18","16,19,20","16,19,20","16,19,20","16,19,20"
6,1,0.689711323955246,0.689711323955246,-282.194050111327,-277.979442012905,TRUE,FALSE,FALSE,"17","17","2","11","11,13,17"
6,2,0.874438892663498,0.437219446331749,-732.549313161304,-724.120096964459,FALSE,FALSE,FALSE,"17,11","17","2,8","11,13","11,13,17"
6,3,0.978008758858135,0.326002919619378,-1601.62346663562,-1588.97964234035,FALSE,FALSE,TRUE,"17,11,13","17","2,8,10","11,13,17","11,13,17"
6,4,0.978193517777219,0.244548379444305,-1603.84195108764,-1586.98351869396,FALSE,FALSE,FALSE,"17,11,13,1","17","2,8,10,11","11,13,17","11,13,17"
6,5,0.978341047971358,0.195668209594272,-1605.23615991652,-1584.1631194244,FALSE,FALSE,FALSE,"17,11,13,1,2","17","2,8,10,11,12","11,13,17","11,13,17"
6,6,0.978471530436359,0.16307858840606,-1606.25747624475,-1580.96982765422,FALSE,FALSE,FALSE,"17,11,13,1,2,3","17","2,8,10,11,12,13","11,13,17","11,13,17"
6,7,0.978602139285133,0.139800305612162,-1607.30011350187,-1577.79785681291,FALSE,TRUE,FALSE,"17,11,13,1,2,3,4","17","2,8,10,11,12,13,17","11,13,17","11,13,17"
6,8,0.97867114477639,0.122333893097049,-1606.91515808788,-1573.1982933005,FALSE,FALSE,FALSE,"17,11,13,1,2,3,4,5","17","2,8,10,11,12,13,17","11,13,17","11,13,17"
6,9,0.978741103931861,0.108749011547985,-1606.55786558656,-1568.62639270076,FALSE,FALSE,FALSE,"17,11,13,1,2,3,4,5,6","17","2,8,10,11,12,13,17","11,13,17","11,13,17"
6,10,0.978787351067727,0.0978787351067727,-1605.64676296817,-1563.50068198395,FALSE,FALSE,FALSE,"17,11,13,1,2,3,4,5,6,7","17","2,8,10,11,12,13,17","11,13,17","11,13,17"
6,11,0.978802283230823,0.0889820257482566,-1603.99885056436,-1557.63816148171,FALSE,FALSE,FALSE,"17,11,13,1,2,3,4,5,6,7,8","17","2,8,10,11,12,13,17","11,13,17","11,13,17"
6,12,0.978820687511563,0.0815683906259635,-1602.43314910343,-1551.85785192236,FALSE,FALSE,FALSE,"17,11,13,1,2,3,4,5,6,7,8,9","17","2,8,10,11,12,13,17","11,13,17","11,13,17"
6,13,0.97883281441294,0.0752948318779184,-1600.7195222927,-1545.92961701321,FALSE,FALSE,FALSE,"17,11,13,1,2,3,4,5,6,7,8,9,10","17","2,8,10,11,12,13,17","11,13,17","11,13,17"
6,14,0.978845319772236,0.069917522840874,-1599.01500453148,-1540.01049115357,FALSE,FALSE,FALSE,"17,11,13,1,2,3,4,5,6,7,8,9,10,12","17","2,8,10,11,12,13,17","11,13,17","11,13,17"
6,15,0.978856556621338,0.0652571037747559,-1597.28066287301,-1534.06154139668,FALSE,FALSE,FALSE,"17,11,13,1,2,3,4,5,6,7,8,9,10,12,14","17","2,8,10,11,12,13,17","11,13,17","11,13,17"
6,16,0.978865854953438,0.0611791159345899,-1595.50059812938,-1528.06686855463,FALSE,FALSE,FALSE,"17,11,13,1,2,3,4,5,6,7,8,9,10,12,14,15","17","2,8,10,11,12,13,17","11,13,17","11,13,17"
6,17,0.978869548418757,0.0575805616716916,-1593.58798723572,-1521.93964956254,FALSE,FALSE,FALSE,"17,11,13,1,2,3,4,5,6,7,8,9,10,12,14,15,16","17","2,8,10,11,12,13,17","11,13,17","11,13,17"
6,18,0.978871720046762,0.0543817622248201,-1591.63937609496,-1515.77643032336,FALSE,FALSE,FALSE,"17,11,13,1,2,3,4,5,6,7,8,9,10,12,14,15,16,18","17","2,8,10,11,12,13,17","11,13,17","11,13,17"
6,19,0.978873393870382,0.0515196523089675,-1589.67898864101,-1509.60143477099,FALSE,FALSE,FALSE,"17,11,13,1,2,3,4,5,6,7,8,9,10,12,14,15,16,18,19","17","2,8,10,11,12,13,17","11,13,17","11,13,17"
6,20,0.978875256157957,0.0489437628078979,-1587.72306504515,-1503.43090307671,FALSE,FALSE,FALSE,"17,11,13,1,2,3,4,5,6,7,8,9,10,12,14,15,16,18,19,20","17","2,8,10,11,12,13,17","11,13,17","11,13,17"
7,1,0.364879175270814,0.364879175270814,243.324784433721,247.539392532143,FALSE,FALSE,FALSE,"13","5","2","5","5,13,18"
7,2,0.783784224522121,0.391892112261061,-293.444408744219,-285.015192547375,FALSE,FALSE,FALSE,"13,18","5,13","2,5","5,13","5,13,18"
7,3,0.984171145598834,0.328057048532945,-1598.66559233062,-1586.02176803536,TRUE,FALSE,FALSE,"13,18,5","5,13,18","2,5,13","5,13,17","5,13,18"
7,4,0.984380415423591,0.246095103855898,-1603.32006932592,-1586.46163693223,FALSE,FALSE,TRUE,"13,18,5,1","5,13,18","2,5,13,17","5,13,17,18","5,13,18"
7,5,0.98446145957127,0.196892291914254,-1603.92113503303,-1582.84809454092,FALSE,TRUE,FALSE,"13,18,5,1,2","5,13,18","2,5,13,17,18","5,13,17,18","5,13,18"
7,6,0.984504252356456,0.164084042059409,-1603.30002319077,-1578.01237460024,FALSE,FALSE,FALSE,"13,18,5,1,2,3","5,13,18","2,5,13,17,18","5,13,17,18","5,13,18"
7,7,0.984546925876833,0.140649560839548,-1602.67886558231,-1573.17660889336,FALSE,FALSE,FALSE,"13,18,5,1,2,3,4","5,13,18","2,5,13,17,18","5,13,17,18","5,13,18"
7,8,0.98458674220685,0.123073342775856,-1601.96882618438,-1568.251961397,FALSE,FALSE,FALSE,"13,18,5,1,2,3,4,6","5,13,18","2,5,13,17,18","5,13,17,18","5,13,18"
7,9,0.984610668488591,0.109401185387621,-1600.74558836878,-1562.81411548298,FALSE,FALSE,FALSE,"13,18,5,1,2,3,4,6,7","5,13,18","2,5,13,17,18","5,13,17,18","5,13,18"
7,10,0.984635839051463,0.0984635839051463,-1599.5640504841,-1557.41796949988,FALSE,FALSE,FALSE,"13,18,5,1,2,3,4,6,7,8","5,13,18","2,5,13,17,18","5,13,17,18","5,13,18"
7,11,0.984656324767426,0.0895142113424933,-1598.23116746625,-1551.87047838361,FALSE,FALSE,FALSE,"13,18,5,1,2,3,4,6,7,8,9","5,13,18","2,5,13,17,18","5,13,17,18","5,13,18"
7,12,0.984670069554486,0.0820558391295405,-1596.67926568216,-1546.10396850109,FALSE,FALSE,FALSE,"13,18,5,1,2,3,4,6,7,8,9,10","5,13,18","2,5,13,17,18","5,13,17,18","5,13,18"
7,13,0.984680875687164,0.0757446827451665,-1595.03184207356,-1540.24193679407,FALSE,FALSE,FALSE,"13,18,5,1,2,3,4,6,7,8,9,10,11","5,13,18","2,5,13,17,18","5,13,17,18","5,13,18"
7,14,0.98469125814814,0.0703350898677243,-1593.37082949494,-1534.36631611703,FALSE,FALSE,FALSE,"13,18,5,1,2,3,4,6,7,8,9,10,11,12","5,13,18","2,5,13,17,18","5,13,17,18","5,13,18"
7,15,0.984696181805705,0.0656464121203803,-1591.53166732098,-1528.31254584465,FALSE,FALSE,FALSE,"13,18,5,1,2,3,4,6,7,8,9,10,11,12,14","5,13,18","2,5,13,17,18","5,13,17,18","5,13,18"
7,16,0.984698314992421,0.0615436446870263,-1589.6013667703,-1522.16763719554,FALSE,FALSE,FALSE,"13,18,5,1,2,3,4,6,7,8,9,10,11,12,14,15","5,13,18","2,5,13,17,18","5,13,17,18","5,13,18"
7,17,0.984699187513276,0.057923481618428,-1587.62987819672,-1515.98154052354,FALSE,FALSE,FALSE,"13,18,5,1,2,3,4,6,7,8,9,10,11,12,14,15,16","5,13,18","2,5,13,17,18","5,13,17,18","5,13,18"
7,18,0.984700005058943,0.054705555836608,-1585.65659467042,-1509.79364889882,FALSE,FALSE,FALSE,"13,18,5,1,2,3,4,6,7,8,9,10,11,12,14,15,16,17","5,13,18","2,5,13,17,18","5,13,17,18","5,13,18"
7,19,0.98470000867063,0.0518263162458226,-1583.65671269945,-1503.57915882943,FALSE,FALSE,FALSE,"13,18,5,1,2,3,4,6,7,8,9,10,11,12,14,15,16,17,19","5,13,18","2,5,13,17,18","5,13,17,18","5,13,18"
7,20,0.98470000882593,0.0492350004412965,-1581.6567177746,-1497.36455580616,FALSE,FALSE,FALSE,"13,18,5,1,2,3,4,6,7,8,9,10,11,12,14,15,16,17,19,20","5,13,18","2,5,13,17,18","5,13,17,18","5,13,18"
8,1,0.457046135624999,0.457046135624999,288.646811324304,292.861419422726,TRUE,FALSE,FALSE,"20","17","1","1","1,17,20"
8,2,0.713601676702859,0.35680083835143,-29.1735743485639,-20.7443581517195,FALSE,FALSE,FALSE,"20,17","17","1,16","1,17","1,17,20"
8,3,0.987641797976531,0.329213932658844,-1598.70537763288,-1586.06155333762,FALSE,FALSE,FALSE,"20,17,1","17","1,16,17","1,17,18","1,17,20"
8,4,0.987873290636838,0.24696832265921,-1606.16016203247,-1589.30172963878,FALSE,FALSE,TRUE,"20,17,1,2","17","1,16,17,18","1,17,18,20","1,17,20"
8,5,0.987990538455453,0.197598107691091,-1609.0179640982,-1587.94492360609,FALSE,FALSE,FALSE,"20,17,1,2,3","17","1,16,17,18,19","1,17,18,20","1,17,20"
8,6,0.988112767200334,0.164685461200056,-1612.13288957923,-1586.8452409887,FALSE,TRUE,FALSE,"20,17,1,2,3,4","17","1,16,17,18,19,20","1,17,18,20","1,17,20"
8,7,0.988152629687883,0.141164661383983,-1611.81240049593,-1582.31014380697,FALSE,FALSE,FALSE,"20,17,1,2,3,4,5","17","1,16,17,18,19,20","1,17,18,20","1,17,20"
8,8,0.988191001204192,0.123523875150524,-1611.43443935514,-1577.71757456776,FALSE,FALSE,FALSE,"20,17,1,2,3,4,5,6","17","1,16,17,18,19,20","1,17,18,20","1,17,20"
8,9,0.988207311336929,0.10980081237077,-1610.12549737215,-1572.19402448635,FALSE,FALSE,FALSE,"20,17,1,2,3,4,5,6,7","17","1,16,17,18,19,20","1,17,18,20","1,17,20"
8,10,0.988217744433973,0.0988217744433973,-1608.56804763329,-1566.42196664907,FALSE,FALSE,FALSE,"20,17,1,2,3,4,5,6,7,8","17","1,16,17,18,19,20","1,17,18,20","1,17,20"
8,11,0.988224124144557,0.0898385567404143,-1606.83885479649,-1560.47816571385,FALSE,FALSE,FALSE,"20,17,1,2,3,4,5,6,7,8,9","17","1,16,17,18,19,20","1,17,18,20","1,17,20"
8,12,0.988227773491891,0.0823523144576576,-1604.99382895563,-1554.41853177456,FALSE,FALSE,FALSE,"20,17,1,2,3,4,5,6,7,8,9,10","17","1,16,17,18,19,20","1,17,18,20","1,17,20"
8,13,0.988232247153344,0.0760178651656419,-1603.18387421607,-1548.39396893658,FALSE,FALSE,FALSE,"20,17,1,2,3,4,5,6,7,8,9,10,11","17","1,16,17,18,19,20","1,17,18,20","1,17,20"
8,14,0.988234575378873,0.0705881839556338,-1601.28280796775,-1542.27829458984,FALSE,FALSE,FALSE,"20,17,1,2,3,4,5,6,7,8,9,10,11,12","17","1,16,17,18,19,20","1,17,18,20","1,17,20"
8,15,0.988236558043762,0.0658824372029175,-1599.36707317821,-1536.14795170188,FALSE,FALSE,FALSE,"20,17,1,2,3,4,5,6,7,8,9,10,11,12,13","17","1,16,17,18,19,20","1,17,18,20","1,17,20"
8,16,0.988237980335031,0.0617648737709395,-1597.42753070691,-1529.99380113215,FALSE,FALSE,FALSE,"20,17,1,2,3,4,5,6,7,8,9,10,11,12,13,14","17","1,16,17,18,19,20","1,17,18,20","1,17,20"
8,17,0.98823944803348,0.0581317322372635,-1595.48992602973,-1523.84158835655,FALSE,FALSE,FALSE,"20,17,1,2,3,4,5,6,7,8,9,10,11,12,13,14,15","17","1,16,17,18,19,20","1,17,18,20","1,17,20"
8,18,0.988240007500593,0.0549022226389219,-1593.51371234617,-1517.65076657457,FALSE,FALSE,FALSE,"20,17,1,2,3,4,5,6,7,8,9,10,11,12,13,14,15,16","17","1,16,17,18,19,20","1,17,18,20","1,17,20"
8,19,0.98824053828298,0.0520126599096305,-1591.53628014821,-1511.45872627819,FALSE,FALSE,FALSE,"20,17,1,2,3,4,5,6,7,8,9,10,11,12,13,14,15,16,18","17","1,16,17,18,19,20","1,17,18,20","1,17,20"
8,20,0.988241032169782,0.0494120516084891,-1589.55728013893,-1505.26511817048,FALSE,FALSE,FALSE,"20,17,1,2,3,4,5,6,7,8,9,10,11,12,13,14,15,16,18,19","17","1,16,17,18,19,20","1,17,18,20","1,17,20"
9,1,0.515373120800768,0.515373120800768,311.153876400177,315.368484498599,TRUE,FALSE,FALSE,"13","13","2","4","4,11,13"
9,2,0.67487895732296,0.33743947866148,113.56301558942,121.992231786264,FALSE,FALSE,FALSE,"13,4","13","2,4","4,11","4,11,13"
9,3,0.990023668875523,0.330007889625174,-1626.42806044167,-1613.78423614641,FALSE,FALSE,TRUE,"13,4,11","13","2,4,11","4,11,13","4,11,13"
9,4,0.990076786932343,0.247519196733086,-1627.09737700829,-1610.2389446146,FALSE,TRUE,FALSE,"13,4,11,1","13","2,4,11,13","4,11,13","4,11,13"
9,5,0.990110238499852,0.19802204769997,-1626.78574536405,-1605.71270487194,FALSE,FALSE,FALSE,"13,4,11,1,2","13","2,4,11,13","4,11,13","4,11,13"
9,6,0.990155349606424,0.165025891601071,-1627.07166021114,-1601.78401162061,FALSE,FALSE,FALSE,"13,4,11,1,2,3","13","2,4,11,13","4,11,13","4,11,13"
9,7,0.990182343224061,0.14145462046058,-1626.44452222388,-1596.94226553492,FALSE,FALSE,FALSE,"13,4,11,1,2,3,5","13","2,4,11,13","4,11,13","4,11,13"
9,8,0.99021337364784,0.12377667170598,-1626.02736253948,-1592.3104977521,FALSE,FALSE,FALSE,"13,4,11,1,2,3,5,6","13","2,4,11,13","4,11,13","4,11,13"
9,9,0.9902345799828,0.110026064442533,-1625.11197245066,-1587.18049956487,FALSE,FALSE,FALSE,"13,4,11,1,2,3,5,6,7","13","2,4,11,13","4,11,13","4,11,13"
9,10,0.990252333165777,0.0990252333165777,-1624.02178174992,-1581.8757007657,FALSE,FALSE,FALSE,"13,4,11,1,2,3,5,6,7,8","13","2,4,11,13","4,11,13","4,11,13"
9,11,0.990273481715542,0.0900248619741402,-1623.10776085251,-1576.74707176987,FALSE,FALSE,FALSE,"13,4,11,1,2,3,5,6,7,8,9","13","2,4,11,13","4,11,13","4,11,13"
9,12,0.990284257098292,0.0825236880915244,-1621.6619856801,-1571.08668849904,FALSE,FALSE,FALSE,"13,4,11,1,2,3,5,6,7,8,9,10","13","2,4,11,13","4,11,13","4,11,13"
9,13,0.990292987669221,0.0761763836668631,-1620.11148789603,-1565.32158261654,FALSE,FALSE,FALSE,"13,4,11,1,2,3,5,6,7,8,9,10,12","13","2,4,11,13","4,11,13","4,11,13"
9,14,0.990298055371407,0.070735575383672,-1618.372589114,-1559.36807573609,FALSE,FALSE,FALSE,"13,4,11,1,2,3,5,6,7,8,9,10,12,14","13","2,4,11,13","4,11,13","4,11,13"
9,15,0.990303194034663,0.0660202129356442,-1616.63748572944,-1553.41836425311,FALSE,FALSE,FALSE,"13,4,11,1,2,3,5,6,7,8,9,10,12,14,15","13","2,4,11,13","4,11,13","4,11,13"
9,16,0.990308291748767,0.0618942682342979,-1614.90041016831,-1547.46668059355,FALSE,FALSE,FALSE,"13,4,11,1,2,3,5,6,7,8,9,10,12,14,15,16","13","2,4,11,13","4,11,13","4,11,13"
9,17,0.990312148901123,0.0582536558177131,-1613.09944216579,-1541.45110449261,FALSE,FALSE,FALSE,"13,4,11,1,2,3,5,6,7,8,9,10,12,14,15,16,17","13","2,4,11,13","4,11,13","4,11,13"
9,18,0.9903140932691,0.0550174496260611,-1611.19980307669,-1535.33685730509,FALSE,FALSE,FALSE,"13,4,11,1,2,3,5,6,7,8,9,10,12,14,15,16,17,18","13","2,4,11,13","4,11,13","4,11,13"
9,19,0.99031503229393,0.0521218438049437,-1609.24827919654,-1529.17072532652,FALSE,FALSE,FALSE,"13,4,11,1,2,3,5,6,7,8,9,10,12,14,15,16,17,18,19","13","2,4,11,13","4,11,13","4,11,13"
9,20,0.99031520919724,0.049515760459862,-1607.25741216066,-1522.96525019222,FALSE,FALSE,FALSE,"13,4,11,1,2,3,5,6,7,8,9,10,12,14,15,16,17,18,19,20","13","2,4,11,13","4,11,13","4,11,13"
10,1,0.795193730734486,0.795193730734486,-290.227089170236,-286.012481071814,TRUE,FALSE,FALSE,"2","2","2","2","2,3,9"
10,2,0.896061699081549,0.448030849540774,-627.360609996017,-618.931393799173,FALSE,FALSE,FALSE,"2,3","2","2,3","2,3","2,3,9"
10,3,0.985855886195683,0.328618628731894,-1622.61006535133,-1609.96624105607,FALSE,FALSE,TRUE,"2,3,9","2","2,3,6","2,3,9","2,3,9"
10,4,0.98599068283912,0.24649767070978,-1625.39803146661,-1608.53959907292,FALSE,FALSE,FALSE,"2,3,9,1","2","2,3,6,9","2,3,9","2,3,9"
10,5,0.986046741269202,0.19720934825384,-1625.40280046216,-1604.32975997005,FALSE,FALSE,FALSE,"2,3,9,1,4","2","2,3,6,9,16","2,3,9","2,3,9"
10,6,0.98610443237444,0.164350738729073,-1625.47438462967,-1600.18673603914,FALSE,TRUE,FALSE,"2,3,9,1,4,5","2","2,3,6,9,16,20","2,3,9","2,3,9"
10,7,0.986145503382483,0.14087792905464,-1624.95441860985,-1595.45216192089,FALSE,FALSE,FALSE,"2,3,9,1,4,5,6","2","2,3,6,9,16,20","2,3,9","2,3,9"
10,8,0.986192626698963,0.12327407833737,-1624.65796801572,-1590.94110322835,FALSE,FALSE,FALSE,"2,3,9,1,4,5,6,7","2","2,3,6,9,16,20","2,3,9","2,3,9"
10,9,0.986217579707581,0.10957973107862,-1623.56239723291,-1585.63092434711,FALSE,FALSE,FALSE,"2,3,9,1,4,5,6,7,8","2","2,3,6,9,16,20","2,3,9","2,3,9"
10,10,0.98624177674089,0.098624177674089,-1622.44099106424,-1580.29491008002,FALSE,FALSE,FALSE,"2,3,9,1,4,5,6,7,8,10","2","2,3,6,9,16,20","2,3,9","2,3,9"
10,11,0.986263643799457,0.0896603312544961,-1621.23631376448,-1574.87562468184,FALSE,FALSE,FALSE,"2,3,9,1,4,5,6,7,8,10,11","2","2,3,6,9,16,20","2,3,9","2,3,9"
10,12,0.986273277494222,0.0821894397911852,-1619.58710091633,-1569.01180373526,FALSE,FALSE,FALSE,"2,3,9,1,4,5,6,7,8,10,11,12","2","2,3,6,9,16,20","2,3,9","2,3,9"
10,13,0.986282078872327,0.0758678522209483,-1617.90779658737,-1563.11789130788,FALSE,FALSE,FALSE,"2,3,9,1,4,5,6,7,8,10,11,12,13","2","2,3,6,9,16,20","2,3,9","2,3,9"
10,14,0.986289868407174,0.0704492763147982,-1616.19179542374,-1557.18728204583,FALSE,FALSE,FALSE,"2,3,9,1,4,5,6,7,8,10,11,12,13,14","2","2,3,6,9,16,20","2,3,9","2,3,9"
10,15,0.986291125253919,0.0657527416835946,-1614.23763394647,-1551.01851247014,FALSE,FALSE,FALSE,"2,3,9,1,4,5,6,7,8,10,11,12,13,14,15","2","2,3,6,9,16,20","2,3,9","2,3,9"
10,16,0.986292151130127,0.0616432594456329,-1612.27505184595,-1544.84132227119,FALSE,FALSE,FALSE,"2,3,9,1,4,5,6,7,8,10,11,12,13,14,15,16","2","2,3,6,9,16,20","2,3,9","2,3,9"
10,17,0.986293054806707,0.0580172385180416,-1610.3080149453,-1538.65967727213,FALSE,FALSE,FALSE,"2,3,9,1,4,5,6,7,8,10,11,12,13,14,15,16,17","2","2,3,6,9,16,20","2,3,9","2,3,9"
10,18,0.986293297850853,0.0547940721028252,-1608.31688075375,-1532.45393498215,FALSE,FALSE,FALSE,"2,3,9,1,4,5,6,7,8,10,11,12,13,14,15,16,17,18","2","2,3,6,9,16,20","2,3,9","2,3,9"
10,19,0.986293305941088,0.0519101739968994,-1606.31717587352,-1526.2396220035,FALSE,FALSE,FALSE,"2,3,9,1,4,5,6,7,8,10,11,12,13,14,15,16,17,18,19","2","2,3,6,9,16,20","2,3,9","2,3,9"
10,20,0.986293312593422,0.0493146656296711,-1604.31741854091,-1520.02525657247,FALSE,FALSE,FALSE,"2,3,9,1,4,5,6,7,8,10,11,12,13,14,15,16,17,18,19,20","2","2,3,6,9,16,20","2,3,9","2,3,9"
11,1,0.397576561398561,0.397576561398561,-72.8291883959146,-68.6145802974924,FALSE,FALSE,FALSE,"11","3","3","3","3,11,12"
11,2,0.862269173200055,0.431134586600027,-808.658855630625,-800.22963943378,FALSE,FALSE,FALSE,"11,12","3,11","3,11","3,11","3,11,12"
11,3,0.974602681336032,0.324867560445344,-1651.98767859002,-1639.34385429475,TRUE,TRUE,TRUE,"11,12,3","3,11,12","3,11,12","3,11,12","3,11,12"
11,4,0.97469880471314,0.243674701178285,-1651.88366103206,-1635.02522863837,FALSE,FALSE,FALSE,"11,12,3,1","3,11,12","3,11,12","3,11,12","3,11,12"
11,5,0.974778541939954,0.194955708387991,-1651.46190935706,-1630.38886886494,FALSE,FALSE,FALSE,"11,12,3,1,2","3,11,12","3,11,12","3,11,12","3,11,12"
11,6,0.97483755100147,0.162472925166912,-1650.63309857086,-1625.34544998033,FALSE,FALSE,FALSE,"11,12,3,1,2,4","3,11,12","3,11,12","3,11,12","3,11,12"
11,7,0.974912933099324,0.139273276157046,-1650.13325539931,-1620.63099871035,FALSE,FALSE,FALSE,"11,12,3,1,2,4,5","3,11,12","3,11,12","3,11,12","3,11,12"
11,8,0.974971154235948,0.121871394279494,-1649.29498547107,-1615.57812068369,FALSE,FALSE,FALSE,"11,12,3,1,2,4,5,6","3,11,12","3,11,12","3,11,12","3,11,12"
11,9,0.975003520531897,0.108333724503544,-1647.94198377273,-1610.01051088693,FALSE,FALSE,FALSE,"11,12,3,1,2,4,5,6,7","3,11,12","3,11,12","3,11,12","3,11,12"
11,10,0.975032838453842,0.0975032838453842,-1646.52876897722,-1604.382687993,FALSE,FALSE,FALSE,"11,12,3,1,2,4,5,6,7,8","3,11,12","3,11,12","3,11,12","3,11,12"
11,11,0.975053412105753,0.0886412192823412,-1644.94095306089,-1598.58026397825,FALSE,FALSE,FALSE,"11,12,3,1,2,4,5,6,7,8,9","3,11,12","3,11,12","3,11,12","3,11,12"
11,12,0.97507693890802,0.0812564115756683,-1643.41271904463,-1592.83742186356,FALSE,FALSE,FALSE,"11,12,3,1,2,4,5,6,7,8,9,10","3,11,12","3,11,12","3,11,12","3,11,12"
11,13,0.975091608701233,0.0750070468231717,-1641.70710728605,-1586.91720200656,FALSE,FALSE,FALSE,"11,12,3,1,2,4,5,6,7,8,9,10,13","3,11,12","3,11,12","3,11,12","3,11,12"
11,14,0.975104544931509,0.0696503246379649,-1639.96685089042,-1580.96233751251,FALSE,FALSE,FALSE,"11,12,3,1,2,4,5,6,7,8,9,10,13,14","3,11,12","3,11,12","3,11,12","3,11,12"
11,15,0.975116710492581,0.0650077806995054,-1638.21124358087,-1574.99212210454,FALSE,FALSE,FALSE,"11,12,3,1,2,4,5,6,7,8,9,10,13,14,15","3,11,12","3,11,12","3,11,12","3,11,12"
11,16,0.975121928548884,0.0609451205343053,-1636.31610518879,-1568.88237561404,FALSE,FALSE,FALSE,"11,12,3,1,2,4,5,6,7,8,9,10,13,14,15,16","3,11,12","3,11,12","3,11,12","3,11,12"
11,17,0.975125357996092,0.0573603151762407,-1634.38503504156,-1562.73669736838,FALSE,FALSE,FALSE,"11,12,3,1,2,4,5,6,7,8,9,10,13,14,15,16,17","3,11,12","3,11,12","3,11,12","3,11,12"
11,18,0.975128628290212,0.0541738126827896,-1632.45077486432,-1556.58782909273,FALSE,FALSE,FALSE,"11,12,3,1,2,4,5,6,7,8,9,10,13,14,15,16,17,18","3,11,12","3,11,12","3,11,12","3,11,12"
11,19,0.9751297947842,0.0513226207781158,-1630.47422595013,-1550.39667208011,FALSE,FALSE,FALSE,"11,12,3,1,2,4,5,6,7,8,9,10,13,14,15,16,17,18,19","3,11,12","3,11,12","3,11,12","3,11,12"
11,20,0.975130038466306,0.0487565019233153,-1628.47912505123,-1544.18696308278,FALSE,FALSE,FALSE,"11,12,3,1,2,4,5,6,7,8,9,10,13,14,15,16,17,18,19,20","3,11,12","3,11,12","3,11,12","3,11,12"
12,1,0.553580735738224,0.553580735738224,7.297807144993,11.5124152434152,TRUE,FALSE,FALSE,"18","18","2","2","2,9,18"
12,2,0.791076428844437,0.395538214422218,-370.347226860296,-361.918010663452,FALSE,FALSE,FALSE,"18,9","18","2,9","2,9","2,9,18"
12,3,0.982159712369767,0.327386570789922,-1598.60185038072,-1585.95802608546,FALSE,TRUE,TRUE,"18,9,2","18","2,9,18","2,9,18","2,9,18"
12,4,0.982224426110808,0.245556106527702,-1598.41884453716,-1581.56041214348,FALSE,FALSE,FALSE,"18,9,2,1","18","2,9,18","2,9,18","2,9,18"
12,5,0.982289343445372,0.196457868689074,-1598.24821345489,-1577.17517296278,FALSE,FALSE,FALSE,"18,9,2,1,3","18","2,9,18","2,9,18","2,9,18"
12,6,0.98233000888474,0.163721668147457,-1597.39758351885,-1572.10993492832,FALSE,FALSE,FALSE,"18,9,2,1,3,4","18","2,9,18","2,9,18","2,9,18"
12,7,0.982357810090958,0.140336830012994,-1596.18488158868,-1566.68262489973,FALSE,FALSE,FALSE,"18,9,2,1,3,4,5","18","2,9,18","2,9,18","2,9,18"
12,8,0.982389537822376,0.122798692227797,-1595.08489160514,-1561.36802681776,FALSE,FALSE,FALSE,"18,9,2,1,3,4,5,6","18","2,9,18","2,9,18","2,9,18"
12,9,0.982406056536359,0.10915622850404,-1593.55411455877,-1555.62264167298,FALSE,FALSE,FALSE,"18,9,2,1,3,4,5,6,7","18","2,9,18","2,9,18","2,9,18"
12,10,0.982416351717952,0.0982416351717952,-1591.84677762568,-1549.70069664146,FALSE,FALSE,FALSE,"18,9,2,1,3,4,5,6,7,8","18","2,9,18","2,9,18","2,9,18"
12,11,0.982424174151034,0.089311288559185,-1590.06926198886,-1543.70857290621,FALSE,FALSE,FALSE,"18,9,2,1,3,4,5,6,7,8,10","18","2,9,18","2,9,18","2,9,18"
12,12,0.982433253123792,0.081869437760316,-1588.32760883871,-1537.75231165764,FALSE,FALSE,FALSE,"18,9,2,1,3,4,5,6,7,8,10,11","18","2,9,18","2,9,18","2,9,18"
12,13,0.982440264704283,0.0755723280541756,-1586.52721836834,-1531.73731308885,FALSE,FALSE,FALSE,"18,9,2,1,3,4,5,6,7,8,10,11,12","18","2,9,18","2,9,18","2,9,18"
12,14,0.982447365015062,0.0701748117867902,-1584.72943516031,-1525.7249217824,FALSE,FALSE,FALSE,"18,9,2,1,3,4,5,6,7,8,10,11,12,13","18","2,9,18","2,9,18","2,9,18"
12,15,0.982452473776839,0.0654968315851226,-1582.87498326144,-1519.6558617851,FALSE,FALSE,FALSE,"18,9,2,1,3,4,5,6,7,8,10,11,12,13,14","18","2,9,18","2,9,18","2,9,18"
12,16,0.982455853073836,0.0614034908171147,-1580.97128237468,-1513.53755279992,FALSE,FALSE,FALSE,"18,9,2,1,3,4,5,6,7,8,10,11,12,13,14,15","18","2,9,18","2,9,18","2,9,18"
12,17,0.982459262771428,0.0577917213394958,-1579.06846660902,-1507.42012893584,FALSE,FALSE,FALSE,"18,9,2,1,3,4,5,6,7,8,10,11,12,13,14,15,16","18","2,9,18","2,9,18","2,9,18"
12,18,0.982459773361318,0.0545810985200732,-1577.08302122308,-1501.22007545148,FALSE,FALSE,FALSE,"18,9,2,1,3,4,5,6,7,8,10,11,12,13,14,15,16,17","18","2,9,18","2,9,18","2,9,18"
12,19,0.982459786791982,0.0517084098311569,-1575.08340407643,-1495.0058502064,FALSE,FALSE,FALSE,"18,9,2,1,3,4,5,6,7,8,10,11,12,13,14,15,16,17,19","18","2,9,18","2,9,18","2,9,18"
12,20,0.982459789396309,0.0491229894698154,-1573.08347831517,-1488.79131634673,FALSE,FALSE,FALSE,"18,9,2,1,3,4,5,6,7,8,10,11,12,13,14,15,16,17,19,20","18","2,9,18","2,9,18","2,9,18"
13,1,0.610878419774302,0.610878419774302,-19.1750446896191,-14.9604365911969,TRUE,FALSE,FALSE,"15","15","2","6","6,9,15"
13,2,0.835041815651629,0.417520907825814,-446.27495807115,-437.845741874305,FALSE,FALSE,FALSE,"15,9","15","2,6","6,9","6,9,15"
13,3,0.982706549330846,0.327568849776949,-1571.95703697184,-1559.31321267658,FALSE,FALSE,FALSE,"15,9,6","15","2,6,9","6,9,15","6,9,15"
13,4,0.982978962171076,0.245744740542769,-1577.89591571204,-1561.03748331835,FALSE,FALSE,TRUE,"15,9,6,1","15","2,6,9,14","6,9,15,16","6,9,15"
13,5,0.983088195193251,0.19661763903865,-1579.11502118639,-1558.04198069428,FALSE,FALSE,FALSE,"15,9,6,1,2","15","2,6,9,14,15","6,9,15,16","6,9,15"
13,6,0.983179031610865,0.163863171935144,-1579.80785158751,-1554.52020299697,FALSE,FALSE,FALSE,"15,9,6,1,2,3","15","2,6,9,14,15,16","6,9,15,16","6,9,15"
13,7,0.983256796067764,0.140465256581109,-1580.12474459177,-1550.62248790281,FALSE,TRUE,FALSE,"15,9,6,1,2,3,4","15","2,6,9,14,15,16,20","6,9,15,16","6,9,15"
13,8,0.983322168294313,0.122915271036789,-1580.080767458,-1546.36390267063,FALSE,FALSE,FALSE,"15,9,6,1,2,3,4,5","15","2,6,9,14,15,16,20","6,9,15,16","6,9,15"
13,9,0.983377661663691,0.109264184629299,-1579.74722803996,-1541.81575515416,FALSE,FALSE,FALSE,"15,9,6,1,2,3,4,5,7","15","2,6,9,14,15,16,20","6,9,15,16","6,9,15"
13,10,0.983421788784361,0.0983421788784361,-1579.07633696284,-1536.93025597862,FALSE,FALSE,FALSE,"15,9,6,1,2,3,4,5,7,8","15","2,6,9,14,15,16,20","6,9,15,16","6,9,15"
13,11,0.98345954328732,0.08940541302612,-1578.21631395092,-1531.85562486827,FALSE,FALSE,FALSE,"15,9,6,1,2,3,4,5,7,8,10","15","2,6,9,14,15,16,20","6,9,15,16","6,9,15"
13,12,0.983496230231553,0.0819580191859627,-1577.3265520534,-1526.75125487234,FALSE,FALSE,FALSE,"15,9,6,1,2,3,4,5,7,8,10,11","15","2,6,9,14,15,16,20","6,9,15,16","6,9,15"
13,13,0.983522305585109,0.0756555619680853,-1576.11715852389,-1521.3272532444,FALSE,FALSE,FALSE,"15,9,6,1,2,3,4,5,7,8,10,11,12","15","2,6,9,14,15,16,20","6,9,15,16","6,9,15"
13,14,0.983539173834444,0.0702527981310317,-1574.62927171271,-1515.6247583348,FALSE,FALSE,FALSE,"15,9,6,1,2,3,4,5,7,8,10,11,12,13","15","2,6,9,14,15,16,20","6,9,15,16","6,9,15"
13,15,0.98355093126891,0.065570062084594,-1572.9865331079,-1509.76741163157,FALSE,FALSE,FALSE,"15,9,6,1,2,3,4,5,7,8,10,11,12,13,14","15","2,6,9,14,15,16,20","6,9,15,16","6,9,15"
13,16,0.98356118572261,0.0614725741076631,-1571.29833347612,-1503.86460390136,FALSE,FALSE,FALSE,"15,9,6,1,2,3,4,5,7,8,10,11,12,13,14,16","15","2,6,9,14,15,16,20","6,9,15,16","6,9,15"
13,17,0.983572820183008,0.0578572247166475,-1569.65233040227,-1498.00399272909,FALSE,FALSE,FALSE,"15,9,6,1,2,3,4,5,7,8,10,11,12,13,14,16,17","15","2,6,9,14,15,16,20","6,9,15,16","6,9,15"
13,18,0.983582386689092,0.0546434659271718,-1567.94359441835,-1492.08064864675,FALSE,FALSE,FALSE,"15,9,6,1,2,3,4,5,7,8,10,11,12,13,14,16,17,18","15","2,6,9,14,15,16,20","6,9,15,16","6,9,15"
13,19,0.983584218958117,0.0517675904714799,-1565.99939946269,-1485.92184559267,FALSE,FALSE,FALSE,"15,9,6,1,2,3,4,5,7,8,10,11,12,13,14,16,17,18,19","15","2,6,9,14,15,16,20","6,9,15,16","6,9,15"
13,20,0.983585768978966,0.0491792884489483,-1564.04661299544,-1479.75445102699,FALSE,FALSE,FALSE,"15,9,6,1,2,3,4,5,7,8,10,11,12,13,14,16,17,18,19,20","15","2,6,9,14,15,16,20","6,9,15,16","6,9,15"
14,1,0.748024778483697,0.748024778483697,-116.414964084922,-112.2003559865,TRUE,FALSE,FALSE,"15","15","4","15","15,17,18"
14,2,0.892141171248425,0.446070585624213,-538.668726324854,-530.23951012801,FALSE,FALSE,FALSE,"15,18","15","4,7","15,17","15,17,18"
14,3,0.986528292166802,0.328842764055601,-1576.78445661573,-1564.14063232047,FALSE,FALSE,TRUE,"15,18,17","15","4,7,9","15,17,18","15,17,18"
14,4,0.98668749372357,0.246671873430892,-1580.72838429605,-1563.86995190236,FALSE,FALSE,FALSE,"15,18,17,1","15","4,7,9,14","15,17,18","15,17,18"
14,5,0.986772323347064,0.197354464669413,-1581.92466642415,-1560.85162593204,FALSE,FALSE,FALSE,"15,18,17,1,2","15","4,7,9,14,15","15,17,18","15,17,18"
14,6,0.986840903618881,0.16447348393648,-1582.52371201979,-1557.23606342925,FALSE,FALSE,FALSE,"15,18,17,1,2,3","15","4,7,9,14,15,17","15,17,18","15,17,18"
14,7,0.986911583426766,0.140987369060967,-1583.21653776857,-1553.71428107962,FALSE,FALSE,FALSE,"15,18,17,1,2,3,4","15","4,7,9,14,15,17,18","15,17,18","15,17,18"
14,8,0.986964280748145,0.123370535093518,-1583.23372957958,-1549.5168647922,FALSE,TRUE,FALSE,"15,18,17,1,2,3,4,5","15","4,7,9,14,15,17,18,19","15,17,18","15,17,18"
14,9,0.987003618414157,0.109667068712684,-1582.74485218159,-1544.81337929579,FALSE,FALSE,FALSE,"15,18,17,1,2,3,4,5,6","15","4,7,9,14,15,17,18,19","15,17,18","15,17,18"
14,10,0.987042163126254,0.0987042163126254,-1582.22995721352,-1540.0838762293,FALSE,FALSE,FALSE,"15,18,17,1,2,3,4,5,6,7","15","4,7,9,14,15,17,18,19","15,17,18","15,17,18"
14,11,0.987063996848015,0.0897330906225468,-1581.07315879791,-1534.71246971527,FALSE,FALSE,FALSE,"15,18,17,1,2,3,4,5,6,7,8","15","4,7,9,14,15,17,18,19","15,17,18","15,17,18"
14,12,0.98708152698201,0.0822567939151675,-1579.75118981144,-1529.17589263038,FALSE,FALSE,FALSE,"15,18,17,1,2,3,4,5,6,7,8,9","15","4,7,9,14,15,17,18,19","15,17,18","15,17,18"
14,13,0.987096155624756,0.0759304735095966,-1578.31770148767,-1523.52779620818,FALSE,FALSE,FALSE,"15,18,17,1,2,3,4,5,6,7,8,9,10","15","4,7,9,14,15,17,18,19","15,17,18","15,17,18"
14,14,0.987111675709442,0.0705079768363887,-1576.91943788141,-1517.9149245035,FALSE,FALSE,FALSE,"15,18,17,1,2,3,4,5,6,7,8,9,10,11","15","4,7,9,14,15,17,18,19","15,17,18","15,17,18"
14,15,0.987123220846539,0.0658082147231026,-1575.36752992553,-1512.1484084492,FALSE,FALSE,FALSE,"15,18,17,1,2,3,4,5,6,7,8,9,10,11,12","15","4,7,9,14,15,17,18,19","15,17,18","15,17,18"
14,16,0.987124623858422,0.0616952889911514,-1573.42201126385,-1505.9882816891,FALSE,FALSE,FALSE,"15,18,17,1,2,3,4,5,6,7,8,9,10,11,12,13","15","4,7,9,14,15,17,18,19","15,17,18","15,17,18"
14,17,0.987125444419239,0.0580662026128964,-1571.45387778784,-1499.80554011466,FALSE,FALSE,FALSE,"15,18,17,1,2,3,4,5,6,7,8,9,10,11,12,13,14","15","4,7,9,14,15,17,18,19","15,17,18","15,17,18"
14,18,0.987126054019631,0.0548403363344239,-1569.47755296716,-1493.61460719556,FALSE,FALSE,FALSE,"15,18,17,1,2,3,4,5,6,7,8,9,10,11,12,13,14,16","15","4,7,9,14,15,17,18,19","15,17,18","15,17,18"
14,19,0.987126366527951,0.0519540192909448,-1567.48969035356,-1487.41213648354,FALSE,FALSE,FALSE,"15,18,17,1,2,3,4,5,6,7,8,9,10,11,12,13,14,16,19","15","4,7,9,14,15,17,18,19","15,17,18","15,17,18"
14,20,0.987126391139835,0.0493563195569918,-1565.49064625724,-1481.19848428879,FALSE,FALSE,FALSE,"15,18,17,1,2,3,4,5,6,7,8,9,10,11,12,13,14,16,19,20","15","4,7,9,14,15,17,18,19","15,17,18","15,17,18"
15,1,0.317265091746822,0.317265091746822,-202.854675353105,-198.640067254683,FALSE,FALSE,FALSE,"3","3","3","3","3,5,13"
15,2,0.72178504259802,0.36089252129901,-649.710981747246,-641.281765550401,FALSE,FALSE,FALSE,"3,5","3,5","3,5","3,5","3,5,13"
15,3,0.951378205779546,0.317126068593182,-1519.87206766298,-1507.22824336772,TRUE,FALSE,TRUE,"3,5,13","3,5,13","3,5,9","3,5,13","3,5,13"
15,4,0.951705418990425,0.237926354747606,-1521.24832325874,-1504.38989086505,FALSE,FALSE,FALSE,"3,5,13,1","3,5,13","3,5,9,13","3,5,13","3,5,13"
15,5,0.952032524366754,0.190406504873351,-1522.64640809883,-1501.57336760672,FALSE,TRUE,FALSE,"3,5,13,1,2","3,5,13","3,5,9,13,14","3,5,13","3,5,13"
15,6,0.952199188997958,0.158699864832993,-1522.3867002698,-1497.09905167926,FALSE,FALSE,FALSE,"3,5,13,1,2,4","3,5,13","3,5,9,13,14","3,5,13","3,5,13"
15,7,0.952283076670383,0.13604043952434,-1521.26494235312,-1491.76268566416,FALSE,FALSE,FALSE,"3,5,13,1,2,4,6","3,5,13","3,5,9,13,14","3,5,13","3,5,13"
15,8,0.952403317983984,0.119050414747998,-1520.52647660052,-1486.80961181315,FALSE,FALSE,FALSE,"3,5,13,1,2,4,6,7","3,5,13","3,5,9,13,14","3,5,13","3,5,13"
15,9,0.952485599092039,0.105831733232449,-1519.39158218078,-1481.46010929498,FALSE,FALSE,FALSE,"3,5,13,1,2,4,6,7,8","3,5,13","3,5,9,13,14","3,5,13","3,5,13"
15,10,0.952580020306978,0.0952580020306978,-1518.3861770312,-1476.24009604698,FALSE,FALSE,FALSE,"3,5,13,1,2,4,6,7,8,9","3,5,13","3,5,9,13,14","3,5,13","3,5,13"
15,11,0.952653507167688,0.0866048642879717,-1517.16162929276,-1470.80094021012,FALSE,FALSE,FALSE,"3,5,13,1,2,4,6,7,8,9,10","3,5,13","3,5,9,13,14","3,5,13","3,5,13"
15,12,0.952730634767169,0.0793942195639308,-1515.97679514489,-1465.40149796382,FALSE,FALSE,FALSE,"3,5,13,1,2,4,6,7,8,9,10,11","3,5,13","3,5,9,13,14","3,5,13","3,5,13"
15,13,0.95280766540076,0.07329289733852,-1514.79226480935,-1460.00235952986,FALSE,FALSE,FALSE,"3,5,13,1,2,4,6,7,8,9,10,11,12","3,5,13","3,5,9,13,14","3,5,13","3,5,13"
15,14,0.952845541429468,0.0680603958163906,-1513.19372022156,-1454.18920684365,FALSE,FALSE,FALSE,"3,5,13,1,2,4,6,7,8,9,10,11,12,14","3,5,13","3,5,9,13,14","3,5,13","3,5,13"
15,15,0.952888053544215,0.063525870236281,-1511.64469867584,-1448.4255771995,FALSE,FALSE,FALSE,"3,5,13,1,2,4,6,7,8,9,10,11,12,14,15","3,5,13","3,5,9,13,14","3,5,13","3,5,13"
15,16,0.952915603181895,0.0595572251988685,-1509.93716903623,-1442.50343946148,FALSE,FALSE,FALSE,"3,5,13,1,2,4,6,7,8,9,10,11,12,14,15,16","3,5,13","3,5,9,13,14","3,5,13","3,5,13"
15,17,0.952921131603858,0.0560541842119917,-1507.99588006284,-1436.34754238966,FALSE,FALSE,FALSE,"3,5,13,1,2,4,6,7,8,9,10,11,12,14,15,16,17","3,5,13","3,5,9,13,14","3,5,13","3,5,13"
15,18,0.952923723656432,0.0529402068698017,-1506.02340965329,-1430.16046388169,FALSE,FALSE,FALSE,"3,5,13,1,2,4,6,7,8,9,10,11,12,14,15,16,17,18","3,5,13","3,5,9,13,14","3,5,13","3,5,13"
15,19,0.952925560279396,0.0501539768568103,-1504.04291691826,-1423.96536304824,FALSE,FALSE,FALSE,"3,5,13,1,2,4,6,7,8,9,10,11,12,14,15,16,17,18,19","3,5,13","3,5,9,13,14","3,5,13","3,5,13"
15,20,0.952926212368064,0.0476463106184032,-1502.04984310992,-1417.75768114148,FALSE,FALSE,FALSE,"3,5,13,1,2,4,6,7,8,9,10,11,12,14,15,16,17,18,19,20","3,5,13","3,5,9,13,14","3,5,13","3,5,13"
16,1,0.80168767246307,0.80168767246307,-472.754706145429,-468.540098047007,TRUE,FALSE,FALSE,"7","7","2","4","4,7,18"
16,2,0.884309076848897,0.442154538424449,-740.215216224067,-731.786000027223,FALSE,FALSE,FALSE,"7,4","7","2,4","4,7","4,7,18"
16,3,0.978869820569036,0.326289940189679,-1588.32514431269,-1575.68132001743,FALSE,FALSE,TRUE,"7,4,18","7","2,4,7","4,7,18","4,7,18"
16,4,0.97901303608577,0.244753259021442,-1589.72556650072,-1572.86713410703,FALSE,FALSE,FALSE,"7,4,18,1","7","2,4,7,18","4,7,18","4,7,18"
16,5,0.979118743923291,0.195823748784658,-1590.25034692262,-1569.17730643051,FALSE,TRUE,FALSE,"7,4,18,1,2","7","2,4,7,18,19","4,7,18","4,7,18"
16,6,0.979187938409998,0.163197989735,-1589.90995460334,-1564.62230601281,FALSE,FALSE,FALSE,"7,4,18,1,2,3","7","2,4,7,18,19","4,7,18","4,7,18"
16,7,0.979229029543484,0.139889861363355,-1588.89812561538,-1559.39586892642,FALSE,FALSE,FALSE,"7,4,18,1,2,3,5","7","2,4,7,18,19","4,7,18","4,7,18"
16,8,0.979281905779219,0.122410238222402,-1588.17258829066,-1554.45572350328,FALSE,FALSE,FALSE,"7,4,18,1,2,3,5,6","7","2,4,7,18,19","4,7,18","4,7,18"
16,9,0.979323215715451,0.10881369063505,-1587.17053662237,-1549.23906373657,FALSE,FALSE,FALSE,"7,4,18,1,2,3,5,6,8","7","2,4,7,18,19","4,7,18","4,7,18"
16,10,0.979348030458977,0.0979348030458977,-1585.77095991633,-1543.62487893211,FALSE,FALSE,FALSE,"7,4,18,1,2,3,5,6,8,9","7","2,4,7,18,19","4,7,18","4,7,18"
16,11,0.979361850817083,0.0890328955288257,-1584.10567337925,-1537.74498429661,FALSE,FALSE,FALSE,"7,4,18,1,2,3,5,6,8,9,10","7","2,4,7,18,19","4,7,18","4,7,18"
16,12,0.979372371564395,0.0816143642970329,-1582.36062428887,-1531.7853271078,FALSE,FALSE,FALSE,"7,4,18,1,2,3,5,6,8,9,10,11","7","2,4,7,18,19","4,7,18","4,7,18"
16,13,0.979384279039966,0.0753372522338435,-1580.64933691954,-1525.85943164005,FALSE,FALSE,FALSE,"7,4,18,1,2,3,5,6,8,9,10,11,12","7","2,4,7,18,19","4,7,18","4,7,18"
16,14,0.97938882056147,0.0699563443258193,-1578.75949609907,-1519.75498272116,FALSE,FALSE,FALSE,"7,4,18,1,2,3,5,6,8,9,10,11,12,13","7","2,4,7,18,19","4,7,18","4,7,18"
16,15,0.979390567199596,0.065292704479973,-1576.80186902931,-1513.58274755298,FALSE,FALSE,FALSE,"7,4,18,1,2,3,5,6,8,9,10,11,12,13,14","7","2,4,7,18,19","4,7,18","4,7,18"
16,16,0.979392022517655,0.0612120014073534,-1574.83717736261,-1507.40344778786,FALSE,FALSE,FALSE,"7,4,18,1,2,3,5,6,8,9,10,11,12,13,14,15","7","2,4,7,18,19","4,7,18","4,7,18"
16,17,0.979392868575423,0.057611345210319,-1572.85770521733,-1501.20936754415,FALSE,FALSE,FALSE,"7,4,18,1,2,3,5,6,8,9,10,11,12,13,14,15,16","7","2,4,7,18,19","4,7,18","4,7,18"
16,18,0.979393466931703,0.0544107481628724,-1570.87222361281,-1495.00927784121,FALSE,FALSE,FALSE,"7,4,18,1,2,3,5,6,8,9,10,11,12,13,14,15,16,17","7","2,4,7,18,19","4,7,18","4,7,18"
16,19,0.979393982353979,0.051547051702841,-1568.88473005239,-1488.80717618237,FALSE,FALSE,FALSE,"7,4,18,1,2,3,5,6,8,9,10,11,12,13,14,15,16,17,19","7","2,4,7,18,19","4,7,18","4,7,18"
16,20,0.979393982529487,0.0489696991264744,-1566.88473431106,-1482.59257234262,FALSE,FALSE,FALSE,"7,4,18,1,2,3,5,6,8,9,10,11,12,13,14,15,16,17,19,20","7","2,4,7,18,19","4,7,18","4,7,18"
17,1,0.197000225083712,0.197000225083712,178.813833165864,183.028441264286,FALSE,FALSE,FALSE,"2","2","2","2","2,10,15"
17,2,0.70919178727661,0.354595893638305,-327.031390111791,-318.602173914947,FALSE,FALSE,FALSE,"2,10","2,10","2,8","2,10","2,10,15"
17,3,0.978789881114268,0.326263293704756,-1634.1241967885,-1621.48037249323,TRUE,FALSE,TRUE,"2,10,15","2,10,15","2,8,10","2,10,15","2,10,15"
17,4,0.978984122774516,0.244746030693629,-1636.72427844992,-1619.86584605623,FALSE,FALSE,FALSE,"2,10,15,1","2,10,15","2,8,10,11","2,10,15","2,10,15"
17,5,0.979187445412485,0.195837489082497,-1639.58518837538,-1618.51214788326,FALSE,FALSE,FALSE,"2,10,15,1,3","2,10,15","2,8,10,11,15","2,10,15","2,10,15"
17,6,0.979302338620823,0.163217056436804,-1640.35302513695,-1615.06537654641,FALSE,TRUE,FALSE,"2,10,15,1,3,4","2,10,15","2,8,10,11,15,18","2,10,15","2,10,15"
17,7,0.979342422318421,0.139906060331203,-1639.32227863566,-1609.82002194671,FALSE,FALSE,FALSE,"2,10,15,1,3,4,5","2,10,15","2,8,10,11,15,18","2,10,15","2,10,15"
17,8,0.979388469023223,0.122423558627903,-1638.43804598338,-1604.721181196,FALSE,FALSE,FALSE,"2,10,15,1,3,4,5,6","2,10,15","2,8,10,11,15,18","2,10,15","2,10,15"
17,9,0.979425654702179,0.108825072744687,-1637.34092076532,-1599.40944787952,FALSE,FALSE,FALSE,"2,10,15,1,3,4,5,6,7","2,10,15","2,8,10,11,15,18","2,10,15","2,10,15"
17,10,0.979448224550694,0.0979448224550694,-1635.88971677067,-1593.74363578645,FALSE,FALSE,FALSE,"2,10,15,1,3,4,5,6,7,8","2,10,15","2,8,10,11,15,18","2,10,15","2,10,15"
17,11,0.97946332807434,0.0890421207340309,-1634.25730243747,-1587.89661335482,FALSE,FALSE,FALSE,"2,10,15,1,3,4,5,6,7,8,9","2,10,15","2,8,10,11,15,18","2,10,15","2,10,15"
17,12,0.979476850845264,0.081623070903772,-1632.58664560206,-1582.011348421,FALSE,FALSE,FALSE,"2,10,15,1,3,4,5,6,7,8,9,11","2,10,15","2,8,10,11,15,18","2,10,15","2,10,15"
17,13,0.979493230215919,0.0753456330935322,-1630.98585115619,-1576.1959458767,FALSE,FALSE,FALSE,"2,10,15,1,3,4,5,6,7,8,9,11,12","2,10,15","2,8,10,11,15,18","2,10,15","2,10,15"
17,14,0.979504220263407,0.069964587161672,-1629.25388443411,-1570.2493710562,FALSE,FALSE,FALSE,"2,10,15,1,3,4,5,6,7,8,9,11,12,13","2,10,15","2,8,10,11,15,18","2,10,15","2,10,15"
17,15,0.979509456844814,0.0653006304563209,-1627.3816485531,-1564.16252707677,FALSE,FALSE,FALSE,"2,10,15,1,3,4,5,6,7,8,9,11,12,13,14","2,10,15","2,8,10,11,15,18","2,10,15","2,10,15"
17,16,0.979513976230834,0.0612196235144272,-1625.49194051698,-1558.05821094222,FALSE,FALSE,FALSE,"2,10,15,1,3,4,5,6,7,8,9,11,12,13,14,16","2,10,15","2,8,10,11,15,18","2,10,15","2,10,15"
17,17,0.979518704290995,0.057618747311235,-1623.6073510501,-1551.95901337692,FALSE,FALSE,FALSE,"2,10,15,1,3,4,5,6,7,8,9,11,12,13,14,16,17","2,10,15","2,8,10,11,15,18","2,10,15","2,10,15"
17,18,0.979521440251765,0.0544178577917648,-1621.67414720316,-1545.81120143156,FALSE,FALSE,FALSE,"2,10,15,1,3,4,5,6,7,8,9,11,12,13,14,16,17,18","2,10,15","2,8,10,11,15,18","2,10,15","2,10,15"
17,19,0.979522429090806,0.0515538120574108,-1619.69829106208,-1539.62073719206,FALSE,FALSE,FALSE,"2,10,15,1,3,4,5,6,7,8,9,11,12,13,14,16,17,18,19","2,10,15","2,8,10,11,15,18","2,10,15","2,10,15"
17,20,0.979522937850025,0.0489761468925012,-1617.71071356916,-1533.41855160071,FALSE,FALSE,FALSE,"2,10,15,1,3,4,5,6,7,8,9,11,12,13,14,16,17,18,19,20","2,10,15","2,8,10,11,15,18","2,10,15","2,10,15"
18,1,0.690081110427856,0.690081110427856,54.2006035132182,58.4152116116404,TRUE,FALSE,FALSE,"10","10","10","10","10,13,18"
18,2,0.869146105890688,0.434573052945344,-374.914010520394,-366.484794323549,FALSE,FALSE,FALSE,"10,18","10","10,13","10,13","10,13,18"
18,3,0.98793113172911,0.329310377243037,-1564.6400713831,-1551.99624708784,FALSE,FALSE,TRUE,"10,18,13","10","10,13,14","10,13,18","10,13,18"
18,4,0.988003253388028,0.247000813347007,-1565.63695615767,-1548.77852376399,FALSE,TRUE,FALSE,"10,18,13,1","10","10,13,14,18","10,13,18","10,13,18"
18,5,0.988035918724325,0.197607183744865,-1565.00023778911,-1543.927197297,FALSE,FALSE,FALSE,"10,18,13,1,2","10","10,13,14,18","10,13,18","10,13,18"
18,6,0.988079642517953,0.164679940419659,-1564.83087919186,-1539.54323060132,FALSE,FALSE,FALSE,"10,18,13,1,2,3","10","10,13,14,18","10,13,18","10,13,18"
18,7,0.988111684701092,0.141158812100156,-1564.17669980015,-1534.67444311119,FALSE,FALSE,FALSE,"10,18,13,1,2,3,4","10","10,13,14,18","10,13,18","10,13,18"
18,8,0.9881314365594,0.123516429569925,-1563.00811637958,-1529.2912515922,FALSE,FALSE,FALSE,"10,18,13,1,2,3,4,5","10","10,13,14,18","10,13,18","10,13,18"
18,9,0.988152151504522,0.109794683500502,-1561.88156007101,-1523.95008718521,FALSE,FALSE,FALSE,"10,18,13,1,2,3,4,5,6","10","10,13,14,18","10,13,18","10,13,18"
18,10,0.988167385316831,0.0988167385316831,-1560.52486735328,-1518.37878636906,FALSE,FALSE,FALSE,"10,18,13,1,2,3,4,5,6,7","10","10,13,14,18","10,13,18","10,13,18"
18,11,0.988185827146429,0.0898350751951299,-1559.30475482464,-1512.94406574199,FALSE,FALSE,FALSE,"10,18,13,1,2,3,4,5,6,7,8","10","10,13,14,18","10,13,18","10,13,18"
18,12,0.988198750219302,0.0823498958516085,-1557.85198509712,-1507.27668791605,FALSE,FALSE,FALSE,"10,18,13,1,2,3,4,5,6,7,8,9","10","10,13,14,18","10,13,18","10,13,18"
18,13,0.988204287492761,0.0760157144225201,-1556.08664553742,-1501.29674025793,FALSE,FALSE,FALSE,"10,18,13,1,2,3,4,5,6,7,8,9,11","10","10,13,14,18","10,13,18","10,13,18"
18,14,0.988207809311105,0.0705862720936504,-1554.23595166019,-1495.23143828227,FALSE,FALSE,FALSE,"10,18,13,1,2,3,4,5,6,7,8,9,11,12","10","10,13,14,18","10,13,18","10,13,18"
18,15,0.988210444344139,0.0658806962896093,-1552.34769202948,-1489.12857055315,FALSE,FALSE,FALSE,"10,18,13,1,2,3,4,5,6,7,8,9,11,12,14","10","10,13,14,18","10,13,18","10,13,18"
18,16,0.988213257014048,0.061763328563378,-1550.46699277152,-1483.03326319677,FALSE,FALSE,FALSE,"10,18,13,1,2,3,4,5,6,7,8,9,11,12,14,15","10","10,13,14,18","10,13,18","10,13,18"
18,17,0.98821458563174,0.0581302697430435,-1548.52335662794,-1476.87501895476,FALSE,FALSE,FALSE,"10,18,13,1,2,3,4,5,6,7,8,9,11,12,14,15,16","10","10,13,14,18","10,13,18","10,13,18"
18,18,0.988215179975493,0.0549008433319718,-1546.54857248892,-1470.68562671732,FALSE,FALSE,FALSE,"10,18,13,1,2,3,4,5,6,7,8,9,11,12,14,15,16,17","10","10,13,14,18","10,13,18","10,13,18"
18,19,0.988215282586653,0.0520113306624554,-1544.55292603893,-1464.47537216891,FALSE,FALSE,FALSE,"10,18,13,1,2,3,4,5,6,7,8,9,11,12,14,15,16,17,19","10","10,13,14,18","10,13,18","10,13,18"
18,20,0.988215286006494,0.0494107643003247,-1542.55307113539,-1458.26090916695,FALSE,FALSE,FALSE,"10,18,13,1,2,3,4,5,6,7,8,9,11,12,14,15,16,17,19,20","10","10,13,14,18","10,13,18","10,13,18"
19,1,0.570669745288629,0.570669745288629,-74.4209976731289,-70.2063895747067,TRUE,FALSE,FALSE,"20","20","2","5","7,15,20"
19,2,0.725175202940445,0.362587601470223,-295.467324791961,-287.038108595117,FALSE,FALSE,FALSE,"20,7","20","2,5","5,7","7,15,20"
19,3,0.980406595485636,0.326802198495212,-1613.93771868821,-1601.29389439294,FALSE,FALSE,FALSE,"20,7,15","20","2,5,6","5,7,15","7,15,20"
19,4,0.98066328925532,0.24516582231383,-1618.53152115097,-1601.67308875728,FALSE,FALSE,TRUE,"20,7,15,1","20","2,5,6,7","5,7,15,20","7,15,20"
19,5,0.980800371456767,0.196160074291353,-1620.08875523673,-1599.01571474462,FALSE,FALSE,FALSE,"20,7,15,1,2","20","2,5,6,7,8","5,7,15,20","7,15,20"
19,6,0.980939589372021,0.163489931562003,-1621.72750032705,-1596.43985173651,FALSE,FALSE,FALSE,"20,7,15,1,2,3","20","2,5,6,7,8,15","5,7,15,20","7,15,20"
19,7,0.98100215467756,0.140143164953937,-1621.37143697989,-1591.86918029094,FALSE,FALSE,FALSE,"20,7,15,1,2,3,4","20","2,5,6,7,8,15,19","5,7,15,20","7,15,20"
19,8,0.981093918261103,0.122636739782638,-1621.79239359136,-1588.07552880398,FALSE,TRUE,FALSE,"20,7,15,1,2,3,4,5","20","2,5,6,7,8,15,19,20","5,7,15,20","7,15,20"
19,9,0.981161072540324,0.109017896948925,-1621.57155198881,-1583.64007910301,FALSE,FALSE,FALSE,"20,7,15,1,2,3,4,5,6","20","2,5,6,7,8,15,19,20","5,7,15,20","7,15,20"
19,10,0.981189236205467,0.0981189236205467,-1620.31959717746,-1578.17351619324,FALSE,FALSE,FALSE,"20,7,15,1,2,3,4,5,6,8","20","2,5,6,7,8,15,19,20","5,7,15,20","7,15,20"
19,11,0.981203052610599,0.0892002775100545,-1618.68697943281,-1572.32629035016,FALSE,FALSE,FALSE,"20,7,15,1,2,3,4,5,6,8,9","20","2,5,6,7,8,15,19,20","5,7,15,20","7,15,20"
19,12,0.981219635442081,0.0817683029535068,-1617.12827849598,-1566.55298131491,FALSE,FALSE,FALSE,"20,7,15,1,2,3,4,5,6,8,9,10","20","2,5,6,7,8,15,19,20","5,7,15,20","7,15,20"
19,13,0.981230567874152,0.0754792744518579,-1615.41942341141,-1560.62951813192,FALSE,FALSE,FALSE,"20,7,15,1,2,3,4,5,6,8,9,10,11","20","2,5,6,7,8,15,19,20","5,7,15,20","7,15,20"
19,14,0.981237945186334,0.0700884246561667,-1613.6159866941,-1554.61147331619,FALSE,FALSE,FALSE,"20,7,15,1,2,3,4,5,6,8,9,10,11,12","20","2,5,6,7,8,15,19,20","5,7,15,20","7,15,20"
19,15,0.981245101691641,0.065416340112776,-1611.80674060126,-1548.58761912493,FALSE,FALSE,FALSE,"20,7,15,1,2,3,4,5,6,8,9,10,11,12,13","20","2,5,6,7,8,15,19,20","5,7,15,20","7,15,20"
19,16,0.981251357282481,0.061328209830155,-1609.97354060806,-1542.53981103331,FALSE,FALSE,FALSE,"20,7,15,1,2,3,4,5,6,8,9,10,11,12,13,14","20","2,5,6,7,8,15,19,20","5,7,15,20","7,15,20"
19,17,0.98125504188849,0.05772088481697,-1608.07181353837,-1536.42347586519,FALSE,FALSE,FALSE,"20,7,15,1,2,3,4,5,6,8,9,10,11,12,13,14,16","20","2,5,6,7,8,15,19,20","5,7,15,20","7,15,20"
19,18,0.981257726975788,0.0545143181653216,-1606.14344025556,-1530.28049448396,FALSE,FALSE,FALSE,"20,7,15,1,2,3,4,5,6,8,9,10,11,12,13,14,16,17","20","2,5,6,7,8,15,19,20","5,7,15,20","7,15,20"
19,19,0.981259262348427,0.0516452243341277,-1604.18440208364,-1524.10684821362,FALSE,FALSE,FALSE,"20,7,15,1,2,3,4,5,6,8,9,10,11,12,13,14,16,17,18","20","2,5,6,7,8,15,19,20","5,7,15,20","7,15,20"
19,20,0.981259654703836,0.0490629827351918,-1602.19487017524,-1517.90270820679,FALSE,FALSE,FALSE,"20,7,15,1,2,3,4,5,6,8,9,10,11,12,13,14,16,17,18,19","20","2,5,6,7,8,15,19,20","5,7,15,20","7,15,20"
20,1,0.561311119580749,0.561311119580749,196.706511778875,200.921119877297,TRUE,FALSE,FALSE,"5","5","1","5","5,10,11"
20,2,0.723879944501814,0.361939972250907,-32.7708414013213,-24.341625204477,FALSE,FALSE,FALSE,"5,11","5","1,5","5,10","5,10,11"
20,3,0.988969640936669,0.32965654697889,-1640.86302577808,-1628.21920148282,FALSE,FALSE,TRUE,"5,11,10","5","1,5,10","5,10,11","5,10,11"
20,4,0.989025793059963,0.247256448264991,-1641.41487093472,-1624.55643854103,FALSE,FALSE,FALSE,"5,11,10,1","5","1,5,10,11","5,10,11","5,10,11"
20,5,0.98907093915083,0.197814187830166,-1641.47603163613,-1620.40299114402,FALSE,TRUE,FALSE,"5,11,10,1,2","5","1,5,10,11,16","5,10,11","5,10,11"
20,6,0.989108831216527,0.164851471869421,-1641.21259006952,-1615.92494147899,FALSE,FALSE,FALSE,"5,11,10,1,2,3","5","1,5,10,11,16","5,10,11","5,10,11"
20,7,0.989150190544292,0.141307170077756,-1641.11495974229,-1611.61270305333,FALSE,FALSE,FALSE,"5,11,10,1,2,3,4","5","1,5,10,11,16","5,10,11","5,10,11"
20,8,0.989188815745191,0.123648601968149,-1640.89813009695,-1607.18126530958,FALSE,FALSE,FALSE,"5,11,10,1,2,3,4,6","5","1,5,10,11,16","5,10,11","5,10,11"
20,9,0.989221660210673,0.109913517801186,-1640.41944621087,-1602.48797332507,FALSE,FALSE,FALSE,"5,11,10,1,2,3,4,6,7","5","1,5,10,11,16","5,10,11","5,10,11"
20,10,0.989252658208239,0.0989252658208239,-1639.85949440989,-1597.71341342567,FALSE,FALSE,FALSE,"5,11,10,1,2,3,4,6,7,8","5","1,5,10,11,16","5,10,11","5,10,11"
20,11,0.989270459643574,0.0899336781494158,-1638.6883595724,-1592.32767048976,FALSE,FALSE,FALSE,"5,11,10,1,2,3,4,6,7,8,9","5","1,5,10,11,16","5,10,11","5,10,11"
20,12,0.98928660341843,0.0824405502848692,-1637.44123115678,-1586.86593397572,FALSE,FALSE,FALSE,"5,11,10,1,2,3,4,6,7,8,9,12","5","1,5,10,11,16","5,10,11","5,10,11"
20,13,0.989302080175922,0.0761001600135324,-1636.16406201378,-1581.37415673429,FALSE,FALSE,FALSE,"5,11,10,1,2,3,4,6,7,8,9,12,13","5","1,5,10,11,16","5,10,11","5,10,11"
20,14,0.989307013385664,0.0706647866704045,-1634.39468383635,-1575.39017045844,FALSE,FALSE,FALSE,"5,11,10,1,2,3,4,6,7,8,9,12,13,14","5","1,5,10,11,16","5,10,11","5,10,11"
20,15,0.98931052859541,0.065954035239694,-1632.55908073473,-1569.3399592584,FALSE,FALSE,FALSE,"5,11,10,1,2,3,4,6,7,8,9,12,13,14,15","5","1,5,10,11,16","5,10,11","5,10,11"
20,16,0.989314061046878,0.0618321288154299,-1630.72433845101,-1563.29060887625,FALSE,FALSE,FALSE,"5,11,10,1,2,3,4,6,7,8,9,12,13,14,15,16","5","1,5,10,11,16","5,10,11","5,10,11"
20,17,0.9893165168099,0.0581950892241117,-1628.83925793811,-1557.19092026493,FALSE,FALSE,FALSE,"5,11,10,1,2,3,4,6,7,8,9,12,13,14,15,16,17","5","1,5,10,11,16","5,10,11","5,10,11"
20,18,0.98931868085948,0.0549621489366378,-1626.94054834814,-1551.07760257654,FALSE,FALSE,FALSE,"5,11,10,1,2,3,4,6,7,8,9,12,13,14,15,16,17,18","5","1,5,10,11,16","5,10,11","5,10,11"
20,19,0.98931928370498,0.0520694359844726,-1624.96876876289,-1544.89121489286,FALSE,FALSE,FALSE,"5,11,10,1,2,3,4,6,7,8,9,12,13,14,15,16,17,18,19","5","1,5,10,11,16","5,10,11","5,10,11"
20,20,0.989319381547389,0.0494659690773694,-1622.97334911378,-1538.68118714533,FALSE,FALSE,FALSE,"5,11,10,1,2,3,4,6,7,8,9,12,13,14,15,16,17,18,19,20","5","1,5,10,11,16","5,10,11","5,10,11"
21,1,0.809820593202561,0.809820593202561,49.9551438244458,54.169751922868,TRUE,FALSE,FALSE,"7","7","3","3","3,7,16"
21,2,0.927416929745081,0.463708464872541,-429.662941368779,-421.233725171935,FALSE,FALSE,FALSE,"7,3","7","3,7","3,7","3,7,16"
21,3,0.992878067362884,0.330959355787628,-1588.43922945267,-1575.79540515741,FALSE,FALSE,TRUE,"7,3,16","7","3,7,14","3,7,16","3,7,16"
21,4,0.992945847362593,0.248236461840648,-1591.22055764758,-1574.3621252539,FALSE,TRUE,FALSE,"7,3,16,1","7","3,7,14,16","3,7,16","3,7,16"
21,5,0.992963865550732,0.198592773110146,-1590.49932491823,-1569.42628442612,FALSE,FALSE,FALSE,"7,3,16,1,2","7","3,7,14,16","3,7,16","3,7,16"
21,6,0.992983483396072,0.165497247232679,-1589.89535033787,-1564.60770174733,FALSE,FALSE,FALSE,"7,3,16,1,2,4","7","3,7,14,16","3,7,16","3,7,16"
21,7,0.992996857250858,0.14185669389298,-1588.84928641482,-1559.34702972586,FALSE,FALSE,FALSE,"7,3,16,1,2,4,5","7","3,7,14,16","3,7,16","3,7,16"
21,8,0.99301121101779,0.124126401377224,-1587.87514704952,-1554.15828226214,FALSE,FALSE,FALSE,"7,3,16,1,2,4,5,6","7","3,7,14,16","3,7,16","3,7,16"
21,9,0.993026665151108,0.110336296127901,-1586.98200871446,-1549.05053582866,FALSE,FALSE,FALSE,"7,3,16,1,2,4,5,6,8","7","3,7,14,16","3,7,16","3,7,16"
21,10,0.993033332915873,0.0993033332915873,-1585.46032753433,-1543.31424655011,FALSE,FALSE,FALSE,"7,3,16,1,2,4,5,6,8,9","7","3,7,14,16","3,7,16","3,7,16"
21,11,0.993038995909972,0.090276272355452,-1583.8669277721,-1537.50623868945,FALSE,FALSE,FALSE,"7,3,16,1,2,4,5,6,8,9,10","7","3,7,14,16","3,7,16","3,7,16"
21,12,0.993043123611773,0.0827535936343144,-1582.16350324047,-1531.5882060594,FALSE,FALSE,FALSE,"7,3,16,1,2,4,5,6,8,9,10,11","7","3,7,14,16","3,7,16","3,7,16"
21,13,0.993045738534763,0.0763881337334433,-1580.35147657873,-1525.56157129924,FALSE,FALSE,FALSE,"7,3,16,1,2,4,5,6,8,9,10,11,12","7","3,7,14,16","3,7,16","3,7,16"
21,14,0.993047232975266,0.070931945212519,-1578.45893594787,-1519.45442256996,FALSE,FALSE,FALSE,"7,3,16,1,2,4,5,6,8,9,10,11,12,13","7","3,7,14,16","3,7,16","3,7,16"
21,15,0.993048927028653,0.0662032618019102,-1576.58077663335,-1513.36165515702,FALSE,FALSE,FALSE,"7,3,16,1,2,4,5,6,8,9,10,11,12,13,14","7","3,7,14,16","3,7,16","3,7,16"
21,16,0.993050198822366,0.0620656374263979,-1574.67226683046,-1507.23853725571,FALSE,FALSE,FALSE,"7,3,16,1,2,4,5,6,8,9,10,11,12,13,14,15","7","3,7,14,16","3,7,16","3,7,16"
21,17,0.99305140534178,0.0584147885495165,-1572.7590768071,-1501.11073913392,FALSE,FALSE,FALSE,"7,3,16,1,2,4,5,6,8,9,10,11,12,13,14,15,17","7","3,7,14,16","3,7,16","3,7,16"
21,18,0.993052792270017,0.0551695995705565,-1570.85888595829,-1494.99594018669,FALSE,FALSE,FALSE,"7,3,16,1,2,4,5,6,8,9,10,11,12,13,14,15,17,18","7","3,7,14,16","3,7,16","3,7,16"
21,19,0.993053826416766,0.0522659908640403,-1568.93332044816,-1488.85576657814,FALSE,FALSE,FALSE,"7,3,16,1,2,4,5,6,8,9,10,11,12,13,14,15,17,18,19","7","3,7,14,16","3,7,16","3,7,16"
21,20,0.993054271802785,0.0496527135901393,-1566.96538128665,-1482.67321931821,FALSE,FALSE,FALSE,"7,3,16,1,2,4,5,6,8,9,10,11,12,13,14,15,17,18,19,20","7","3,7,14,16","3,7,16","3,7,16"
22,1,0.237920225692015,0.237920225692015,-157.49069184718,-153.276083748758,FALSE,FALSE,FALSE,"4","4","4","4","4,6,8"
22,2,0.746561552782971,0.373280776391485,-705.955821406835,-697.52660520999,FALSE,FALSE,FALSE,"4,8","4,6","4,6","4,6","4,6,8"
22,3,0.95869082553302,0.319563608511007,-1610.97400361974,-1598.33017932448,TRUE,FALSE,FALSE,"4,8,6","4,6,8","4,6,8","4,6,8","4,6,8"
22,4,0.959333172414384,0.239833293103596,-1616.80995575678,-1599.95152336309,FALSE,FALSE,TRUE,"4,8,6,1","4,6,8","4,6,8,10","4,6,8,14","4,6,8"
22,5,0.959808142050793,0.191961628410159,-1620.68409402994,-1599.61105353783,FALSE,FALSE,FALSE,"4,8,6,1,2","4,6,8","4,6,8,10,13","4,6,8,14","4,6,8"
22,6,0.960281848702107,0.160046974783684,-1624.61216492829,-1599.32451633775,FALSE,FALSE,FALSE,"4,8,6,1,2,3","4,6,8","4,6,8,10,13,14","4,6,8,14","4,6,8"
22,7,0.960523745494117,0.137217677927731,-1625.66664260054,-1596.16438591159,FALSE,TRUE,FALSE,"4,8,6,1,2,3,5","4,6,8","4,6,8,10,13,14,17","4,6,8,14","4,6,8"
22,8,0.960660333383848,0.120082541672981,-1625.3996430467,-1591.68277825933,FALSE,FALSE,FALSE,"4,8,6,1,2,3,5,7","4,6,8","4,6,8,10,13,14,17","4,6,8,14","4,6,8"
22,9,0.960760072372783,0.106751119152531,-1624.6689171306,-1586.7374442448,FALSE,FALSE,FALSE,"4,8,6,1,2,3,5,7,9","4,6,8","4,6,8,10,13,14,17","4,6,8,14","4,6,8"
22,10,0.96081986317443,0.096081986317443,-1623.43135992697,-1581.28527894275,FALSE,FALSE,FALSE,"4,8,6,1,2,3,5,7,9,10","4,6,8","4,6,8,10,13,14,17","4,6,8,14","4,6,8"
22,11,0.960872537590734,0.0873520488718849,-1622.10402036815,-1575.74333128551,FALSE,FALSE,FALSE,"4,8,6,1,2,3,5,7,9,10,11","4,6,8","4,6,8,10,13,14,17","4,6,8,14","4,6,8"
22,12,0.96092591760994,0.0800771598008283,-1620.7866159311,-1570.21131875004,FALSE,FALSE,FALSE,"4,8,6,1,2,3,5,7,9,10,11,12","4,6,8","4,6,8,10,13,14,17","4,6,8,14","4,6,8"
22,13,0.960977495086932,0.0739213457759179,-1619.44704792017,-1564.65714264068,FALSE,FALSE,FALSE,"4,8,6,1,2,3,5,7,9,10,11,12,13","4,6,8","4,6,8,10,13,14,17","4,6,8,14","4,6,8"
22,14,0.961025890461996,0.0686447064615711,-1618.06752845788,-1559.06301507997,FALSE,FALSE,FALSE,"4,8,6,1,2,3,5,7,9,10,11,12,13,14","4,6,8","4,6,8,10,13,14,17","4,6,8,14","4,6,8"
22,15,0.961054056575573,0.0640702704383715,-1616.42900299149,-1553.20988151515,FALSE,FALSE,FALSE,"4,8,6,1,2,3,5,7,9,10,11,12,13,14,15","4,6,8","4,6,8,10,13,14,17","4,6,8,14","4,6,8"
22,16,0.961064006638983,0.0600665004149364,-1614.55676128661,-1547.12303171185,FALSE,FALSE,FALSE,"4,8,6,1,2,3,5,7,9,10,11,12,13,14,15,16","4,6,8","4,6,8,10,13,14,17","4,6,8,14","4,6,8"
22,17,0.961074363860741,0.0565337861094554,-1612.6897821582,-1541.04144448502,FALSE,FALSE,FALSE,"4,8,6,1,2,3,5,7,9,10,11,12,13,14,15,16,17","4,6,8","4,6,8,10,13,14,17","4,6,8,14","4,6,8"
22,18,0.961083009051338,0.0533935005028521,-1610.80084201005,-1534.93789623845,FALSE,FALSE,FALSE,"4,8,6,1,2,3,5,7,9,10,11,12,13,14,15,16,17,18","4,6,8","4,6,8,10,13,14,17","4,6,8,14","4,6,8"
22,19,0.961084201502009,0.0505833790264215,-1608.81616268248,-1528.73860881245,FALSE,FALSE,FALSE,"4,8,6,1,2,3,5,7,9,10,11,12,13,14,15,16,17,18,19","4,6,8","4,6,8,10,13,14,17","4,6,8,14","4,6,8"
22,20,0.961085111410067,0.0480542555705034,-1606.82785354751,-1522.53569157907,FALSE,FALSE,FALSE,"4,8,6,1,2,3,5,7,9,10,11,12,13,14,15,16,17,18,19,20","4,6,8","4,6,8,10,13,14,17","4,6,8,14","4,6,8"
23,1,0.768775591135751,0.768775591135751,-237.838891529393,-233.62428343097,TRUE,FALSE,FALSE,"6","6","1","3","3,6,17"
23,2,0.894806266589858,0.447403133294929,-629.631379386029,-621.202163189184,FALSE,FALSE,FALSE,"6,3","6","1,3","3,6","3,6,17"
23,3,0.986292385656758,0.328764128552253,-1646.55750952001,-1633.91368522475,FALSE,FALSE,TRUE,"6,3,17","6","1,3,6","3,6,17","3,6,17"
23,4,0.98639258506334,0.246598146265835,-1648.22581443004,-1631.36738203635,FALSE,FALSE,FALSE,"6,3,17,1","6","1,3,6,10","3,6,17","3,6,17"
23,5,0.986498407505225,0.197299681501045,-1650.12942394675,-1629.05638345464,FALSE,FALSE,FALSE,"6,3,17,1,2","6","1,3,6,10,17","3,6,17","3,6,17"
23,6,0.986556720471122,0.16442612007852,-1650.29358553132,-1625.00593694078,FALSE,TRUE,FALSE,"6,3,17,1,2,4","6","1,3,6,10,17,18","3,6,17","3,6,17"
23,7,0.986605029740257,0.14094357567718,-1650.09360310662,-1620.59134641766,FALSE,FALSE,FALSE,"6,3,17,1,2,4,5","6","1,3,6,10,17,18","3,6,17","3,6,17"
23,8,0.986634474416171,0.123329309302021,-1649.19390737485,-1615.47704258747,FALSE,FALSE,FALSE,"6,3,17,1,2,4,5,7","6","1,3,6,10,17,18","3,6,17","3,6,17"
23,9,0.986655646927047,0.109628405214116,-1647.98659219317,-1610.05511930737,FALSE,FALSE,FALSE,"6,3,17,1,2,4,5,7,8","6","1,3,6,10,17,18","3,6,17","3,6,17"
23,10,0.986674774540634,0.0986674774540634,-1646.70379951025,-1604.55771852603,FALSE,FALSE,FALSE,"6,3,17,1,2,4,5,7,8,9","6","1,3,6,10,17,18","3,6,17","3,6,17"
23,11,0.986695997368944,0.0896996361244495,-1645.50077465093,-1599.14008556828,FALSE,FALSE,FALSE,"6,3,17,1,2,4,5,7,8,9,10","6","1,3,6,10,17,18","3,6,17","3,6,17"
23,12,0.986704025907514,0.0822253354922928,-1643.80259968248,-1593.22730250141,FALSE,FALSE,FALSE,"6,3,17,1,2,4,5,7,8,9,10,11","6","1,3,6,10,17,18","3,6,17","3,6,17"
23,13,0.986712357995472,0.0759009506150363,-1642.11602913468,-1587.32612385519,FALSE,FALSE,FALSE,"6,3,17,1,2,4,5,7,8,9,10,11,12","6","1,3,6,10,17,18","3,6,17","3,6,17"
23,14,0.986718196907868,0.0704798712077049,-1640.33578955756,-1581.33127617965,FALSE,FALSE,FALSE,"6,3,17,1,2,4,5,7,8,9,10,11,12,13","6","1,3,6,10,17,18","3,6,17","3,6,17"
23,15,0.986719078412821,0.065781271894188,-1638.36897534567,-1575.14985386933,FALSE,FALSE,FALSE,"6,3,17,1,2,4,5,7,8,9,10,11,12,13,14","6","1,3,6,10,17,18","3,6,17","3,6,17"
23,16,0.986719662163377,0.0616699788852111,-1636.39095286366,-1568.95722328891,FALSE,FALSE,FALSE,"6,3,17,1,2,4,5,7,8,9,10,11,12,13,14,15","6","1,3,6,10,17,18","3,6,17","3,6,17"
23,17,0.986720291532369,0.0580423700901394,-1634.41464894403,-1562.76631127086,FALSE,FALSE,FALSE,"6,3,17,1,2,4,5,7,8,9,10,11,12,13,14,15,16","6","1,3,6,10,17,18","3,6,17","3,6,17"
23,18,0.986720943886457,0.0548178302159143,-1632.43921161094,-1556.57626583934,FALSE,FALSE,FALSE,"6,3,17,1,2,4,5,7,8,9,10,11,12,13,14,15,16,18","6","1,3,6,10,17,18","3,6,17","3,6,17"
23,19,0.986721122252868,0.0519326906448878,-1630.44592773621,-1550.36837386619,FALSE,FALSE,FALSE,"6,3,17,1,2,4,5,7,8,9,10,11,12,13,14,15,16,18,19","6","1,3,6,10,17,18","3,6,17","3,6,17"
23,20,0.986721179169007,0.0493360589584503,-1628.44807084884,-1544.1559088804,FALSE,FALSE,FALSE,"6,3,17,1,2,4,5,7,8,9,10,11,12,13,14,15,16,18,19,20","6","1,3,6,10,17,18","3,6,17","3,6,17"
24,1,0.739219572972516,0.739219572972516,-171.155871746778,-166.941263648356,TRUE,FALSE,FALSE,"12","12","1","1","1,4,12"
24,2,0.871470095480522,0.435735047740261,-522.91446186616,-514.485245669316,FALSE,FALSE,FALSE,"12,4","12","1,4","1,4","1,4,12"
24,3,0.986361185848062,0.328787061949354,-1642.53540567999,-1629.89158138473,FALSE,TRUE,TRUE,"12,4,1","12","1,4,12","1,4,12","1,4,12"
24,4,0.986394595175758,0.24659864879394,-1641.76169682354,-1624.90326442985,FALSE,FALSE,FALSE,"12,4,1,2","12","1,4,12","1,4,12","1,4,12"
24,5,0.986443001138315,0.197288600227663,-1641.54379292815,-1620.47075243604,FALSE,FALSE,FALSE,"12,4,1,2,3","12","1,4,12","1,4,12","1,4,12"
24,6,0.986467712943434,0.164411285490572,-1640.45602856435,-1615.16837997381,FALSE,FALSE,FALSE,"12,4,1,2,3,5","12","1,4,12","1,4,12","1,4,12"
24,7,0.986495459115453,0.140927922730779,-1639.48226514136,-1609.98000845241,FALSE,FALSE,FALSE,"12,4,1,2,3,5,6","12","1,4,12","1,4,12","1,4,12"
24,8,0.986519182896183,0.123314897862023,-1638.36140066561,-1604.64453587823,FALSE,FALSE,FALSE,"12,4,1,2,3,5,6,7","12","1,4,12","1,4,12","1,4,12"
24,9,0.986543389143712,0.109615932127079,-1637.26001110757,-1599.32853822177,FALSE,FALSE,FALSE,"12,4,1,2,3,5,6,7,8","12","1,4,12","1,4,12","1,4,12"
24,10,0.986567196169396,0.0986567196169396,-1636.14537927869,-1593.99929829447,FALSE,FALSE,FALSE,"12,4,1,2,3,5,6,7,8,9","12","1,4,12","1,4,12","1,4,12"
24,11,0.986580425516527,0.0896891295924116,-1634.63804879375,-1588.2773597111,FALSE,FALSE,FALSE,"12,4,1,2,3,5,6,7,8,9,10","12","1,4,12","1,4,12","1,4,12"
24,12,0.986593715698745,0.0822161429748954,-1633.13347313082,-1582.55817594975,FALSE,FALSE,FALSE,"12,4,1,2,3,5,6,7,8,9,10,11","12","1,4,12","1,4,12","1,4,12"
24,13,0.986604261349216,0.0758926354884012,-1631.52693787169,-1576.7370325922,FALSE,FALSE,FALSE,"12,4,1,2,3,5,6,7,8,9,10,11,13","12","1,4,12","1,4,12","1,4,12"
24,14,0.986614167658323,0.070472440547023,-1629.89683064463,-1570.89231726672,FALSE,FALSE,FALSE,"12,4,1,2,3,5,6,7,8,9,10,11,13,14","12","1,4,12","1,4,12","1,4,12"
24,15,0.986621072308056,0.0657747381538704,-1628.1548060525,-1564.93568457617,FALSE,FALSE,FALSE,"12,4,1,2,3,5,6,7,8,9,10,11,13,14,15","12","1,4,12","1,4,12","1,4,12"
24,16,0.986625474153579,0.0616640921345987,-1626.31933978482,-1558.88561021006,FALSE,FALSE,FALSE,"12,4,1,2,3,5,6,7,8,9,10,11,13,14,15,16","12","1,4,12","1,4,12","1,4,12"
24,17,0.986630268520197,0.0580370746188351,-1624.4986069303,-1552.85026925712,FALSE,FALSE,FALSE,"12,4,1,2,3,5,6,7,8,9,10,11,13,14,15,16,17","12","1,4,12","1,4,12","1,4,12"
24,18,0.98663464249938,0.05481303569441,-1622.66221136887,-1546.79926559727,FALSE,FALSE,FALSE,"12,4,1,2,3,5,6,7,8,9,10,11,13,14,15,16,17,18","12","1,4,12","1,4,12","1,4,12"
24,19,0.986636998019862,0.0519282630536769,-1620.75033950442,-1540.6727856344,FALSE,FALSE,FALSE,"12,4,1,2,3,5,6,7,8,9,10,11,13,14,15,16,17,18,19","12","1,4,12","1,4,12","1,4,12"
24,20,0.986637029414495,0.0493318514707248,-1618.75151419072,-1534.45935222228,FALSE,FALSE,FALSE,"12,4,1,2,3,5,6,7,8,9,10,11,13,14,15,16,17,18,19,20","12","1,4,12","1,4,12","1,4,12"
25,1,0.740891533129457,0.740891533129457,172.081198218907,176.295806317329,TRUE,FALSE,FALSE,"7","7","1","7","7,15,17"
25,2,0.924051692957551,0.462025846478776,-439.51571511393,-431.086498917086,FALSE,FALSE,FALSE,"7,17","7","1,7","7,15","7,15,17"
25,3,0.992167379289911,0.330722459763304,-1573.39360671784,-1560.74978242258,FALSE,FALSE,FALSE,"7,17,15","7","1,7,15","7,15,17","7,15,17"
25,4,0.992286522601132,0.248071630650283,-1579.05762910419,-1562.1991967105,FALSE,FALSE,TRUE,"7,17,15,1","7","1,7,15,17","7,15,17,19","7,15,17"
25,5,0.992354160352496,0.198470832070499,-1581.46135281064,-1560.38831231853,FALSE,FALSE,FALSE,"7,17,15,1,2","7","1,7,15,17,18","7,15,17,19","7,15,17"
25,6,0.992385153461071,0.165397525576845,-1581.49226746334,-1556.20461887281,FALSE,TRUE,FALSE,"7,17,15,1,2,3","7","1,7,15,17,18,19","7,15,17,19","7,15,17"
25,7,0.99240374363675,0.141771963376679,-1580.7144132245,-1551.21215653555,FALSE,FALSE,FALSE,"7,17,15,1,2,3,4","7","1,7,15,17,18,19","7,15,17,19","7,15,17"
25,8,0.992427595420776,0.124053449427597,-1580.28685286006,-1546.56998807268,FALSE,FALSE,FALSE,"7,17,15,1,2,3,4,5","7","1,7,15,17,18,19","7,15,17,19","7,15,17"
25,9,0.992437286508354,0.110270809612039,-1578.9271576702,-1540.9956847844,FALSE,FALSE,FALSE,"7,17,15,1,2,3,4,5,6","7","1,7,15,17,18,19","7,15,17,19","7,15,17"
25,10,0.992446552600962,0.0992446552600962,-1577.54015020418,-1535.39406921996,FALSE,FALSE,FALSE,"7,17,15,1,2,3,4,5,6,8","7","1,7,15,17,18,19","7,15,17,19","7,15,17"
25,11,0.992453720918313,0.0902230655380284,-1576.01488184245,-1529.65419275981,FALSE,FALSE,FALSE,"7,17,15,1,2,3,4,5,6,8,9","7","1,7,15,17,18,19","7,15,17,19","7,15,17"
25,12,0.992460366303614,0.0827050305253011,-1574.45538457028,-1523.88008738922,FALSE,FALSE,FALSE,"7,17,15,1,2,3,4,5,6,8,9,10","7","1,7,15,17,18,19","7,15,17,19","7,15,17"
25,13,0.99246544152141,0.0763434955016469,-1572.79206715529,-1518.0021618758,FALSE,FALSE,FALSE,"7,17,15,1,2,3,4,5,6,8,9,10,11","7","1,7,15,17,18,19","7,15,17,19","7,15,17"
25,14,0.992468932074388,0.0708906380053134,-1571.02375702641,-1512.0192436485,FALSE,FALSE,FALSE,"7,17,15,1,2,3,4,5,6,8,9,10,11,12","7","1,7,15,17,18,19","7,15,17,19","7,15,17"
25,15,0.992471559001712,0.0661647706001141,-1569.19819348143,-1505.9790720051,FALSE,FALSE,FALSE,"7,17,15,1,2,3,4,5,6,8,9,10,11,12,13","7","1,7,15,17,18,19","7,15,17,19","7,15,17"
25,16,0.992473925055869,0.0620296203159918,-1567.35535922393,-1499.92162964917,FALSE,FALSE,FALSE,"7,17,15,1,2,3,4,5,6,8,9,10,11,12,13,14","7","1,7,15,17,18,19","7,15,17,19","7,15,17"
25,17,0.992475817534072,0.0583809304431807,-1565.4811031339,-1493.83276546073,FALSE,FALSE,FALSE,"7,17,15,1,2,3,4,5,6,8,9,10,11,12,13,14,16","7","1,7,15,17,18,19","7,15,17,19","7,15,17"
25,18,0.992477194853836,0.0551376219363242,-1563.57263771903,-1487.70969194743,FALSE,FALSE,FALSE,"7,17,15,1,2,3,4,5,6,8,9,10,11,12,13,14,16,18","7","1,7,15,17,18,19","7,15,17,19","7,15,17"
25,19,0.992477546311433,0.0522356603321807,-1561.59599774233,-1481.5184438723,FALSE,FALSE,FALSE,"7,17,15,1,2,3,4,5,6,8,9,10,11,12,13,14,16,18,19","7","1,7,15,17,18,19","7,15,17,19","7,15,17"
25,20,0.992477735968302,0.0496238867984151,-1559.60860395219,-1475.31644198374,FALSE,FALSE,FALSE,"7,17,15,1,2,3,4,5,6,8,9,10,11,12,13,14,16,18,19,20","7","1,7,15,17,18,19","7,15,17,19","7,15,17"
26,1,0.734888428459325,0.734888428459325,-224.221535611819,-220.006927513397,TRUE,FALSE,FALSE,"9","9","4","4","4,9,15"
26,2,0.875178858944822,0.437589429472411,-598.855996108093,-590.426779911248,FALSE,FALSE,FALSE,"9,4","9","4,9","4,9","4,9,15"
26,3,0.983679828252587,0.327893276084196,-1614.09598003325,-1601.45215573798,FALSE,FALSE,TRUE,"9,4,15","9","4,9,15","4,9,15","4,9,15"
26,4,0.983779729463932,0.245944932365983,-1615.16605278586,-1598.30762039217,FALSE,FALSE,FALSE,"9,4,15,1","9","4,9,15,17","4,9,15","4,9,15"
26,5,0.983864099049838,0.196772819809968,-1615.77358554535,-1594.70054505324,FALSE,TRUE,FALSE,"9,4,15,1,2","9","4,9,15,17,18","4,9,15","4,9,15"
26,6,0.983911655770446,0.163985275961741,-1615.24939218937,-1589.96174359884,FALSE,FALSE,FALSE,"9,4,15,1,2,3","9","4,9,15,17,18","4,9,15","4,9,15"
26,7,0.983959669334332,0.140565667047762,-1614.74380799659,-1585.24155130763,FALSE,FALSE,FALSE,"9,4,15,1,2,3,5","9","4,9,15,17,18","4,9,15","4,9,15"
26,8,0.984004621297361,0.12300057766217,-1614.14699192533,-1580.43012713795,FALSE,FALSE,FALSE,"9,4,15,1,2,3,5,6","9","4,9,15,17,18","4,9,15","4,9,15"
26,9,0.984054731332462,0.109339414592496,-1613.71584166189,-1575.78436877609,FALSE,FALSE,FALSE,"9,4,15,1,2,3,5,6,7","9","4,9,15,17,18","4,9,15","4,9,15"
26,10,0.984080168820516,0.0984080168820516,-1612.51412861468,-1570.36804763046,FALSE,FALSE,FALSE,"9,4,15,1,2,3,5,6,7,8","9","4,9,15,17,18","4,9,15","4,9,15"
26,11,0.984100181460996,0.0894636528600905,-1611.1430683829,-1564.78237930026,FALSE,FALSE,FALSE,"9,4,15,1,2,3,5,6,7,8,10","9","4,9,15,17,18","4,9,15","4,9,15"
26,12,0.98411634790887,0.0820096956590725,-1609.65171167919,-1559.07641449812,FALSE,FALSE,FALSE,"9,4,15,1,2,3,5,6,7,8,10,11","9","4,9,15,17,18","4,9,15","4,9,15"
26,13,0.984129301286064,0.0757022539450818,-1608.05963618666,-1553.26973090717,FALSE,FALSE,FALSE,"9,4,15,1,2,3,5,6,7,8,10,11,12","9","4,9,15,17,18","4,9,15","4,9,15"
26,14,0.984141905786525,0.0702958504133232,-1606.45689369194,-1547.45238031403,FALSE,FALSE,FALSE,"9,4,15,1,2,3,5,6,7,8,10,11,12,13","9","4,9,15,17,18","4,9,15","4,9,15"
26,15,0.984148870122737,0.0656099246748491,-1604.67652493564,-1541.45740345931,FALSE,FALSE,FALSE,"9,4,15,1,2,3,5,6,7,8,10,11,12,13,14","9","4,9,15,17,18","4,9,15","4,9,15"
26,16,0.984152625120219,0.0615095390700137,-1602.79498470302,-1535.36125512826,FALSE,FALSE,FALSE,"9,4,15,1,2,3,5,6,7,8,10,11,12,13,14,16","9","4,9,15,17,18","4,9,15","4,9,15"
26,17,0.984156220417864,0.0578915423775214,-1600.90843268944,-1529.26009501626,FALSE,FALSE,FALSE,"9,4,15,1,2,3,5,6,7,8,10,11,12,13,14,16,17","9","4,9,15,17,18","4,9,15","4,9,15"
26,18,0.984158707981341,0.0546754837767412,-1598.98694169561,-1523.12399592401,FALSE,FALSE,FALSE,"9,4,15,1,2,3,5,6,7,8,10,11,12,13,14,16,17,18","9","4,9,15,17,18","4,9,15","4,9,15"
26,19,0.984160248715138,0.0517979078271125,-1597.03557436793,-1516.95802049791,FALSE,FALSE,FALSE,"9,4,15,1,2,3,5,6,7,8,10,11,12,13,14,16,17,18,19","9","4,9,15,17,18","4,9,15","4,9,15"
26,20,0.984160673572501,0.049208033678625,-1595.04898565998,-1510.75682369154,FALSE,FALSE,FALSE,"9,4,15,1,2,3,5,6,7,8,10,11,12,13,14,16,17,18,19,20","9","4,9,15,17,18","4,9,15","4,9,15"
27,1,0.721844899094796,0.721844899094796,-180.582157663626,-176.367549565204,TRUE,FALSE,FALSE,"4","4","4","4","4,13,18"
27,2,0.846316384383848,0.423158192191924,-475.223572633849,-466.794356437005,FALSE,FALSE,FALSE,"4,18","4","4,8","4,13","4,13,18"
27,3,0.98533614245944,0.328445380819813,-1647.97869739255,-1635.33487309728,FALSE,FALSE,FALSE,"4,18,13","4","4,8,12","4,13,14","4,13,18"
27,4,0.985577576116455,0.246394394029114,-1654.27949042448,-1637.42105803079,FALSE,FALSE,TRUE,"4,18,13,1","4","4,8,12,13","4,13,14,18","4,13,18"
27,5,0.985635819262418,0.197127163852484,-1654.30276570149,-1633.22972520938,FALSE,FALSE,FALSE,"4,18,13,1,2","4","4,8,12,13,14","4,13,14,18","4,13,18"
27,6,0.985709445446002,0.164284907574334,-1654.87219601939,-1629.58454742886,FALSE,TRUE,FALSE,"4,18,13,1,2,3","4","4,8,12,13,14,18","4,13,14,18","4,13,18"
27,7,0.985742932370192,0.140820418910027,-1654.04521629176,-1624.5429596028,FALSE,FALSE,FALSE,"4,18,13,1,2,3,5","4","4,8,12,13,14,18","4,13,14,18","4,13,18"
27,8,0.985781086792269,0.123222635849034,-1653.38509796702,-1619.66823317964,FALSE,FALSE,FALSE,"4,18,13,1,2,3,5,6","4","4,8,12,13,14,18","4,13,14,18","4,13,18"
27,9,0.985804378848212,0.109533819872024,-1652.2048214531,-1614.2733485673,FALSE,FALSE,FALSE,"4,18,13,1,2,3,5,6,7","4","4,8,12,13,14,18","4,13,14,18","4,13,18"
27,10,0.985823047120862,0.0985823047120862,-1650.86279049473,-1608.71670951051,FALSE,FALSE,FALSE,"4,18,13,1,2,3,5,6,7,8","4","4,8,12,13,14,18","4,13,14,18","4,13,18"
27,11,0.985836968890719,0.089621542626429,-1649.35403180886,-1602.99334272621,FALSE,FALSE,FALSE,"4,18,13,1,2,3,5,6,7,8,9","4","4,8,12,13,14,18","4,13,14,18","4,13,18"
27,12,0.985845667916006,0.0821538056596671,-1647.66122939292,-1597.08593221186,FALSE,FALSE,FALSE,"4,18,13,1,2,3,5,6,7,8,9,10","4","4,8,12,13,14,18","4,13,14,18","4,13,18"
27,13,0.985853569403061,0.0758348899540816,-1645.94042636546,-1591.15052108597,FALSE,FALSE,FALSE,"4,18,13,1,2,3,5,6,7,8,9,10,11","4","4,8,12,13,14,18","4,13,14,18","4,13,18"
27,14,0.985859811579419,0.0704185579699585,-1644.16110231315,-1585.15658893524,FALSE,FALSE,FALSE,"4,18,13,1,2,3,5,6,7,8,9,10,11,12","4","4,8,12,13,14,18","4,13,14,18","4,13,18"
27,15,0.985864133376583,0.0657242755584389,-1642.31394531729,-1579.09482384095,FALSE,FALSE,FALSE,"4,18,13,1,2,3,5,6,7,8,9,10,11,12,14","4","4,8,12,13,14,18","4,13,14,18","4,13,18"
27,16,0.985867759516929,0.0616167349698081,-1640.4422220481,-1573.00849247335,FALSE,FALSE,FALSE,"4,18,13,1,2,3,5,6,7,8,9,10,11,12,14,15","4","4,8,12,13,14,18","4,13,14,18","4,13,18"
27,17,0.985871164944048,0.057992421467297,-1638.56272089929,-1566.91438322611,FALSE,FALSE,FALSE,"4,18,13,1,2,3,5,6,7,8,9,10,11,12,14,15,16","4","4,8,12,13,14,18","4,13,14,18","4,13,18"
27,18,0.985873438850207,0.0547707466027893,-1636.64319778046,-1560.78025200886,FALSE,FALSE,FALSE,"4,18,13,1,2,3,5,6,7,8,9,10,11,12,14,15,16,17","4","4,8,12,13,14,18","4,13,14,18","4,13,18"
27,19,0.98587403754594,0.05188810723926,-1634.66438865678,-1554.58683478676,FALSE,FALSE,FALSE,"4,18,13,1,2,3,5,6,7,8,9,10,11,12,14,15,16,17,19","4","4,8,12,13,14,18","4,13,14,18","4,13,18"
27,20,0.985874056152354,0.0492937028076177,-1632.66504724648,-1548.37288527804,FALSE,FALSE,FALSE,"4,18,13,1,2,3,5,6,7,8,9,10,11,12,14,15,16,17,19,20","4","4,8,12,13,14,18","4,13,14,18","4,13,18"
28,1,0.79135737059412,0.79135737059412,-229.972839798735,-225.758231700313,TRUE,FALSE,FALSE,"6","6","3","6","6,11,17"
28,2,0.894754918322404,0.447377459161202,-570.138409643505,-561.709193446661,FALSE,FALSE,FALSE,"6,11","6","3,6","6,8","6,11,17"
28,3,0.987046677964038,0.329015559321346,-1615.60813886607,-1602.96431457081,FALSE,FALSE,FALSE,"6,11,17","6","3,6,7","6,8,11","6,11,17"
28,4,0.987316973044438,0.24682924326111,-1624.15196072021,-1607.29352832652,FALSE,FALSE,TRUE,"6,11,17,1","6","3,6,7,8","6,8,11,17","6,11,17"
28,5,0.98741521579737,0.197483043159474,-1626.04003980099,-1604.96699930888,FALSE,FALSE,FALSE,"6,11,17,1,2","6","3,6,7,8,11","6,8,11,17","6,11,17"
28,6,0.987472696470688,0.164578782745115,-1626.32900813845,-1601.04135954791,FALSE,TRUE,FALSE,"6,11,17,1,2,3","6","3,6,7,8,11,17","6,8,11,17","6,11,17"
28,7,0.987519120458025,0.141074160065432,-1626.18536213789,-1596.68310544893,FALSE,FALSE,FALSE,"6,11,17,1,2,3,4","6","3,6,7,8,11,17","6,8,11,17","6,11,17"
28,8,0.987556547521089,0.123444568440136,-1625.68699079394,-1591.97012600657,FALSE,FALSE,FALSE,"6,11,17,1,2,3,4,5","6","3,6,7,8,11,17","6,8,11,17","6,11,17"
28,9,0.98759772352515,0.109733080391683,-1625.34425920556,-1587.41278631976,FALSE,FALSE,FALSE,"6,11,17,1,2,3,4,5,7","6","3,6,7,8,11,17","6,8,11,17","6,11,17"
28,10,0.987631776810583,0.0987631776810583,-1624.7190117276,-1582.57293074338,FALSE,FALSE,FALSE,"6,11,17,1,2,3,4,5,7,8","6","3,6,7,8,11,17","6,8,11,17","6,11,17"
28,11,0.98766776083409,0.0897879782576446,-1624.17582854527,-1577.81513946263,FALSE,FALSE,FALSE,"6,11,17,1,2,3,4,5,7,8,9","6","3,6,7,8,11,17","6,8,11,17","6,11,17"
28,12,0.987688609943011,0.0823073841619176,-1623.02185303729,-1572.44655585623,FALSE,FALSE,FALSE,"6,11,17,1,2,3,4,5,7,8,9,10","6","3,6,7,8,11,17","6,8,11,17","6,11,17"
28,13,0.987700590379993,0.0759769684907687,-1621.50864900029,-1566.7187437208,FALSE,FALSE,FALSE,"6,11,17,1,2,3,4,5,7,8,9,10,12","6","3,6,7,8,11,17","6,8,11,17","6,11,17"
28,14,0.987704807580084,0.0705503433985774,-1619.68011752518,-1560.67560414727,FALSE,FALSE,FALSE,"6,11,17,1,2,3,4,5,7,8,9,10,12,13","6","3,6,7,8,11,17","6,8,11,17","6,11,17"
28,15,0.9877081165025,0.0658472077668334,-1617.81469727136,-1554.59557579503,FALSE,FALSE,FALSE,"6,11,17,1,2,3,4,5,7,8,9,10,12,13,14","6","3,6,7,8,11,17","6,8,11,17","6,11,17"
28,16,0.987709219322075,0.0617318262076297,-1615.85955894979,-1548.42582937504,FALSE,FALSE,FALSE,"6,11,17,1,2,3,4,5,7,8,9,10,12,13,14,15","6","3,6,7,8,11,17","6,8,11,17","6,11,17"
28,17,0.987709589194366,0.0581005640702568,-1613.87460591329,-1542.22626824011,FALSE,FALSE,FALSE,"6,11,17,1,2,3,4,5,7,8,9,10,12,13,14,15,16","6","3,6,7,8,11,17","6,8,11,17","6,11,17"
28,18,0.987709728862997,0.0548727627146109,-1611.88028796195,-1536.01734219035,FALSE,FALSE,FALSE,"6,11,17,1,2,3,4,5,7,8,9,10,12,13,14,15,16,18","6","3,6,7,8,11,17","6,8,11,17","6,11,17"
28,19,0.987709883529295,0.0519847307120682,-1609.88658022637,-1529.80902635635,FALSE,FALSE,FALSE,"6,11,17,1,2,3,4,5,7,8,9,10,12,13,14,15,16,18,19","6","3,6,7,8,11,17","6,8,11,17","6,11,17"
28,20,0.987709967804577,0.0493854983902289,-1607.8900088176,-1523.59784684916,FALSE,FALSE,FALSE,"6,11,17,1,2,3,4,5,7,8,9,10,12,13,14,15,16,18,19,20","6","3,6,7,8,11,17","6,8,11,17","6,11,17"
29,1,0.636506096850655,0.636506096850655,-12.534686950579,-8.32007885215681,TRUE,FALSE,FALSE,"6","6","1","1","1,4,6"
29,2,0.790878297483281,0.395439148741641,-286.957753461853,-278.528537265008,FALSE,FALSE,FALSE,"6,1","6","1,4","1,4","1,4,6"
29,3,0.985322506042008,0.328440835347336,-1613.25830039997,-1600.6144761047,FALSE,FALSE,TRUE,"6,1,4","6","1,4,6","1,4,6","1,4,6"
29,4,0.985401299925775,0.246350324981444,-1613.94970468335,-1597.09127228966,FALSE,FALSE,FALSE,"6,1,4,2","6","1,4,6,13","1,4,6","1,4,6"
29,5,0.985477812201847,0.197095562440369,-1614.57711262739,-1593.50407213528,FALSE,TRUE,FALSE,"6,1,4,2,3","6","1,4,6,13,14","1,4,6","1,4,6"
29,6,0.985520148153454,0.164253358025576,-1614.03687139598,-1588.74922280545,FALSE,FALSE,FALSE,"6,1,4,2,3,5","6","1,4,6,13,14","1,4,6","1,4,6"
29,7,0.985546724025036,0.140792389146434,-1612.95539908574,-1583.45314239678,FALSE,FALSE,FALSE,"6,1,4,2,3,5,7","6","1,4,6,13,14","1,4,6","1,4,6"
29,8,0.985578390940313,0.123197298867539,-1612.05209359844,-1578.33522881106,FALSE,FALSE,FALSE,"6,1,4,2,3,5,7,8","6","1,4,6,13,14","1,4,6","1,4,6"
29,9,0.985594574135719,0.109510508237302,-1610.61348318113,-1572.68201029533,FALSE,FALSE,FALSE,"6,1,4,2,3,5,7,8,9","6","1,4,6,13,14","1,4,6","1,4,6"
29,10,0.985604183057422,0.0985604183057422,-1608.94711191113,-1566.80103092691,FALSE,FALSE,FALSE,"6,1,4,2,3,5,7,8,9,10","6","1,4,6,13,14","1,4,6","1,4,6"
29,11,0.985611240718571,0.0896010218835065,-1607.19230090525,-1560.83161182261,FALSE,FALSE,FALSE,"6,1,4,2,3,5,7,8,9,10,11","6","1,4,6,13,14","1,4,6","1,4,6"
29,12,0.985618352751297,0.0821348627292747,-1605.43950050123,-1554.86420332017,FALSE,FALSE,FALSE,"6,1,4,2,3,5,7,8,9,10,11,12","6","1,4,6,13,14","1,4,6","1,4,6"
29,13,0.985624796569776,0.075817292043829,-1603.66357992701,-1548.87367464752,FALSE,FALSE,FALSE,"6,1,4,2,3,5,7,8,9,10,11,12,13","6","1,4,6,13,14","1,4,6","1,4,6"
29,14,0.985632016814939,0.0704022869153528,-1601.91477842532,-1542.91026504741,FALSE,FALSE,FALSE,"6,1,4,2,3,5,7,8,9,10,11,12,13,14","6","1,4,6,13,14","1,4,6","1,4,6"
29,15,0.985636133025739,0.0657090755350493,-1600.05804141763,-1536.8389199413,FALSE,FALSE,FALSE,"6,1,4,2,3,5,7,8,9,10,11,12,13,14,15","6","1,4,6,13,14","1,4,6","1,4,6"
29,16,0.98563914780105,0.0616024467375656,-1598.16299545753,-1530.72926588278,FALSE,FALSE,FALSE,"6,1,4,2,3,5,7,8,9,10,11,12,13,14,15,16","6","1,4,6,13,14","1,4,6","1,4,6"
29,17,0.985641560800484,0.057978915341205,-1596.24701561688,-1524.5986779437,FALSE,FALSE,FALSE,"6,1,4,2,3,5,7,8,9,10,11,12,13,14,15,16,17","6","1,4,6,13,14","1,4,6","1,4,6"
29,18,0.985641858338446,0.0547578810188026,-1594.25737680728,-1518.39443103568,FALSE,FALSE,FALSE,"6,1,4,2,3,5,7,8,9,10,11,12,13,14,15,16,17,18","6","1,4,6,13,14","1,4,6","1,4,6"
29,19,0.985642173546359,0.051875903870861,-1592.26835355415,-1512.19079968412,FALSE,FALSE,FALSE,"6,1,4,2,3,5,7,8,9,10,11,12,13,14,15,16,17,18,19","6","1,4,6,13,14","1,4,6","1,4,6"
29,20,0.985642179111816,0.0492821089555908,-1590.26854736681,-1505.97638539837,FALSE,FALSE,FALSE,"6,1,4,2,3,5,7,8,9,10,11,12,13,14,15,16,17,18,19,20","6","1,4,6,13,14","1,4,6","1,4,6"
30,1,0.662214804328905,0.662214804328905,-169.91271179467,-165.698103696248,TRUE,FALSE,FALSE,"12","12","4","4","12,13,16"
30,2,0.793603120705288,0.396801560352644,-414.217343741842,-405.788127544998,FALSE,FALSE,FALSE,"12,16","12","4,8","4,12","12,13,16"
30,3,0.980935253586075,0.326978417862025,-1603.19735459562,-1590.55353030035,FALSE,FALSE,FALSE,"12,16,13","12","4,8,10","4,12,13","12,13,16"
30,4,0.981174065425822,0.245293516356456,-1607.50009172615,-1590.64165933246,FALSE,FALSE,TRUE,"12,16,13,1","12","4,8,10,12","4,12,13,16","12,13,16"
30,5,0.981330221421319,0.196266044284264,-1609.66475176794,-1588.59171127583,FALSE,FALSE,FALSE,"12,16,13,1,2","12","4,8,10,12,13","4,12,13,16","12,13,16"
30,6,0.981476544348918,0.163579424058153,-1611.59889961858,-1586.31125102805,FALSE,FALSE,FALSE,"12,16,13,1,2,3","12","4,8,10,12,13,16","4,12,13,16","12,13,16"
30,7,0.981577052080437,0.140225293154348,-1612.31927209705,-1582.81701540809,FALSE,FALSE,FALSE,"12,16,13,1,2,3,4","12","4,8,10,12,13,16,18","4,12,13,16","12,13,16"
30,8,0.981691401376117,0.122711425172015,-1613.43239081505,-1579.71552602768,FALSE,TRUE,FALSE,"12,16,13,1,2,3,4,5","12","4,8,10,12,13,16,18,19","4,12,13,16","12,13,16"
30,9,0.981756929647025,0.109084103294114,-1613.22515002264,-1575.29367713684,FALSE,FALSE,FALSE,"12,16,13,1,2,3,4,5,6","12","4,8,10,12,13,16,18,19","4,12,13,16","12,13,16"
30,10,0.981814236097767,0.0981814236097767,-1612.79825822621,-1570.65217724199,FALSE,FALSE,FALSE,"12,16,13,1,2,3,4,5,6,7","12","4,8,10,12,13,16,18,19","4,12,13,16","12,13,16"
30,11,0.981866287982588,0.0892605716347807,-1612.23142649585,-1565.87073741321,FALSE,FALSE,FALSE,"12,16,13,1,2,3,4,5,6,7,8","12","4,8,10,12,13,16,18,19","4,12,13,16","12,13,16"
30,12,0.981896248906556,0.0818246874088797,-1611.05822087448,-1560.48292369342,FALSE,FALSE,FALSE,"12,16,13,1,2,3,4,5,6,7,8,9","12","4,8,10,12,13,16,18,19","4,12,13,16","12,13,16"
30,13,0.981926733193149,0.0755328256302422,-1609.90086340216,-1555.11095812267,FALSE,FALSE,FALSE,"12,16,13,1,2,3,4,5,6,7,8,9,10","12","4,8,10,12,13,16,18,19","4,12,13,16","12,13,16"
30,14,0.981950698927212,0.070139335637658,-1608.56431949031,-1549.5598061124,FALSE,FALSE,FALSE,"12,16,13,1,2,3,4,5,6,7,8,9,10,11","12","4,8,10,12,13,16,18,19","4,12,13,16","12,13,16"
30,15,0.981970555228704,0.0654647036819136,-1607.11467962707,-1543.89555815074,FALSE,FALSE,FALSE,"12,16,13,1,2,3,4,5,6,7,8,9,10,11,14","12","4,8,10,12,13,16,18,19","4,12,13,16","12,13,16"
30,16,0.981987800955095,0.0613742375596934,-1605.59317410959,-1538.15944453484,FALSE,FALSE,FALSE,"12,16,13,1,2,3,4,5,6,7,8,9,10,11,14,15","12","4,8,10,12,13,16,18,19","4,12,13,16","12,13,16"
30,17,0.981992893665901,0.0577642878627001,-1603.7345624786,-1532.08622480543,FALSE,FALSE,FALSE,"12,16,13,1,2,3,4,5,6,7,8,9,10,11,14,15,17","12","4,8,10,12,13,16,18,19","4,12,13,16","12,13,16"
30,18,0.981995615433751,0.0545553119685417,-1601.81014301657,-1525.94719724497,FALSE,FALSE,FALSE,"12,16,13,1,2,3,4,5,6,7,8,9,10,11,14,15,17,18","12","4,8,10,12,13,16,18,19","4,12,13,16","12,13,16"
30,19,0.981996759835762,0.0516840399913559,-1599.84192522991,-1519.76437135989,FALSE,FALSE,FALSE,"12,16,13,1,2,3,4,5,6,7,8,9,10,11,14,15,17,18,19","12","4,8,10,12,13,16,18,19","4,12,13,16","12,13,16"
30,20,0.981996762851428,0.0490998381425714,-1597.84200898333,-1513.54984701489,FALSE,FALSE,FALSE,"12,16,13,1,2,3,4,5,6,7,8,9,10,11,14,15,17,18,19,20","12","4,8,10,12,13,16,18,19","4,12,13,16","12,13,16"
31,1,0.754789609924202,0.754789609924202,159.298196557787,163.51280465621,TRUE,FALSE,FALSE,"17","17","3","3","3,10,17"
31,2,0.936343549600639,0.468171774800319,-513.009761179654,-504.580544982809,FALSE,FALSE,FALSE,"17,10","17","3,4","3,10","3,10,17"
31,3,0.99263761898625,0.33087920632875,-1589.56839810197,-1576.92457380671,FALSE,FALSE,TRUE,"17,10,3","17","3,4,7","3,10,17","3,10,17"
31,4,0.992693350156983,0.248173337539246,-1591.3676565141,-1574.50922412041,FALSE,FALSE,FALSE,"17,10,3,1","17","3,4,7,9","3,10,17","3,10,17"
31,5,0.992751209798535,0.198550241959707,-1593.34279887571,-1572.2697583836,FALSE,FALSE,FALSE,"17,10,3,1,2","17","3,4,7,9,10","3,10,17","3,10,17"
31,6,0.992791427429912,0.165465237904985,-1594.12461570869,-1568.83696711816,FALSE,FALSE,FALSE,"17,10,3,1,2,4","17","3,4,7,9,10,11","3,10,17","3,10,17"
31,7,0.992826021565898,0.141832288795128,-1594.52990547196,-1565.02764878301,FALSE,TRUE,FALSE,"17,10,3,1,2,4,5","17","3,4,7,9,10,11,17","3,10,17","3,10,17"
31,8,0.992850619011796,0.124106327376475,-1594.24720302438,-1560.530338237,FALSE,FALSE,FALSE,"17,10,3,1,2,4,5,6","17","3,4,7,9,10,11,17","3,10,17","3,10,17"
31,9,0.992880170234852,0.110320018914984,-1594.31818409087,-1556.38671120507,FALSE,FALSE,FALSE,"17,10,3,1,2,4,5,6,7","17","3,4,7,9,10,11,17","3,10,17","3,10,17"
31,10,0.992900072466288,0.0992900072466288,-1593.71780322738,-1551.57172224316,FALSE,FALSE,FALSE,"17,10,3,1,2,4,5,6,7,8","17","3,4,7,9,10,11,17","3,10,17","3,10,17"
31,11,0.992916185795153,0.0902651077995593,-1592.85384589463,-1546.49315681198,FALSE,FALSE,FALSE,"17,10,3,1,2,4,5,6,7,8,9","17","3,4,7,9,10,11,17","3,10,17","3,10,17"
31,12,0.992929749652819,0.0827441458044016,-1591.81214743185,-1541.23685025078,FALSE,FALSE,FALSE,"17,10,3,1,2,4,5,6,7,8,9,11","17","3,4,7,9,10,11,17","3,10,17","3,10,17"
31,13,0.992941112975759,0.0763800856135199,-1590.61639507214,-1535.82648979265,FALSE,FALSE,FALSE,"17,10,3,1,2,4,5,6,7,8,9,11,12","17","3,4,7,9,10,11,17","3,10,17","3,10,17"
31,14,0.992945102706616,0.0709246501933297,-1588.89907836059,-1529.89456498268,FALSE,FALSE,FALSE,"17,10,3,1,2,4,5,6,7,8,9,11,12,13","17","3,4,7,9,10,11,17","3,10,17","3,10,17"
31,15,0.992947429077179,0.0661964952718119,-1587.06398183926,-1523.84486036293,FALSE,FALSE,FALSE,"17,10,3,1,2,4,5,6,7,8,9,11,12,13,14","17","3,4,7,9,10,11,17","3,10,17","3,10,17"
31,16,0.992949159915247,0.062059322494703,-1585.18670662377,-1517.75297704902,FALSE,FALSE,FALSE,"17,10,3,1,2,4,5,6,7,8,9,11,12,13,14,15","17","3,4,7,9,10,11,17","3,10,17","3,10,17"
31,17,0.992950810222184,0.0584088711895402,-1583.30374942155,-1511.65541174837,FALSE,FALSE,FALSE,"17,10,3,1,2,4,5,6,7,8,9,11,12,13,14,15,16","17","3,4,7,9,10,11,17","3,10,17","3,10,17"
31,18,0.992951544523208,0.0551639746957338,-1581.35583620706,-1505.49289043547,FALSE,FALSE,FALSE,"17,10,3,1,2,4,5,6,7,8,9,11,12,13,14,15,16,18","17","3,4,7,9,10,11,17","3,10,17","3,10,17"
31,19,0.992952060645705,0.0522606347708266,-1579.39245000111,-1499.31489613109,FALSE,FALSE,FALSE,"17,10,3,1,2,4,5,6,7,8,9,11,12,13,14,15,16,18,19","17","3,4,7,9,10,11,17","3,10,17","3,10,17"
31,20,0.992952281248421,0.049647614062421,-1577.40810040314,-1493.1159384347,FALSE,FALSE,FALSE,"17,10,3,1,2,4,5,6,7,8,9,11,12,13,14,15,16,18,19,20","17","3,4,7,9,10,11,17","3,10,17","3,10,17"
32,1,0.707210067877958,0.707210067877958,178.415047725219,182.629655823641,TRUE,FALSE,FALSE,"1","1","1","1","1,5,13"
32,2,0.896232078125584,0.448116039062792,-338.23420803271,-329.804991835865,FALSE,FALSE,FALSE,"1,13","1","1,5","1,5","1,5,13"
32,3,0.99114705230009,0.330382350766696,-1566.93741210852,-1554.29358781325,FALSE,TRUE,TRUE,"1,13,5","1","1,5,13","1,5,13","1,5,13"
32,4,0.991175484978551,0.247793871244638,-1566.54582749187,-1549.68739509818,FALSE,FALSE,FALSE,"1,13,5,2","1","1,5,13","1,5,13","1,5,13"
32,5,0.991195295118701,0.19823905902374,-1565.66953850107,-1544.59649800896,FALSE,FALSE,FALSE,"1,13,5,2,3","1","1,5,13","1,5,13","1,5,13"
32,6,0.991222404370211,0.165203734061702,-1565.21138866885,-1539.92374007831,FALSE,FALSE,FALSE,"1,13,5,2,3,4","1","1,5,13","1,5,13","1,5,13"
32,7,0.991237441053346,0.141605348721907,-1564.06866086405,-1534.5664041751,FALSE,FALSE,FALSE,"1,13,5,2,3,4,6","1","1,5,13","1,5,13","1,5,13"
32,8,0.991256087621773,0.123907010952722,-1563.13378559037,-1529.41692080299,FALSE,FALSE,FALSE,"1,13,5,2,3,4,6,7","1","1,5,13","1,5,13","1,5,13"
32,9,0.991268564183916,0.110140951575991,-1561.8477378461,-1523.9162649603,FALSE,FALSE,FALSE,"1,13,5,2,3,4,6,7,8","1","1,5,13","1,5,13","1,5,13"
32,10,0.991278333858873,0.0991278333858873,-1560.40750515861,-1518.26142417438,FALSE,FALSE,FALSE,"1,13,5,2,3,4,6,7,8,9","1","1,5,13","1,5,13","1,5,13"
32,11,0.991288178283713,0.0901171071167012,-1558.97218997477,-1512.61150089213,FALSE,FALSE,FALSE,"1,13,5,2,3,4,6,7,8,9,10","1","1,5,13","1,5,13","1,5,13"
32,12,0.991298929914322,0.0826082441595268,-1557.58964238289,-1507.01434520182,FALSE,FALSE,FALSE,"1,13,5,2,3,4,6,7,8,9,10,11","1","1,5,13","1,5,13","1,5,13"
32,13,0.991306391963917,0.0762543378433783,-1556.01862704136,-1501.22872176187,FALSE,FALSE,FALSE,"1,13,5,2,3,4,6,7,8,9,10,11,12","1","1,5,13","1,5,13","1,5,13"
32,14,0.991314854359295,0.0708082038828068,-1554.5055662203,-1495.50105284239,FALSE,FALSE,FALSE,"1,13,5,2,3,4,6,7,8,9,10,11,12,14","1","1,5,13","1,5,13","1,5,13"
32,15,0.991323016168307,0.0660882010778872,-1552.97565887954,-1489.75653740321,FALSE,FALSE,FALSE,"1,13,5,2,3,4,6,7,8,9,10,11,12,14,15","1","1,5,13","1,5,13","1,5,13"
32,16,0.991327709899226,0.0619579818687017,-1551.24620224936,-1483.8124726746,FALSE,FALSE,FALSE,"1,13,5,2,3,4,6,7,8,9,10,11,12,14,15,16","1","1,5,13","1,5,13","1,5,13"
32,17,0.991332754644523,0.0583136914496778,-1549.53714115318,-1477.88880348001,FALSE,FALSE,FALSE,"1,13,5,2,3,4,6,7,8,9,10,11,12,14,15,16,17","1","1,5,13","1,5,13","1,5,13"
32,18,0.991335518467541,0.0550741954704189,-1547.69660726176,-1471.83366149016,FALSE,FALSE,FALSE,"1,13,5,2,3,4,6,7,8,9,10,11,12,14,15,16,17,18","1","1,5,13","1,5,13","1,5,13"
32,19,0.991337488360692,0.0521756572821417,-1545.81029652913,-1465.73274265911,FALSE,FALSE,FALSE,"1,13,5,2,3,4,6,7,8,9,10,11,12,14,15,16,17,18,19","1","1,5,13","1,5,13","1,5,13"
32,20,0.991337498055105,0.0495668749027552,-1543.81085609076,-1459.51869412232,FALSE,FALSE,FALSE,"1,13,5,2,3,4,6,7,8,9,10,11,12,14,15,16,17,18,19,20","1","1,5,13","1,5,13","1,5,13"
33,1,0.745138592125559,0.745138592125559,-17.8244216875622,-13.6098135891401,TRUE,FALSE,FALSE,"19","19","4","4","4,6,19"
33,2,0.929149071051385,0.464574535525692,-655.895332359358,-647.466116162513,FALSE,FALSE,FALSE,"19,4","19","4,6","4,6","4,6,19"
33,3,0.989099933190579,0.329699977730193,-1589.79991186604,-1577.15608757077,FALSE,TRUE,TRUE,"19,4,6","19","4,6,19","4,6,19","4,6,19"
33,4,0.98913681954952,0.24728420488738,-1589.49480573096,-1572.63637333727,FALSE,FALSE,FALSE,"19,4,6,1","19","4,6,19","4,6,19","4,6,19"
33,5,0.989163489901608,0.197832697980322,-1588.72387236015,-1567.65083186804,FALSE,FALSE,FALSE,"19,4,6,1,2","19","4,6,19","4,6,19","4,6,19"
33,6,0.989194335010235,0.164865722501706,-1588.14910477728,-1562.86145618675,FALSE,FALSE,FALSE,"19,4,6,1,2,3","19","4,6,19","4,6,19","4,6,19"
33,7,0.989216084331336,0.141316583475905,-1587.156504078,-1557.65424738904,FALSE,FALSE,FALSE,"19,4,6,1,2,3,5","19","4,6,19","4,6,19","4,6,19"
33,8,0.989235550870069,0.123654443858759,-1586.05989253512,-1552.34302774774,FALSE,FALSE,FALSE,"19,4,6,1,2,3,5,7","19","4,6,19","4,6,19","4,6,19"
33,9,0.989254504941074,0.109917167215675,-1584.94106989867,-1547.00959701287,FALSE,FALSE,FALSE,"19,4,6,1,2,3,5,7,8","19","4,6,19","4,6,19","4,6,19"
33,10,0.989265413018495,0.0989265413018495,-1583.44889283611,-1541.30281185189,FALSE,FALSE,FALSE,"19,4,6,1,2,3,5,7,8,9","19","4,6,19","4,6,19","4,6,19"
33,11,0.989278097805388,0.0899343725277625,-1582.0400794122,-1535.67939032955,FALSE,FALSE,FALSE,"19,4,6,1,2,3,5,7,8,9,10","19","4,6,19","4,6,19","4,6,19"
33,12,0.98928764692899,0.0824406372440825,-1580.48558704079,-1529.91028985972,FALSE,FALSE,FALSE,"19,4,6,1,2,3,5,7,8,9,10,11","19","4,6,19","4,6,19","4,6,19"
33,13,0.989289803628296,0.0760992156637151,-1578.58626130085,-1523.79635602136,FALSE,FALSE,FALSE,"19,4,6,1,2,3,5,7,8,9,10,11,12","19","4,6,19","4,6,19","4,6,19"
33,14,0.989292018488587,0.0706637156063276,-1576.68967160543,-1517.68515822752,FALSE,FALSE,FALSE,"19,4,6,1,2,3,5,7,8,9,10,11,12,13","19","4,6,19","4,6,19","4,6,19"
33,15,0.989293936046139,0.0659529290697426,-1574.77921832655,-1511.56009685022,FALSE,FALSE,FALSE,"19,4,6,1,2,3,5,7,8,9,10,11,12,13,14","19","4,6,19","4,6,19","4,6,19"
33,16,0.989295548372425,0.0618309717732766,-1572.8545236728,-1505.42079409804,FALSE,FALSE,FALSE,"19,4,6,1,2,3,5,7,8,9,10,11,12,13,14,15","19","4,6,19","4,6,19","4,6,19"
33,17,0.989296520253008,0.0581939129560593,-1570.89992182762,-1499.25158415444,FALSE,FALSE,FALSE,"19,4,6,1,2,3,5,7,8,9,10,11,12,13,14,15,16","19","4,6,19","4,6,19","4,6,19"
33,18,0.989297274601391,0.0549609597000773,-1568.935161534,-1493.0722157624,FALSE,FALSE,FALSE,"19,4,6,1,2,3,5,7,8,9,10,11,12,13,14,15,16,17","19","4,6,19","4,6,19","4,6,19"
33,19,0.989297678396267,0.0520682988629614,-1566.95402600439,-1486.87647213437,FALSE,FALSE,FALSE,"19,4,6,1,2,3,5,7,8,9,10,11,12,13,14,15,16,17,18","19","4,6,19","4,6,19","4,6,19"
33,20,0.98929770875517,0.0494648854377585,-1564.955444339,-1480.66328237055,FALSE,FALSE,FALSE,"19,4,6,1,2,3,5,7,8,9,10,11,12,13,14,15,16,17,18,20","19","4,6,19","4,6,19","4,6,19"
34,1,0.521566543034899,0.521566543034899,-40.7726630183134,-36.5580549198913,FALSE,FALSE,FALSE,"2","2","2","2","2,11,20"
34,2,0.869879548941198,0.434939774470599,-689.80094663651,-681.371730439665,FALSE,FALSE,FALSE,"2,20","2,11","2,7","2,11","2,11,20"
34,3,0.981762496369041,0.327254165456347,-1670.29117420676,-1657.6473499115,TRUE,FALSE,TRUE,"2,20,11","2,11,20","2,7,11","2,11,20","2,11,20"
34,4,0.981844714165925,0.245461178541481,-1670.55035625819,-1653.6919238645,FALSE,FALSE,FALSE,"2,20,11,1","2,11,20","2,7,11,18","2,11,20","2,11,20"
34,5,0.981929158820451,0.19638583176409,-1670.88140333495,-1649.80836284284,FALSE,TRUE,FALSE,"2,20,11,1,3","2,11,20","2,7,11,18,20","2,11,20","2,11,20"
34,6,0.981999812853899,0.16366663547565,-1670.84015325384,-1645.55250466331,FALSE,FALSE,FALSE,"2,20,11,1,3,4","2,11,20","2,7,11,18,20","2,11,20","2,11,20"
34,7,0.982057295042396,0.140293899291771,-1670.43941903741,-1640.93716234846,FALSE,FALSE,FALSE,"2,20,11,1,3,4,5","2,11,20","2,7,11,18,20","2,11,20","2,11,20"
34,8,0.982098839070424,0.122762354883803,-1669.59844710546,-1635.88158231808,FALSE,FALSE,FALSE,"2,20,11,1,3,4,5,6","2,11,20","2,7,11,18,20","2,11,20","2,11,20"
34,9,0.982147886785878,0.109127542976209,-1668.97028639563,-1631.03881350983,FALSE,FALSE,FALSE,"2,20,11,1,3,4,5,6,7","2,11,20","2,7,11,18,20","2,11,20","2,11,20"
34,10,0.98217467126957,0.098217467126957,-1667.72102656262,-1625.5749455784,FALSE,FALSE,FALSE,"2,20,11,1,3,4,5,6,7,8","2,11,20","2,7,11,18,20","2,11,20","2,11,20"
34,11,0.982204551009627,0.089291322819057,-1666.55985572294,-1620.1991666403,FALSE,FALSE,FALSE,"2,20,11,1,3,4,5,6,7,8,9","2,11,20","2,7,11,18,20","2,11,20","2,11,20"
34,12,0.982232072066307,0.0818526726721923,-1665.33371536605,-1614.75841818498,FALSE,FALSE,FALSE,"2,20,11,1,3,4,5,6,7,8,9,10","2,11,20","2,7,11,18,20","2,11,20","2,11,20"
34,13,0.982257074691345,0.0755582365147189,-1664.03779952305,-1609.24789424356,FALSE,FALSE,FALSE,"2,20,11,1,3,4,5,6,7,8,9,10,12","2,11,20","2,7,11,18,20","2,11,20","2,11,20"
34,14,0.982277146305957,0.0701626533075684,-1662.60374273138,-1603.59922935347,FALSE,FALSE,FALSE,"2,20,11,1,3,4,5,6,7,8,9,10,12,13","2,11,20","2,7,11,18,20","2,11,20","2,11,20"
34,15,0.982299813857365,0.0654866542571577,-1661.24365264895,-1598.02453117262,FALSE,FALSE,FALSE,"2,20,11,1,3,4,5,6,7,8,9,10,12,13,14","2,11,20","2,7,11,18,20","2,11,20","2,11,20"
34,16,0.982319101737481,0.0613949438585925,-1659.78879936648,-1592.35506979172,FALSE,FALSE,FALSE,"2,20,11,1,3,4,5,6,7,8,9,10,12,13,14,15","2,11,20","2,7,11,18,20","2,11,20","2,11,20"
34,17,0.982334004237222,0.0577843531904248,-1658.21040644216,-1586.56206876899,FALSE,FALSE,FALSE,"2,20,11,1,3,4,5,6,7,8,9,10,12,13,14,15,16","2,11,20","2,7,11,18,20","2,11,20","2,11,20"
34,18,0.982347108347701,0.0545748393526501,-1656.58142920193,-1580.71848343033,FALSE,FALSE,FALSE,"2,20,11,1,3,4,5,6,7,8,9,10,12,13,14,15,16,17","2,11,20","2,7,11,18,20","2,11,20","2,11,20"
34,19,0.982353327167633,0.0517028066930333,-1654.75760191359,-1574.68004804356,FALSE,FALSE,FALSE,"2,20,11,1,3,4,5,6,7,8,9,10,12,13,14,15,16,17,18","2,11,20","2,7,11,18,20","2,11,20","2,11,20"
34,20,0.982353544981156,0.0491176772490578,-1652.76377346982,-1568.47161150138,FALSE,FALSE,FALSE,"2,20,11,1,3,4,5,6,7,8,9,10,12,13,14,15,16,17,18,19","2,11,20","2,7,11,18,20","2,11,20","2,11,20"
35,1,0.842911301606492,0.842911301606492,-327.035617246584,-322.821009148162,TRUE,FALSE,FALSE,"13","13","8","8","8,11,13"
35,2,0.936070624242989,0.468035312121495,-774.551433989453,-766.122217792609,FALSE,FALSE,FALSE,"13,8","13","8,11","8,11","8,11,13"
35,3,0.988392336291843,0.329464112097281,-1625.60814688368,-1612.96432258842,FALSE,TRUE,TRUE,"13,8,11","13","8,11,13","8,11,13","8,11,13"
35,4,0.988433550938686,0.247108387734672,-1625.38662663421,-1608.52819424052,FALSE,FALSE,FALSE,"13,8,11,1","13","8,11,13","8,11,13","8,11,13"
35,5,0.988465536533667,0.197693107306733,-1624.77123061394,-1603.69819012183,FALSE,FALSE,FALSE,"13,8,11,1,2","13","8,11,13","8,11,13","8,11,13"
35,6,0.988506810131737,0.164751135021956,-1624.56358182175,-1599.27593323122,FALSE,FALSE,FALSE,"13,8,11,1,2,3","13","8,11,13","8,11,13","8,11,13"
35,7,0.988529699581002,0.141218528511572,-1623.56035785881,-1594.05810116986,FALSE,FALSE,FALSE,"13,8,11,1,2,3,4","13","8,11,13","8,11,13","8,11,13"
35,8,0.988558210057023,0.123569776257128,-1622.80470048691,-1589.08783569953,FALSE,FALSE,FALSE,"13,8,11,1,2,3,4,5","13","8,11,13","8,11,13","8,11,13"
35,9,0.988588269665365,0.109843141073929,-1622.12001757207,-1584.18854468627,FALSE,FALSE,FALSE,"13,8,11,1,2,3,4,5,6","13","8,11,13","8,11,13","8,11,13"
35,10,0.988608141604756,0.0988608141604756,-1620.99145691685,-1578.84537593263,FALSE,FALSE,FALSE,"13,8,11,1,2,3,4,5,6,7","13","8,11,13","8,11,13","8,11,13"
35,11,0.98861875290311,0.0898744320821009,-1619.45741440891,-1573.09672532626,FALSE,FALSE,FALSE,"13,8,11,1,2,3,4,5,6,7,9","13","8,11,13","8,11,13","8,11,13"
35,12,0.988630245995298,0.0823858538329415,-1617.96258308762,-1567.38728590655,FALSE,FALSE,FALSE,"13,8,11,1,2,3,4,5,6,7,9,10","13","8,11,13","8,11,13","8,11,13"
35,13,0.988639642207182,0.0760492032467063,-1616.37596479479,-1561.5860595153,FALSE,FALSE,FALSE,"13,8,11,1,2,3,4,5,6,7,9,10,12","13","8,11,13","8,11,13","8,11,13"
35,14,0.98864501793095,0.0706175012807821,-1614.61262090035,-1555.60810752244,FALSE,FALSE,FALSE,"13,8,11,1,2,3,4,5,6,7,9,10,12,14","13","8,11,13","8,11,13","8,11,13"
35,15,0.988650484417144,0.0659100322944763,-1612.85338757063,-1549.6342660943,FALSE,FALSE,FALSE,"13,8,11,1,2,3,4,5,6,7,9,10,12,14,15","13","8,11,13","8,11,13","8,11,13"
35,16,0.988655421428945,0.0617909638393091,-1611.07093367956,-1543.63720410481,FALSE,FALSE,FALSE,"13,8,11,1,2,3,4,5,6,7,9,10,12,14,15,16","13","8,11,13","8,11,13","8,11,13"
35,17,0.988658640773792,0.0581563906337525,-1609.21284294942,-1537.56450527624,FALSE,FALSE,FALSE,"13,8,11,1,2,3,4,5,6,7,9,10,12,14,15,16,17","13","8,11,13","8,11,13","8,11,13"
35,18,0.988660887318262,0.0549256048510146,-1607.31189487771,-1531.44894910611,FALSE,FALSE,FALSE,"13,8,11,1,2,3,4,5,6,7,9,10,12,14,15,16,17,18","13","8,11,13","8,11,13","8,11,13"
35,19,0.988663118072726,0.0520349009511961,-1605.41027003214,-1525.33271616212,FALSE,FALSE,FALSE,"13,8,11,1,2,3,4,5,6,7,9,10,12,14,15,16,17,18,19","13","8,11,13","8,11,13","8,11,13"
35,20,0.98866520930125,0.0494332604650625,-1603.50250974309,-1519.21034777464,FALSE,FALSE,FALSE,"13,8,11,1,2,3,4,5,6,7,9,10,12,14,15,16,17,18,19,20","13","8,11,13","8,11,13","8,11,13"
36,1,0.665954366189978,0.665954366189978,-501.55181446073,-497.337206362308,TRUE,FALSE,FALSE,"14","14","3","14","14,18,20"
36,2,0.789662656094817,0.394831328047408,-730.834299676387,-722.405083479543,FALSE,FALSE,FALSE,"14,20","14","3,11","14,18","14,18,20"
36,3,0.967351319812318,0.322450439937439,-1660.2884044378,-1647.64458014253,FALSE,FALSE,TRUE,"14,20,18","14","3,11,13","14,18,20","14,18,20"
36,4,0.967745995386624,0.241936498846656,-1664.36951557405,-1647.51108318036,FALSE,FALSE,FALSE,"14,20,18,1","14","3,11,13,14","14,18,20","14,18,20"
36,5,0.968078067636682,0.193615613527336,-1667.54396614595,-1646.47092565384,FALSE,FALSE,FALSE,"14,20,18,1,2","14","3,11,13,14,16","14,18,20","14,18,20"
36,6,0.968237745162538,0.16137295752709,-1668.05130536926,-1642.76365677873,FALSE,FALSE,FALSE,"14,20,18,1,2,3","14","3,11,13,14,16,18","14,18,20","14,18,20"
36,7,0.96838078241475,0.138340111773536,-1668.30807678171,-1638.80582009275,FALSE,TRUE,FALSE,"14,20,18,1,2,3,4","14","3,11,13,14,16,18,20","14,18,20","14,18,20"
36,8,0.968502650948018,0.121062831368502,-1668.23892776443,-1634.52206297705,FALSE,FALSE,FALSE,"14,20,18,1,2,3,4,5","14","3,11,13,14,16,18,20","14,18,20","14,18,20"
36,9,0.968628118995735,0.107625346555082,-1668.23462922565,-1630.30315633985,FALSE,FALSE,FALSE,"14,20,18,1,2,3,4,5,6","14","3,11,13,14,16,18,20","14,18,20","14,18,20"
36,10,0.96869450948694,0.096869450948694,-1667.2938714119,-1625.14779042768,FALSE,FALSE,FALSE,"14,20,18,1,2,3,4,5,6,7","14","3,11,13,14,16,18,20","14,18,20","14,18,20"
36,11,0.96873491477773,0.088066810434339,-1665.93962695964,-1619.578937877,FALSE,FALSE,FALSE,"14,20,18,1,2,3,4,5,6,7,8","14","3,11,13,14,16,18,20","14,18,20","14,18,20"
36,12,0.96876067041253,0.0807300558677109,-1664.35168803304,-1613.77639085197,FALSE,FALSE,FALSE,"14,20,18,1,2,3,4,5,6,7,8,9","14","3,11,13,14,16,18,20","14,18,20","14,18,20"
36,13,0.968781337763716,0.0745216413664397,-1662.6825880722,-1607.89268279271,FALSE,FALSE,FALSE,"14,20,18,1,2,3,4,5,6,7,8,9,10","14","3,11,13,14,16,18,20","14,18,20","14,18,20"
36,14,0.968797852566871,0.0691998466119194,-1660.94716015365,-1601.94264677574,FALSE,FALSE,FALSE,"14,20,18,1,2,3,4,5,6,7,8,9,10,11","14","3,11,13,14,16,18,20","14,18,20","14,18,20"
36,15,0.968812266364001,0.0645874844242667,-1659.17818796039,-1595.95906648406,FALSE,FALSE,FALSE,"14,20,18,1,2,3,4,5,6,7,8,9,10,11,12","14","3,11,13,14,16,18,20","14,18,20","14,18,20"
36,16,0.968819587907561,0.0605512242442226,-1657.29558031683,-1589.86185074208,FALSE,FALSE,FALSE,"14,20,18,1,2,3,4,5,6,7,8,9,10,11,12,13","14","3,11,13,14,16,18,20","14,18,20","14,18,20"
36,17,0.968827630052371,0.056989860591316,-1655.42455844085,-1583.77622076767,FALSE,FALSE,FALSE,"14,20,18,1,2,3,4,5,6,7,8,9,10,11,12,13,15","14","3,11,13,14,16,18,20","14,18,20","14,18,20"
36,18,0.968828579678771,0.053823809982154,-1653.43979053366,-1577.57684476206,FALSE,FALSE,FALSE,"14,20,18,1,2,3,4,5,6,7,8,9,10,11,12,13,15,16","14","3,11,13,14,16,18,20","14,18,20","14,18,20"
36,19,0.968829667937354,0.0509910351545976,-1651.45724686977,-1571.37969299975,FALSE,FALSE,FALSE,"14,20,18,1,2,3,4,5,6,7,8,9,10,11,12,13,15,16,17","14","3,11,13,14,16,18,20","14,18,20","14,18,20"
36,20,0.968829760568949,0.0484414880284475,-1649.4587327656,-1565.16657079715,FALSE,FALSE,FALSE,"14,20,18,1,2,3,4,5,6,7,8,9,10,11,12,13,15,16,17,19","14","3,11,13,14,16,18,20","14,18,20","14,18,20"
37,1,0.684156767766331,0.684156767766331,154.834313069804,159.048921168226,TRUE,FALSE,FALSE,"3","19","3","3","3,19,20"
37,2,0.890309286574974,0.445154643287487,-371.956327204365,-363.52711100752,FALSE,FALSE,FALSE,"3,19","19","3,19","3,19","3,19,20"
37,3,0.988321951404989,0.32944065046833,-1489.93323636267,-1477.2894120674,FALSE,TRUE,TRUE,"3,19,20","19","3,19,20","3,19,20","3,19,20"
37,4,0.988366983291865,0.247091745822966,-1489.86502035913,-1473.00658796544,FALSE,FALSE,FALSE,"3,19,20,1","19","3,19,20","3,19,20","3,19,20"
37,5,0.98841020339888,0.197682040679776,-1489.72612806991,-1468.6530875778,FALSE,FALSE,FALSE,"3,19,20,1,2","19","3,19,20","3,19,20","3,19,20"
37,6,0.988459907721692,0.164743317953615,-1489.87505319361,-1464.58740460308,FALSE,FALSE,FALSE,"3,19,20,1,2,4","19","3,19,20","3,19,20","3,19,20"
37,7,0.988496399145417,0.141213771306488,-1489.45862983723,-1459.95637314827,FALSE,FALSE,FALSE,"3,19,20,1,2,4,5","19","3,19,20","3,19,20","3,19,20"
37,8,0.988518372935623,0.123564796616953,-1488.41462631365,-1454.69776152627,FALSE,FALSE,FALSE,"3,19,20,1,2,4,5,6","19","3,19,20","3,19,20","3,19,20"
37,9,0.988534685232992,0.10983718724811,-1487.12549664385,-1449.19402375805,FALSE,FALSE,FALSE,"3,19,20,1,2,4,5,6,7","19","3,19,20","3,19,20","3,19,20"
37,10,0.988552216106576,0.0988552216106576,-1485.89059949025,-1443.74451850602,FALSE,FALSE,FALSE,"3,19,20,1,2,4,5,6,7,8","19","3,19,20","3,19,20","3,19,20"
37,11,0.988560848263795,0.0898691680239814,-1484.26776477651,-1437.90707569387,FALSE,FALSE,FALSE,"3,19,20,1,2,4,5,6,7,8,9","19","3,19,20","3,19,20","3,19,20"
37,12,0.988564467414814,0.0823803722845678,-1482.42598121343,-1431.85068403237,FALSE,FALSE,FALSE,"3,19,20,1,2,4,5,6,7,8,9,10","19","3,19,20","3,19,20","3,19,20"
37,13,0.988568873136416,0.076043759472032,-1480.61865131753,-1425.82874603804,FALSE,FALSE,FALSE,"3,19,20,1,2,4,5,6,7,8,9,10,11","19","3,19,20","3,19,20","3,19,20"
37,14,0.988571533023422,0.0706122523588159,-1478.7350088975,-1419.73049551959,FALSE,FALSE,FALSE,"3,19,20,1,2,4,5,6,7,8,9,10,11,12","19","3,19,20","3,19,20","3,19,20"
37,15,0.988574697658709,0.0659049798439139,-1476.87348212975,-1413.65436065342,FALSE,FALSE,FALSE,"3,19,20,1,2,4,5,6,7,8,9,10,11,12,13","19","3,19,20","3,19,20","3,19,20"
37,16,0.988576676579557,0.0617860422862223,-1474.96009218997,-1407.52636261522,FALSE,FALSE,FALSE,"3,19,20,1,2,4,5,6,7,8,9,10,11,12,13,14","19","3,19,20","3,19,20","3,19,20"
37,17,0.988578254179926,0.0581516620105839,-1473.0291486833,-1401.38081101013,FALSE,FALSE,FALSE,"3,19,20,1,2,4,5,6,7,8,9,10,11,12,13,14,15","19","3,19,20","3,19,20","3,19,20"
37,18,0.988579274172843,0.0549210707873801,-1471.07380203489,-1395.21085626329,FALSE,FALSE,FALSE,"3,19,20,1,2,4,5,6,7,8,9,10,11,12,13,14,15,16","19","3,19,20","3,19,20","3,19,20"
37,19,0.988580062333753,0.0520305295965133,-1469.10830895324,-1389.03075508322,FALSE,FALSE,FALSE,"3,19,20,1,2,4,5,6,7,8,9,10,11,12,13,14,15,16,17","19","3,19,20","3,19,20","3,19,20"
37,20,0.98858057252687,0.0494290286263435,-1467.1306472763,-1382.83848530786,FALSE,FALSE,FALSE,"3,19,20,1,2,4,5,6,7,8,9,10,11,12,13,14,15,16,17,18","19","3,19,20","3,19,20","3,19,20"
38,1,0.69221386500796,0.69221386500796,74.3137898774461,78.5283979758683,TRUE,FALSE,FALSE,"20","20","5","14","14,15,20"
38,2,0.904487247106682,0.452243623553341,-508.758909202087,-500.329693005243,FALSE,FALSE,FALSE,"20,14","20","5,6","14,15","14,15,20"
38,3,0.989156718458641,0.32971890615288,-1594.61595985412,-1581.97213555886,FALSE,FALSE,TRUE,"20,14,15","20","5,6,8","14,15,20","14,15,20"
38,4,0.989210580859253,0.247302645214813,-1595.10582520702,-1578.24739281333,FALSE,FALSE,FALSE,"20,14,15,1","20","5,6,8,10","14,15,20","14,15,20"
38,5,0.989285553791329,0.197857110758266,-1596.5923256403,-1575.51928514819,FALSE,FALSE,FALSE,"20,14,15,1,2","20","5,6,8,10,14","14,15,20","14,15,20"
38,6,0.98933549662112,0.164889249436853,-1596.92840489606,-1571.64075630553,FALSE,FALSE,FALSE,"20,14,15,1,2,3","20","5,6,8,10,14,15","14,15,20","14,15,20"
38,7,0.989383512492871,0.141340501784696,-1597.1846886137,-1567.68243192474,FALSE,FALSE,FALSE,"20,14,15,1,2,3,4","20","5,6,8,10,14,15,16","14,15,20","14,15,20"
38,8,0.989426347074599,0.123678293384325,-1597.20613062386,-1563.48926583649,FALSE,TRUE,FALSE,"20,14,15,1,2,3,4,5","20","5,6,8,10,14,15,16,20","14,15,20","14,15,20"
38,9,0.989466726612431,0.109940747401381,-1597.11922713517,-1559.18775424937,FALSE,FALSE,FALSE,"20,14,15,1,2,3,4,5,6","20","5,6,8,10,14,15,16,20","14,15,20","14,15,20"
38,10,0.989508138889765,0.0989508138889765,-1597.08888544542,-1554.9428044612,FALSE,FALSE,FALSE,"20,14,15,1,2,3,4,5,6,7","20","5,6,8,10,14,15,16,20","14,15,20","14,15,20"
38,11,0.989536697858228,0.0899578816234753,-1596.45174698946,-1550.09105790682,FALSE,FALSE,FALSE,"20,14,15,1,2,3,4,5,6,7,8","20","5,6,8,10,14,15,16,20","14,15,20","14,15,20"
38,12,0.989555451158605,0.082462954263217,-1595.34869739439,-1544.77340021332,FALSE,FALSE,FALSE,"20,14,15,1,2,3,4,5,6,7,8,9","20","5,6,8,10,14,15,16,20","14,15,20","14,15,20"
38,13,0.989572894924371,0.0761209919172593,-1594.18446105249,-1539.394555773,FALSE,FALSE,FALSE,"20,14,15,1,2,3,4,5,6,7,8,9,10","20","5,6,8,10,14,15,16,20","14,15,20","14,15,20"
38,14,0.989588008105973,0.0706848577218552,-1592.90969325775,-1533.90517987984,FALSE,FALSE,FALSE,"20,14,15,1,2,3,4,5,6,7,8,9,10,11","20","5,6,8,10,14,15,16,20","14,15,20","14,15,20"
38,15,0.989604733738939,0.0659736489159293,-1591.71352990187,-1528.49440842554,FALSE,FALSE,FALSE,"20,14,15,1,2,3,4,5,6,7,8,9,10,11,12","20","5,6,8,10,14,15,16,20","14,15,20","14,15,20"
38,16,0.989611105476009,0.0618506940922506,-1590.02009687542,-1522.58636730067,FALSE,FALSE,FALSE,"20,14,15,1,2,3,4,5,6,7,8,9,10,11,12,13","20","5,6,8,10,14,15,16,20","14,15,20","14,15,20"
38,17,0.989613431805731,0.0582125548121018,-1588.13207174516,-1516.48373407198,FALSE,FALSE,FALSE,"20,14,15,1,2,3,4,5,6,7,8,9,10,11,12,13,16","20","5,6,8,10,14,15,16,20","14,15,20","14,15,20"
38,18,0.989615311076279,0.0549786283931266,-1586.22254631503,-1510.35960054343,FALSE,FALSE,FALSE,"20,14,15,1,2,3,4,5,6,7,8,9,10,11,12,13,16,17","20","5,6,8,10,14,15,16,20","14,15,20","14,15,20"
38,19,0.989615645621032,0.0520850339800543,-1584.23865417074,-1504.16110030072,FALSE,FALSE,FALSE,"20,14,15,1,2,3,4,5,6,7,8,9,10,11,12,13,16,17,18","20","5,6,8,10,14,15,16,20","14,15,20","14,15,20"
38,20,0.989615748937138,0.0494807874468569,-1582.2436287997,-1497.95146683126,FALSE,FALSE,FALSE,"20,14,15,1,2,3,4,5,6,7,8,9,10,11,12,13,16,17,18,19","20","5,6,8,10,14,15,16,20","14,15,20","14,15,20"
39,1,0.698664459444079,0.698664459444079,276.432884074746,280.647492173169,TRUE,FALSE,FALSE,"3","3","3","3","3,5,16"
39,2,0.917345945355483,0.458672972677741,-368.347373663925,-359.91815746708,FALSE,FALSE,FALSE,"3,5","3","3,5","3,5","3,5,16"
39,3,0.993189909727247,0.331063303242416,-1614.47662620852,-1601.83280191325,FALSE,FALSE,FALSE,"3,5,16","3","3,5,11","3,5,11","3,5,16"
39,4,0.993289096744114,0.248322274186028,-1619.81253654079,-1602.9541041471,FALSE,TRUE,TRUE,"3,5,16,1","3","3,5,11,16","3,5,11,16","3,5,16"
39,5,0.993310552063697,0.198662110412739,-1619.4136391992,-1598.34059870709,FALSE,FALSE,FALSE,"3,5,16,1,2","3","3,5,11,16","3,5,11,16","3,5,16"
39,6,0.993326355851194,0.165554392641866,-1618.59628426097,-1593.30863567044,FALSE,FALSE,FALSE,"3,5,16,1,2,4","3","3,5,11,16","3,5,11,16","3,5,16"
39,7,0.993338120877387,0.141905445839627,-1617.47851655187,-1587.97625986291,FALSE,FALSE,FALSE,"3,5,16,1,2,4,6","3","3,5,11,16","3,5,11,16","3,5,16"
39,8,0.993347386504731,0.124168423313091,-1616.17442206667,-1582.45755727929,FALSE,FALSE,FALSE,"3,5,16,1,2,4,6,7","3","3,5,11,16","3,5,11,16","3,5,16"
39,9,0.993355246155003,0.110372805128334,-1614.76549028235,-1576.83401739655,FALSE,FALSE,FALSE,"3,5,16,1,2,4,6,7,8","3","3,5,11,16","3,5,11,16","3,5,16"
39,10,0.99336231329702,0.099336231329702,-1613.29755685987,-1571.15147587564,FALSE,FALSE,FALSE,"3,5,16,1,2,4,6,7,8,9","3","3,5,11,16","3,5,11,16","3,5,16"
39,11,0.993366682844759,0.0903060620767963,-1611.62681212525,-1565.26612304261,FALSE,FALSE,FALSE,"3,5,16,1,2,4,6,7,8,9,10","3","3,5,11,16","3,5,11,16","3,5,16"
39,12,0.993371750379345,0.0827809791982787,-1610.00893400555,-1559.43363682449,FALSE,FALSE,FALSE,"3,5,16,1,2,4,6,7,8,9,10,11","3","3,5,11,16","3,5,11,16","3,5,16"
39,13,0.993375388063586,0.0764134913895066,-1608.28341694019,-1553.4935116607,FALSE,FALSE,FALSE,"3,5,16,1,2,4,6,7,8,9,10,11,12","3","3,5,11,16","3,5,11,16","3,5,16"
39,14,0.993378342181049,0.0709555958700749,-1606.5064319902,-1547.50191861229,FALSE,FALSE,FALSE,"3,5,16,1,2,4,6,7,8,9,10,11,12,13","3","3,5,11,16","3,5,11,16","3,5,16"
39,15,0.993380366570058,0.0662253577713372,-1604.65931655313,-1541.44019507679,FALSE,FALSE,FALSE,"3,5,16,1,2,4,6,7,8,9,10,11,12,13,14","3","3,5,11,16","3,5,11,16","3,5,16"
39,16,0.99338188220555,0.0620863676378469,-1602.77380997978,-1535.34008040502,FALSE,FALSE,FALSE,"3,5,16,1,2,4,6,7,8,9,10,11,12,13,14,15","3","3,5,11,16","3,5,11,16","3,5,16"
39,17,0.993382849556773,0.0584342852680455,-1600.84689888191,-1529.19856120873,FALSE,FALSE,FALSE,"3,5,16,1,2,4,6,7,8,9,10,11,12,13,14,15,17","3","3,5,11,16","3,5,11,16","3,5,16"
39,18,0.993382975350616,0.0551879430750342,-1598.85640410923,-1522.99345833763,FALSE,FALSE,FALSE,"3,5,16,1,2,4,6,7,8,9,10,11,12,13,14,15,17,18","3","3,5,11,16","3,5,11,16","3,5,16"
39,19,0.993383058640011,0.05228331887579,-1596.86269771724,-1516.78514384722,FALSE,FALSE,FALSE,"3,5,16,1,2,4,6,7,8,9,10,11,12,13,14,15,17,18,19","3","3,5,11,16","3,5,11,16","3,5,16"
39,20,0.993383093866159,0.0496691546933079,-1594.86535953939,-1510.57319757095,FALSE,FALSE,FALSE,"3,5,16,1,2,4,6,7,8,9,10,11,12,13,14,15,17,18,19,20","3","3,5,11,16","3,5,11,16","3,5,16"
40,1,0.22986027719577,0.22986027719577,136.572094941468,140.78670303989,FALSE,FALSE,FALSE,"10","10","1","10","10,13,20"
40,2,0.788984310833468,0.394492155416734,-508.747639869646,-500.318423672802,FALSE,FALSE,FALSE,"10,20","10,13","1,8","10,13","10,13,20"
40,3,0.976427889578328,0.325475963192776,-1602.68175764182,-1590.03793334655,TRUE,FALSE,TRUE,"10,20,13","10,13,20","1,8,10","10,13,20","10,13,20"
40,4,0.97661096438203,0.244152741095507,-1604.58020873581,-1587.72177634212,FALSE,FALSE,FALSE,"10,20,13,1","10,13,20","1,8,10,12","10,13,20","10,13,20"
40,5,0.976908777704236,0.195381755540847,-1608.98760428631,-1587.9145637942,FALSE,FALSE,FALSE,"10,20,13,1,2","10,13,20","1,8,10,12,13","10,13,20","10,13,20"
40,6,0.977077884764535,0.162846314127423,-1610.66279567102,-1585.37514708049,FALSE,FALSE,FALSE,"10,20,13,1,2,3","10,13,20","1,8,10,12,13,14","10,13,20","10,13,20"
40,7,0.977162810535126,0.139594687219304,-1610.51872133804,-1581.01646464908,FALSE,FALSE,FALSE,"10,20,13,1,2,3,4","10,13,20","1,8,10,12,13,14,15","10,13,20","10,13,20"
40,8,0.977261784045093,0.122157723005637,-1610.69036774784,-1576.97350296046,FALSE,TRUE,FALSE,"10,20,13,1,2,3,4,5","10,13,20","1,8,10,12,13,14,15,20","10,13,20","10,13,20"
40,9,0.977313717108134,0.108590413012015,-1609.83365137201,-1571.90217848621,FALSE,FALSE,FALSE,"10,20,13,1,2,3,4,5,6","10,13,20","1,8,10,12,13,14,15,20","10,13,20","10,13,20"
40,10,0.977367284971516,0.0977367284971516,-1609.01566974815,-1566.86958876393,FALSE,FALSE,FALSE,"10,20,13,1,2,3,4,5,6,7","10,13,20","1,8,10,12,13,14,15,20","10,13,20","10,13,20"
40,11,0.97741387576585,0.0888558068878046,-1608.04601045527,-1561.68532137263,FALSE,FALSE,FALSE,"10,20,13,1,2,3,4,5,6,7,8","10,13,20","1,8,10,12,13,14,15,20","10,13,20","10,13,20"
40,12,0.977448182435318,0.0814540152029432,-1606.806051226,-1556.23075404493,FALSE,FALSE,FALSE,"10,20,13,1,2,3,4,5,6,7,8,9","10,13,20","1,8,10,12,13,14,15,20","10,13,20","10,13,20"
40,13,0.977486252700823,0.0751912502077556,-1605.65082649234,-1550.86092121286,FALSE,FALSE,FALSE,"10,20,13,1,2,3,4,5,6,7,8,9,11","10,13,20","1,8,10,12,13,14,15,20","10,13,20","10,13,20"
40,14,0.977506887771832,0.0698219205551309,-1604.10931376899,-1545.10480039108,FALSE,FALSE,FALSE,"10,20,13,1,2,3,4,5,6,7,8,9,11,12","10,13,20","1,8,10,12,13,14,15,20","10,13,20","10,13,20"
40,15,0.977523805751161,0.0651682537167441,-1602.48552548878,-1539.26640401245,FALSE,FALSE,FALSE,"10,20,13,1,2,3,4,5,6,7,8,9,11,12,14","10,13,20","1,8,10,12,13,14,15,20","10,13,20","10,13,20"
40,16,0.977540680875469,0.0610962925547168,-1600.86106643256,-1533.42733685781,FALSE,FALSE,FALSE,"10,20,13,1,2,3,4,5,6,7,8,9,11,12,14,15","10,13,20","1,8,10,12,13,14,15,20","10,13,20","10,13,20"
40,17,0.977556235743144,0.0575033079848908,-1599.2074762362,-1527.55913856303,FALSE,FALSE,FALSE,"10,20,13,1,2,3,4,5,6,7,8,9,11,12,14,15,16","10,13,20","1,8,10,12,13,14,15,20","10,13,20","10,13,20"
40,18,0.977574887573104,0.0543097159762836,-1597.62317264789,-1521.7602268763,FALSE,FALSE,FALSE,"10,20,13,1,2,3,4,5,6,7,8,9,11,12,14,15,16,17","10,13,20","1,8,10,12,13,14,15,20","10,13,20","10,13,20"
40,19,0.977579761424521,0.0514515663907643,-1595.7318539566,-1515.65430008658,FALSE,FALSE,FALSE,"10,20,13,1,2,3,4,5,6,7,8,9,11,12,14,15,16,17,18","10,13,20","1,8,10,12,13,14,15,20","10,13,20","10,13,20"
40,20,0.977579859212086,0.0488789929606043,-1593.73403474914,-1509.4418727807,FALSE,FALSE,FALSE,"10,20,13,1,2,3,4,5,6,7,8,9,11,12,14,15,16,17,18,19","10,13,20","1,8,10,12,13,14,15,20","10,13,20","10,13,20"
41,1,0.694233012811512,0.694233012811512,-94.8726326470496,-90.6580245486274,TRUE,FALSE,FALSE,"2","2","1","1","1,2,13"
41,2,0.900005456721178,0.450002728360589,-651.726490054919,-643.297273858075,FALSE,FALSE,FALSE,"2,13","2","1,2","1,2","1,2,13"
41,3,0.985667524497496,0.328555841499165,-1621.02031041269,-1608.37648611742,FALSE,FALSE,FALSE,"2,13,1","2","1,2,5","1,2,13","1,2,13"
41,4,0.985880923683038,0.246470230920759,-1626.52089205885,-1609.66245966516,FALSE,FALSE,TRUE,"2,13,1,3","2","1,2,5,10","1,2,13,16","1,2,13"
41,5,0.985939964222872,0.197187992844574,-1626.61608320716,-1605.54304271505,FALSE,FALSE,FALSE,"2,13,1,3,4","2","1,2,5,10,13","1,2,13,16","1,2,13"
41,6,0.986028924124204,0.164338154020701,-1627.78970689709,-1602.50205830656,FALSE,TRUE,FALSE,"2,13,1,3,4,5","2","1,2,5,10,13,16","1,2,13,16","1,2,13"
41,7,0.986076586434391,0.140868083776342,-1627.49837256997,-1597.99611588102,FALSE,FALSE,FALSE,"2,13,1,3,4,5,6","2","1,2,5,10,13,16","1,2,13,16","1,2,13"
41,8,0.986132083759536,0.123266510469942,-1627.49530468158,-1593.77843989421,FALSE,FALSE,FALSE,"2,13,1,3,4,5,6,7","2","1,2,5,10,13,16","1,2,13,16","1,2,13"
41,9,0.986161943598352,0.109573549288706,-1626.57304523819,-1588.64157235239,FALSE,FALSE,FALSE,"2,13,1,3,4,5,6,7,8","2","1,2,5,10,13,16","1,2,13,16","1,2,13"
41,10,0.986192289254751,0.0986192289254751,-1625.67070581044,-1583.52462482622,FALSE,FALSE,FALSE,"2,13,1,3,4,5,6,7,8,9","2","1,2,5,10,13,16","1,2,13,16","1,2,13"
41,11,0.986210958059752,0.0896555416417956,-1624.34719148473,-1577.98650240209,FALSE,FALSE,FALSE,"2,13,1,3,4,5,6,7,8,9,10","2","1,2,5,10,13,16","1,2,13,16","1,2,13"
41,12,0.986224403619908,0.0821853669683257,-1622.83497445747,-1572.25967727641,FALSE,FALSE,FALSE,"2,13,1,3,4,5,6,7,8,9,10,11","2","1,2,5,10,13,16","1,2,13,16","1,2,13"
41,13,0.986236319868327,0.0758643322975636,-1621.26767461058,-1566.4777693311,FALSE,FALSE,FALSE,"2,13,1,3,4,5,6,7,8,9,10,11,12","2","1,2,5,10,13,16","1,2,13,16","1,2,13"
41,14,0.986246292982285,0.0704461637844489,-1619.63010416613,-1560.62559078822,FALSE,FALSE,FALSE,"2,13,1,3,4,5,6,7,8,9,10,11,12,14","2","1,2,5,10,13,16","1,2,13,16","1,2,13"
41,15,0.98625314393192,0.0657502095954614,-1617.87922451162,-1554.66010303529,FALSE,FALSE,FALSE,"2,13,1,3,4,5,6,7,8,9,10,11,12,14,15","2","1,2,5,10,13,16","1,2,13,16","1,2,13"
41,16,0.986258343732046,0.0616411464832529,-1616.06838717433,-1548.63465759957,FALSE,FALSE,FALSE,"2,13,1,3,4,5,6,7,8,9,10,11,12,14,15,16","2","1,2,5,10,13,16","1,2,13,16","1,2,13"
41,17,0.98626301922743,0.0580154717192606,-1614.23853736856,-1542.59019969538,FALSE,FALSE,FALSE,"2,13,1,3,4,5,6,7,8,9,10,11,12,14,15,16,17","2","1,2,5,10,13,16","1,2,13,16","1,2,13"
41,18,0.98626719000379,0.0547926216668772,-1612.39036875406,-1536.52742298246,FALSE,FALSE,FALSE,"2,13,1,3,4,5,6,7,8,9,10,11,12,14,15,16,17,18","2","1,2,5,10,13,16","1,2,13,16","1,2,13"
41,19,0.98627078151022,0.0519089885005379,-1610.52114956844,-1530.44359569842,FALSE,FALSE,FALSE,"2,13,1,3,4,5,6,7,8,9,10,11,12,14,15,16,17,18,19","2","1,2,5,10,13,16","1,2,13,16","1,2,13"
41,20,0.986273118798416,0.0493136559399208,-1608.60627776319,-1524.31411579475,FALSE,FALSE,FALSE,"2,13,1,3,4,5,6,7,8,9,10,11,12,14,15,16,17,18,19,20","2","1,2,5,10,13,16","1,2,13,16","1,2,13"
42,1,0.561175537192583,0.561175537192583,-204.505505498545,-200.290897400123,TRUE,FALSE,FALSE,"9","9","2","4","4,9,19"
42,2,0.781427772526802,0.390713886263401,-550.996983373412,-542.567767176568,FALSE,FALSE,FALSE,"9,4","9","2,4","4,9","4,9,19"
42,3,0.972997490228507,0.324332496742836,-1594.59033549669,-1581.94651120142,FALSE,FALSE,TRUE,"9,4,19","9","2,4,5","4,9,19","4,9,19"
42,4,0.973152803104301,0.243288200776075,-1595.47453517146,-1578.61610277777,FALSE,FALSE,FALSE,"9,4,19,1","9","2,4,5,6","4,9,19","4,9,19"
42,5,0.973288300769056,0.194657660153811,-1596.0044221488,-1574.93138165669,FALSE,FALSE,FALSE,"9,4,19,1,2","9","2,4,5,6,9","4,9,19","4,9,19"
42,6,0.973412796393181,0.16223546606553,-1596.34022727633,-1571.0525786858,FALSE,FALSE,FALSE,"9,4,19,1,2,3","9","2,4,5,6,9,15","4,9,19","4,9,19"
42,7,0.973549649058901,0.139078521294129,-1596.92053043334,-1567.41827374438,FALSE,TRUE,FALSE,"9,4,19,1,2,3,5","9","2,4,5,6,9,15,19","4,9,19","4,9,19"
42,8,0.973639910762717,0.12170498884534,-1596.62969610973,-1562.91283132235,FALSE,FALSE,FALSE,"9,4,19,1,2,3,5,6","9","2,4,5,6,9,15,19","4,9,19","4,9,19"
42,9,0.973701553658208,0.108189061517579,-1595.80031209764,-1557.86883921184,FALSE,FALSE,FALSE,"9,4,19,1,2,3,5,6,7","9","2,4,5,6,9,15,19","4,9,19","4,9,19"
42,10,0.973765670696839,0.0973765670696839,-1595.02082766494,-1552.87474668072,FALSE,FALSE,FALSE,"9,4,19,1,2,3,5,6,7,8","9","2,4,5,6,9,15,19","4,9,19","4,9,19"
42,11,0.973827434521221,0.0885297667746565,-1594.19937207662,-1547.83868299397,FALSE,FALSE,FALSE,"9,4,19,1,2,3,5,6,7,8,10","9","2,4,5,6,9,15,19","4,9,19","4,9,19"
42,12,0.973865527215298,0.0811554606012748,-1592.92762399214,-1542.35232681107,FALSE,FALSE,FALSE,"9,4,19,1,2,3,5,6,7,8,10,11","9","2,4,5,6,9,15,19","4,9,19","4,9,19"
42,13,0.973917367162186,0.0749167205509374,-1591.92040142209,-1537.1304961426,FALSE,FALSE,FALSE,"9,4,19,1,2,3,5,6,7,8,10,11,12","9","2,4,5,6,9,15,19","4,9,19","4,9,19"
42,14,0.973949822464891,0.0695678444617779,-1590.54295191698,-1531.53843853907,FALSE,FALSE,FALSE,"9,4,19,1,2,3,5,6,7,8,10,11,12,13","9","2,4,5,6,9,15,19","4,9,19","4,9,19"
42,15,0.973984074992154,0.0649322716661436,-1589.20081817798,-1525.98169670165,FALSE,FALSE,FALSE,"9,4,19,1,2,3,5,6,7,8,10,11,12,13,14","9","2,4,5,6,9,15,19","4,9,19","4,9,19"
42,16,0.97400613707044,0.0608753835669025,-1587.62500909442,-1520.19127951966,FALSE,FALSE,FALSE,"9,4,19,1,2,3,5,6,7,8,10,11,12,13,14,15","9","2,4,5,6,9,15,19","4,9,19","4,9,19"
42,17,0.974025678935176,0.0572956281726574,-1586.00104427893,-1514.35270660576,FALSE,FALSE,FALSE,"9,4,19,1,2,3,5,6,7,8,10,11,12,13,14,15,16","9","2,4,5,6,9,15,19","4,9,19","4,9,19"
42,18,0.974030117003733,0.0541127842779852,-1584.0864834275,-1508.2235376559,FALSE,FALSE,FALSE,"9,4,19,1,2,3,5,6,7,8,10,11,12,13,14,15,16,17","9","2,4,5,6,9,15,19","4,9,19","4,9,19"
42,19,0.97403284399177,0.0512648865258826,-1582.1389890784,-1502.06143520838,FALSE,FALSE,FALSE,"9,4,19,1,2,3,5,6,7,8,10,11,12,13,14,15,16,17,18","9","2,4,5,6,9,15,19","4,9,19","4,9,19"
42,20,0.974032857940215,0.0487016428970107,-1580.13925765708,-1495.84709568864,FALSE,FALSE,FALSE,"9,4,19,1,2,3,5,6,7,8,10,11,12,13,14,15,16,17,18,20","9","2,4,5,6,9,15,19","4,9,19","4,9,19"
43,1,0.709516801124316,0.709516801124316,228.430970356269,232.645578454692,TRUE,FALSE,FALSE,"17","17","4","4","4,10,17"
43,2,0.921287333830279,0.46064366691514,-422.439856900858,-414.010640704014,FALSE,FALSE,FALSE,"17,4","17","4,6","4,10","4,10,17"
43,3,0.99196515657356,0.330655052191187,-1561.44814307678,-1548.80431878152,FALSE,FALSE,TRUE,"17,4,10","17","4,6,9","4,10,17","4,10,17"
43,4,0.992029487635162,0.248007371908791,-1563.46751064787,-1546.60907825418,FALSE,FALSE,FALSE,"17,4,10,1","17","4,6,9,10","4,10,17","4,10,17"
43,5,0.992076358092354,0.198415271618471,-1564.41643087675,-1543.34339038464,FALSE,TRUE,FALSE,"17,4,10,1,2","17","4,6,9,10,17","4,10,17","4,10,17"
43,6,0.992103855665658,0.165350642610943,-1564.15460866096,-1538.86696007043,FALSE,FALSE,FALSE,"17,4,10,1,2,3","17","4,6,9,10,17","4,10,17","4,10,17"
43,7,0.992123003884148,0.141731857697735,-1563.36858554508,-1533.86632885613,FALSE,FALSE,FALSE,"17,4,10,1,2,3,5","17","4,6,9,10,17","4,10,17","4,10,17"
43,8,0.992139962803201,0.1240174953504,-1562.44622993211,-1528.72936514473,FALSE,FALSE,FALSE,"17,4,10,1,2,3,5,6","17","4,6,9,10,17","4,10,17","4,10,17"
43,9,0.992150760645369,0.110238973405041,-1561.13358455558,-1523.20211166978,FALSE,FALSE,FALSE,"17,4,10,1,2,3,5,6,7","17","4,6,9,10,17","4,10,17","4,10,17"
43,10,0.992164182629744,0.0992164182629744,-1559.98930270096,-1517.84322171673,FALSE,FALSE,FALSE,"17,4,10,1,2,3,5,6,7,8","17","4,6,9,10,17","4,10,17","4,10,17"
43,11,0.992174553989088,0.0901976867262808,-1558.65153285493,-1512.29084377229,FALSE,FALSE,FALSE,"17,4,10,1,2,3,5,6,7,8,9","17","4,6,9,10,17","4,10,17","4,10,17"
43,12,0.992183615246119,0.0826819679371766,-1557.23082936954,-1506.65553218847,FALSE,FALSE,FALSE,"17,4,10,1,2,3,5,6,7,8,9,11","17","4,6,9,10,17","4,10,17","4,10,17"
43,13,0.992186436933057,0.0763220336102351,-1555.41136016856,-1500.62145488907,FALSE,FALSE,FALSE,"17,4,10,1,2,3,5,6,7,8,9,11,12","17","4,6,9,10,17","4,10,17","4,10,17"
43,14,0.99218806887408,0.0708705763481486,-1553.51580109116,-1494.51128771325,FALSE,FALSE,FALSE,"17,4,10,1,2,3,5,6,7,8,9,11,12,13","17","4,6,9,10,17","4,10,17","4,10,17"
43,15,0.99218967033144,0.066145978022096,-1551.6183123337,-1488.39919085736,FALSE,FALSE,FALSE,"17,4,10,1,2,3,5,6,7,8,9,11,12,13,14","17","4,6,9,10,17","4,10,17","4,10,17"
43,16,0.99219092035446,0.0620119325221537,-1549.6983424422,-1482.26461286745,FALSE,FALSE,FALSE,"17,4,10,1,2,3,5,6,7,8,9,11,12,13,14,15","17","4,6,9,10,17","4,10,17","4,10,17"
43,17,0.992191349557496,0.0583641970327939,-1547.7258242231,-1476.07748654992,FALSE,FALSE,FALSE,"17,4,10,1,2,3,5,6,7,8,9,11,12,13,14,15,16","17","4,6,9,10,17","4,10,17","4,10,17"
43,18,0.992191639151364,0.0551217577306313,-1545.7443677115,-1469.8814219399,FALSE,FALSE,FALSE,"17,4,10,1,2,3,5,6,7,8,9,11,12,13,14,15,16,18","17","4,6,9,10,17","4,10,17","4,10,17"
43,19,0.992191679648673,0.0522206147183512,-1543.74696091996,-1463.66940704994,FALSE,FALSE,FALSE,"17,4,10,1,2,3,5,6,7,8,9,11,12,13,14,15,16,18,19","17","4,6,9,10,17","4,10,17","4,10,17"
43,20,0.992191713636268,0.0496095856818134,-1541.74913729511,-1457.45697532667,FALSE,FALSE,FALSE,"17,4,10,1,2,3,5,6,7,8,9,11,12,13,14,15,16,18,19,20","17","4,6,9,10,17","4,10,17","4,10,17"
44,1,0.257178987932073,0.257178987932073,74.2260530877974,78.4406611862196,FALSE,FALSE,FALSE,"15","1","1","1","1,3,15"
44,2,0.855127428904928,0.427563714452464,-741.074237278513,-732.645021081668,FALSE,FALSE,FALSE,"15,1","1,3","1,3","1,3","1,3,15"
44,3,0.975670480526633,0.325223493508878,-1631.15630216494,-1618.51247786967,TRUE,FALSE,FALSE,"15,1,3","1,3,15","1,3,4","1,3,15","1,3,15"
44,4,0.97607007150644,0.24401751787661,-1637.43654839477,-1620.57811600108,FALSE,FALSE,TRUE,"15,1,3,2","1,3,15","1,3,4,10","1,3,15,16","1,3,15"
44,5,0.976267483352607,0.195253496670521,-1639.5784461608,-1618.50540566869,FALSE,FALSE,FALSE,"15,1,3,2,4","1,3,15","1,3,4,10,13","1,3,15,16","1,3,15"
44,6,0.976421117296187,0.162736852882698,-1640.82574989116,-1615.53810130062,FALSE,FALSE,FALSE,"15,1,3,2,4,5","1,3,15","1,3,4,10,13,14","1,3,15,16","1,3,15"
44,7,0.97652027955332,0.139502897079046,-1640.93296084231,-1611.43070415335,FALSE,FALSE,FALSE,"15,1,3,2,4,5,6","1,3,15","1,3,4,10,13,14,15","1,3,15,16","1,3,15"
44,8,0.976623356945977,0.122077919618247,-1641.13282338463,-1607.41595859725,FALSE,TRUE,FALSE,"15,1,3,2,4,5,6,7","1,3,15","1,3,4,10,13,14,15,16","1,3,15,16","1,3,15"
44,9,0.976686773925992,0.108520752658444,-1640.49108418506,-1602.55961129926,FALSE,FALSE,FALSE,"15,1,3,2,4,5,6,7,8","1,3,15","1,3,4,10,13,14,15,16","1,3,15,16","1,3,15"
44,10,0.976728429776813,0.0976728429776813,-1639.38527854103,-1597.23919755681,FALSE,FALSE,FALSE,"15,1,3,2,4,5,6,7,8,9","1,3,15","1,3,4,10,13,14,15,16","1,3,15,16","1,3,15"
44,11,0.976756427508951,0.0887960388644501,-1637.98718436966,-1591.62649528702,FALSE,FALSE,FALSE,"15,1,3,2,4,5,6,7,8,9,10","1,3,15","1,3,4,10,13,14,15,16","1,3,15,16","1,3,15"
44,12,0.976784934690528,0.081398744557544,-1636.60078792121,-1586.02549074015,FALSE,FALSE,FALSE,"15,1,3,2,4,5,6,7,8,9,10,11","1,3,15","1,3,4,10,13,14,15,16","1,3,15,16","1,3,15"
44,13,0.976806061442869,0.0751389278032976,-1635.05601755427,-1580.26611227479,FALSE,FALSE,FALSE,"15,1,3,2,4,5,6,7,8,9,10,11,12","1,3,15","1,3,4,10,13,14,15,16","1,3,15,16","1,3,15"
44,14,0.976822650442429,0.0697730464601735,-1633.41376047973,-1574.40924710182,FALSE,FALSE,FALSE,"15,1,3,2,4,5,6,7,8,9,10,11,12,13","1,3,15","1,3,4,10,13,14,15,16","1,3,15,16","1,3,15"
44,15,0.976840080463116,0.0651226720308744,-1631.78991604197,-1568.57079456564,FALSE,FALSE,FALSE,"15,1,3,2,4,5,6,7,8,9,10,11,12,13,14","1,3,15","1,3,4,10,13,14,15,16","1,3,15,16","1,3,15"
44,16,0.976854516889328,0.061053407305583,-1630.10168153486,-1562.66795196011,FALSE,FALSE,FALSE,"15,1,3,2,4,5,6,7,8,9,10,11,12,13,14,16","1,3,15","1,3,4,10,13,14,15,16","1,3,15,16","1,3,15"
44,17,0.97686134485346,0.0574624320502036,-1628.24920430268,-1556.6008666295,FALSE,FALSE,FALSE,"15,1,3,2,4,5,6,7,8,9,10,11,12,13,14,16,17","1,3,15","1,3,4,10,13,14,15,16","1,3,15,16","1,3,15"
44,18,0.976868638879554,0.054270479937753,-1626.40684475199,-1550.54389898039,FALSE,FALSE,FALSE,"15,1,3,2,4,5,6,7,8,9,10,11,12,13,14,16,17,18","1,3,15","1,3,4,10,13,14,15,16","1,3,15,16","1,3,15"
44,19,0.976872680697868,0.0514143516156773,-1624.49421901964,-1544.41666514962,FALSE,FALSE,FALSE,"15,1,3,2,4,5,6,7,8,9,10,11,12,13,14,16,17,18,19","1,3,15","1,3,4,10,13,14,15,16","1,3,15,16","1,3,15"
44,20,0.976875786190378,0.0488437893095189,-1622.56136257805,-1538.2692006096,FALSE,FALSE,FALSE,"15,1,3,2,4,5,6,7,8,9,10,11,12,13,14,16,17,18,19,20","1,3,15","1,3,4,10,13,14,15,16","1,3,15,16","1,3,15"
45,1,0.203910242056621,0.203910242056621,-75.6849988870601,-71.4703907886379,FALSE,FALSE,FALSE,"4","4","4","4","4,14,17"
45,2,0.748297978353662,0.374148989176831,-649.418002209926,-640.988786013081,FALSE,FALSE,FALSE,"4,17","4,14","4,5","4,14","4,14,17"
45,3,0.962260190521336,0.320753396840445,-1596.18322341463,-1583.53939911936,TRUE,FALSE,TRUE,"4,17,14","4,14,17","4,5,14","4,14,17","4,14,17"
45,4,0.962423772667473,0.240605943166868,-1596.35516992546,-1579.49673753177,FALSE,TRUE,FALSE,"4,17,14,1","4,14,17","4,5,14,17","4,14,17","4,14,17"
45,5,0.962499524576795,0.192499904915359,-1595.36416382435,-1574.29112333224,FALSE,FALSE,FALSE,"4,17,14,1,2","4,14,17","4,5,14,17","4,14,17","4,14,17"
45,6,0.962597870035498,0.16043297833925,-1594.67714238774,-1569.38949379721,FALSE,FALSE,FALSE,"4,17,14,1,2,3","4,14,17","4,5,14,17","4,14,17","4,14,17"
45,7,0.962679955700509,0.137525707957216,-1593.77568775048,-1564.27343106152,FALSE,FALSE,FALSE,"4,17,14,1,2,3,5","4,14,17","4,5,14,17","4,14,17","4,14,17"
45,8,0.962749547458782,0.120343693432348,-1592.70892249376,-1558.99205770638,FALSE,FALSE,FALSE,"4,17,14,1,2,3,5,6","4,14,17","4,5,14,17","4,14,17","4,14,17"
45,9,0.962807751750165,0.106978639083352,-1591.49078965636,-1553.55931677056,FALSE,FALSE,FALSE,"4,17,14,1,2,3,5,6,7","4,14,17","4,5,14,17","4,14,17","4,14,17"
45,10,0.962869706328375,0.0962869706328375,-1590.32438052877,-1548.17829954455,FALSE,FALSE,FALSE,"4,17,14,1,2,3,5,6,7,8","4,14,17","4,5,14,17","4,14,17","4,14,17"
45,11,0.962912033610434,0.0875374576009486,-1588.89468878732,-1542.53399970468,FALSE,FALSE,FALSE,"4,17,14,1,2,3,5,6,7,8,9","4,14,17","4,5,14,17","4,14,17","4,14,17"
45,12,0.962920384893879,0.0802433654078232,-1587.00728897343,-1536.43199179237,FALSE,FALSE,FALSE,"4,17,14,1,2,3,5,6,7,8,9,10","4,14,17","4,5,14,17","4,14,17","4,14,17"
45,13,0.962930315709729,0.0740715627469022,-1585.14121897669,-1530.3513136972,FALSE,FALSE,FALSE,"4,17,14,1,2,3,5,6,7,8,9,10,11","4,14,17","4,5,14,17","4,14,17","4,14,17"
45,14,0.962935738565177,0.068781124183227,-1583.21436840109,-1524.20985502318,FALSE,FALSE,FALSE,"4,17,14,1,2,3,5,6,7,8,9,10,11,12","4,14,17","4,5,14,17","4,14,17","4,14,17"
45,15,0.962940518493759,0.0641960345662506,-1581.27885419739,-1518.05973272106,FALSE,FALSE,FALSE,"4,17,14,1,2,3,5,6,7,8,9,10,11,12,13","4,14,17","4,5,14,17","4,14,17","4,14,17"
45,16,0.96294387077335,0.0601839919233344,-1579.32408460917,-1511.89035503442,FALSE,FALSE,FALSE,"4,17,14,1,2,3,5,6,7,8,9,10,11,12,13,15","4,14,17","4,5,14,17","4,14,17","4,14,17"
45,17,0.962945099096949,0.0566438293586441,-1577.34065870883,-1505.69232103566,FALSE,FALSE,FALSE,"4,17,14,1,2,3,5,6,7,8,9,10,11,12,13,15,16","4,14,17","4,5,14,17","4,14,17","4,14,17"
45,18,0.962945161497955,0.0534969534165531,-1575.34150071701,-1499.47855494541,FALSE,FALSE,FALSE,"4,17,14,1,2,3,5,6,7,8,9,10,11,12,13,15,16,18","4,14,17","4,5,14,17","4,14,17","4,14,17"
45,19,0.96294520849351,0.0506813267628163,-1573.34213485261,-1493.26458098259,FALSE,FALSE,FALSE,"4,17,14,1,2,3,5,6,7,8,9,10,11,12,13,15,16,18,19","4,14,17","4,5,14,17","4,14,17","4,14,17"
45,20,0.962945252523286,0.0481472626261643,-1571.34272897013,-1487.05056700168,FALSE,FALSE,FALSE,"4,17,14,1,2,3,5,6,7,8,9,10,11,12,13,15,16,18,19,20","4,14,17","4,5,14,17","4,14,17","4,14,17"
46,1,0.287098463651783,0.287098463651783,-165.749638204368,-161.535030105946,FALSE,FALSE,FALSE,"7","2","2","2","2,7,12"
46,2,0.700075136624141,0.350037568312071,-596.655300862565,-588.226084665721,FALSE,FALSE,FALSE,"7,12","2,7","2,3","2,7","2,7,12"
46,3,0.957379071829656,0.319126357276552,-1570.24859267653,-1557.60476838127,TRUE,FALSE,TRUE,"7,12,2","2,7,12","2,3,7","2,7,12","2,7,12"
46,4,0.957588791426653,0.239397197856663,-1570.71495457529,-1553.8565221816,FALSE,FALSE,FALSE,"7,12,2,1","2,7,12","2,3,7,12","2,7,12","2,7,12"
46,5,0.957762998823979,0.191552599764796,-1570.77297380323,-1549.69993331112,FALSE,TRUE,FALSE,"7,12,2,1,3","2,7,12","2,3,7,12,19","2,7,12","2,7,12"
46,6,0.957835243226013,0.159639207204336,-1569.62893251111,-1544.34128392057,FALSE,FALSE,FALSE,"7,12,2,1,3,4","2,7,12","2,3,7,12,19","2,7,12","2,7,12"
46,7,0.957907513412041,0.136843930487434,-1568.48666534056,-1538.9844086516,FALSE,FALSE,FALSE,"7,12,2,1,3,4,5","2,7,12","2,3,7,12,19","2,7,12","2,7,12"
46,8,0.957973498609041,0.11974668732613,-1567.2710924018,-1533.55422761442,FALSE,FALSE,FALSE,"7,12,2,1,3,4,5,6","2,7,12","2,3,7,12,19","2,7,12","2,7,12"
46,9,0.958029520536303,0.106447724504034,-1565.93804417791,-1528.00657129211,FALSE,FALSE,FALSE,"7,12,2,1,3,4,5,6,8","2,7,12","2,3,7,12,19","2,7,12","2,7,12"
46,10,0.958069361277123,0.0958069361277123,-1564.41289772784,-1522.26681674362,FALSE,FALSE,FALSE,"7,12,2,1,3,4,5,6,8,9","2,7,12","2,3,7,12,19","2,7,12","2,7,12"
46,11,0.958117053919208,0.0871015503562916,-1562.98193015074,-1516.62124106809,FALSE,FALSE,FALSE,"7,12,2,1,3,4,5,6,8,9,10","2,7,12","2,3,7,12,19","2,7,12","2,7,12"
46,12,0.958141889414061,0.0798451574511717,-1561.27850505162,-1510.70320787055,FALSE,FALSE,FALSE,"7,12,2,1,3,4,5,6,8,9,10,11","2,7,12","2,3,7,12,19","2,7,12","2,7,12"
46,13,0.958164253282402,0.0737049425601848,-1559.54571544906,-1504.75581016957,FALSE,FALSE,FALSE,"7,12,2,1,3,4,5,6,8,9,10,11,13","2,7,12","2,3,7,12,19","2,7,12","2,7,12"
46,14,0.958185154081958,0.0684417967201399,-1557.79557381029,-1498.79106043238,FALSE,FALSE,FALSE,"7,12,2,1,3,4,5,6,8,9,10,11,13,14","2,7,12","2,3,7,12,19","2,7,12","2,7,12"
46,15,0.958205302363404,0.0638803534908936,-1556.0365544565,-1492.81743298016,FALSE,FALSE,FALSE,"7,12,2,1,3,4,5,6,8,9,10,11,13,14,15","2,7,12","2,3,7,12,19","2,7,12","2,7,12"
46,16,0.958210150711222,0.0598881344194514,-1554.0945597697,-1486.66083019495,FALSE,FALSE,FALSE,"7,12,2,1,3,4,5,6,8,9,10,11,13,14,15,16","2,7,12","2,3,7,12,19","2,7,12","2,7,12"
46,17,0.958211825699596,0.056365401511741,-1552.11460078411,-1480.46626311093,FALSE,FALSE,FALSE,"7,12,2,1,3,4,5,6,8,9,10,11,13,14,15,16,17","2,7,12","2,3,7,12,19","2,7,12","2,7,12"
46,18,0.958212265400007,0.0532340147444448,-1550.1198618745,-1474.2569161029,FALSE,FALSE,FALSE,"7,12,2,1,3,4,5,6,8,9,10,11,13,14,15,16,17,18","2,7,12","2,3,7,12,19","2,7,12","2,7,12"
46,19,0.958212564960749,0.050432240261092,-1548.12344620155,-1468.04589233153,FALSE,FALSE,FALSE,"7,12,2,1,3,4,5,6,8,9,10,11,13,14,15,16,17,18,19","2,7,12","2,3,7,12,19","2,7,12","2,7,12"
46,20,0.9582125654672,0.04791062827336,-1546.1234522614,-1461.83129029295,FALSE,FALSE,FALSE,"7,12,2,1,3,4,5,6,8,9,10,11,13,14,15,16,17,18,19,20","2,7,12","2,3,7,12,19","2,7,12","2,7,12"
47,1,0.514948251858377,0.514948251858377,271.711351414157,275.92595951258,TRUE,FALSE,FALSE,"18","18","6","13","13,14,18"
47,2,0.685158426956061,0.34257921347803,57.6183449866093,66.0475611834537,FALSE,FALSE,FALSE,"18,13","18","6,13","13,14","13,14,18"
47,3,0.988738511557378,0.329579503852459,-1605.72203856563,-1593.07821427037,FALSE,FALSE,TRUE,"18,13,14","18","6,13,14","13,14,18","13,14,18"
47,4,0.988832448884903,0.247208112221226,-1607.9102641266,-1591.05183173291,FALSE,FALSE,FALSE,"18,13,14,1","18","6,13,14,17","13,14,18","13,14,18"
47,5,0.988882658618017,0.197776531723603,-1608.16335186673,-1587.09031137461,FALSE,TRUE,FALSE,"18,13,14,1,2","18","6,13,14,17,18","13,14,18","13,14,18"
47,6,0.988921923976282,0.164820320662714,-1607.93242872207,-1582.64478013154,FALSE,FALSE,FALSE,"18,13,14,1,2,3","18","6,13,14,17,18","13,14,18","13,14,18"
47,7,0.988963414773619,0.141280487824803,-1607.80859790915,-1578.3063412202,FALSE,FALSE,FALSE,"18,13,14,1,2,3,4","18","6,13,14,17,18","13,14,18","13,14,18"
47,8,0.988981536957376,0.123622692119672,-1606.6302777175,-1572.91341293012,FALSE,FALSE,FALSE,"18,13,14,1,2,3,4,5","18","6,13,14,17,18","13,14,18","13,14,18"
47,9,0.988998128913067,0.109888680990341,-1605.38376123568,-1567.45228834988,FALSE,FALSE,FALSE,"18,13,14,1,2,3,4,5,6","18","6,13,14,17,18","13,14,18","13,14,18"
47,10,0.989010021965164,0.0989010021965164,-1603.92455492656,-1561.77847394234,FALSE,FALSE,FALSE,"18,13,14,1,2,3,4,5,6,7","18","6,13,14,17,18","13,14,18","13,14,18"
47,11,0.989017727536017,0.0899107025032743,-1602.27525050824,-1555.9145614256,FALSE,FALSE,FALSE,"18,13,14,1,2,3,4,5,6,7,8","18","6,13,14,17,18","13,14,18","13,14,18"
47,12,0.98902702518575,0.0824189187654792,-1600.69873242905,-1550.12343524798,FALSE,FALSE,FALSE,"18,13,14,1,2,3,4,5,6,7,8,9","18","6,13,14,17,18","13,14,18","13,14,18"
47,13,0.989033822349273,0.076079524796098,-1599.0085513134,-1544.21864603391,FALSE,FALSE,FALSE,"18,13,14,1,2,3,4,5,6,7,8,9,10","18","6,13,14,17,18","13,14,18","13,14,18"
47,14,0.989038101935051,0.0706455787096465,-1597.2037159912,-1538.19920261329,FALSE,FALSE,FALSE,"18,13,14,1,2,3,4,5,6,7,8,9,10,11","18","6,13,14,17,18","13,14,18","13,14,18"
47,15,0.989040949840783,0.0659360633227189,-1595.33363307867,-1532.11451160234,FALSE,FALSE,FALSE,"18,13,14,1,2,3,4,5,6,7,8,9,10,11,12","18","6,13,14,17,18","13,14,18","13,14,18"
47,16,0.989043951266816,0.061815246954176,-1593.47059007194,-1526.03686049719,FALSE,FALSE,FALSE,"18,13,14,1,2,3,4,5,6,7,8,9,10,11,12,15","18","6,13,14,17,18","13,14,18","13,14,18"
47,17,0.989046086061964,0.0581791815330567,-1591.56802497804,-1519.91968730486,FALSE,FALSE,FALSE,"18,13,14,1,2,3,4,5,6,7,8,9,10,11,12,15,16","18","6,13,14,17,18","13,14,18","13,14,18"
47,18,0.989048399407458,0.0549471333004143,-1589.67363060074,-1513.81068482915,FALSE,FALSE,FALSE,"18,13,14,1,2,3,4,5,6,7,8,9,10,11,12,15,16,17","18","6,13,14,17,18","13,14,18","13,14,18"
47,19,0.98904855669503,0.0520551871944753,-1587.68081168357,-1507.60325781355,FALSE,FALSE,FALSE,"18,13,14,1,2,3,4,5,6,7,8,9,10,11,12,15,16,17,19","18","6,13,14,17,18","13,14,18","13,14,18"
47,20,0.989048633710982,0.0494524316855491,-1585.68432794257,-1501.39216597412,FALSE,FALSE,FALSE,"18,13,14,1,2,3,4,5,6,7,8,9,10,11,12,15,16,17,19,20","18","6,13,14,17,18","13,14,18","13,14,18"
48,1,0.492216386002687,0.492216386002687,-278.19001491868,-273.975406820258,FALSE,FALSE,FALSE,"1","1","1","1","1,2,10"
48,2,0.788562427029361,0.394281213514681,-714.252819157312,-705.823602960467,FALSE,FALSE,FALSE,"1,10","1,2","1,2","1,2","1,2,10"
48,3,0.964232745097108,0.321410915032369,-1600.70131132311,-1588.05748702784,TRUE,FALSE,FALSE,"1,10,2","1,2,10","1,2,5","1,2,5","1,2,10"
48,4,0.964987247894557,0.241246811973639,-1609.36154448546,-1592.50311209177,FALSE,FALSE,TRUE,"1,10,2,3","1,2,10","1,2,5,9","1,2,5,10","1,2,10"
48,5,0.965411918081056,0.193082383616211,-1613.46313022799,-1592.39008973588,FALSE,FALSE,FALSE,"1,10,2,3,4","1,2,10","1,2,5,9,10","1,2,5,10","1,2,10"
48,6,0.965726812121581,0.16095446868693,-1616.03603799481,-1590.74838940428,FALSE,FALSE,FALSE,"1,10,2,3,4,5","1,2,10","1,2,5,9,10,11","1,2,5,10","1,2,10"
48,7,0.965924922333851,0.137989274619122,-1616.93458656081,-1587.43232987186,FALSE,TRUE,FALSE,"1,10,2,3,4,5,6","1,2,10","1,2,5,9,10,11,20","1,2,5,10","1,2,10"
48,8,0.966028443800213,0.120753555475027,-1616.45591892283,-1582.73905413546,FALSE,FALSE,FALSE,"1,10,2,3,4,5,6,7","1,2,10","1,2,5,9,10,11,20","1,2,5,10","1,2,10"
48,9,0.966134836370863,0.107348315152318,-1616.02428275516,-1578.09280986936,FALSE,FALSE,FALSE,"1,10,2,3,4,5,6,7,8","1,2,10","1,2,5,9,10,11,20","1,2,5,10","1,2,10"
48,10,0.966233709892443,0.0966233709892443,-1615.48622962392,-1573.3401486397,FALSE,FALSE,FALSE,"1,10,2,3,4,5,6,7,8,9","1,2,10","1,2,5,9,10,11,20","1,2,5,10","1,2,10"
48,11,0.966355593176854,0.0878505084706231,-1615.29430197413,-1568.93361289149,FALSE,FALSE,FALSE,"1,10,2,3,4,5,6,7,8,9,11","1,2,10","1,2,5,9,10,11,20","1,2,5,10","1,2,10"
48,12,0.966428460776047,0.0805357050646706,-1614.37838442813,-1563.80308724706,FALSE,FALSE,FALSE,"1,10,2,3,4,5,6,7,8,9,11,12","1,2,10","1,2,5,9,10,11,20","1,2,5,10","1,2,10"
48,13,0.96646803837096,0.0743436952593046,-1612.96818375305,-1558.17827847356,FALSE,FALSE,FALSE,"1,10,2,3,4,5,6,7,8,9,11,12,13","1,2,10","1,2,5,9,10,11,20","1,2,5,10","1,2,10"
48,14,0.966483441537777,0.0690345315384127,-1611.19791540211,-1552.1934020242,FALSE,FALSE,FALSE,"1,10,2,3,4,5,6,7,8,9,11,12,13,14","1,2,10","1,2,5,9,10,11,20","1,2,5,10","1,2,10"
48,15,0.96650129688334,0.0644334197922226,-1609.46435241309,-1546.24523093675,FALSE,FALSE,FALSE,"1,10,2,3,4,5,6,7,8,9,11,12,13,14,15","1,2,10","1,2,5,9,10,11,20","1,2,5,10","1,2,10"
48,16,0.966507856437137,0.060406741027321,-1607.56226957853,-1540.12854000378,FALSE,FALSE,FALSE,"1,10,2,3,4,5,6,7,8,9,11,12,13,14,15,16","1,2,10","1,2,5,9,10,11,20","1,2,5,10","1,2,10"
48,17,0.966513024713683,0.056853707336099,-1605.63943208298,-1533.99109440981,FALSE,FALSE,FALSE,"1,10,2,3,4,5,6,7,8,9,11,12,13,14,15,16,17","1,2,10","1,2,5,9,10,11,20","1,2,5,10","1,2,10"
48,18,0.966517595433604,0.0536954219685336,-1603.70768297524,-1527.84473720364,FALSE,FALSE,FALSE,"1,10,2,3,4,5,6,7,8,9,11,12,13,14,15,16,17,18","1,2,10","1,2,5,9,10,11,20","1,2,5,10","1,2,10"
48,19,0.966519313309877,0.0508694375426251,-1601.73333705186,-1521.65578318183,FALSE,FALSE,FALSE,"1,10,2,3,4,5,6,7,8,9,11,12,13,14,15,16,17,18,19","1,2,10","1,2,5,9,10,11,20","1,2,5,10","1,2,10"
48,20,0.966519373577151,0.0483259686788576,-1599.7342370831,-1515.44207511465,FALSE,FALSE,FALSE,"1,10,2,3,4,5,6,7,8,9,11,12,13,14,15,16,17,18,19,20","1,2,10","1,2,5,9,10,11,20","1,2,5,10","1,2,10"
49,1,0.773638203147022,0.773638203147022,277.758161773954,281.972769872376,TRUE,FALSE,FALSE,"16","16","1","1","1,6,16"
49,2,0.938106615058821,0.46905330752941,-368.602479805145,-360.1732636083,FALSE,FALSE,FALSE,"16,1","16","1,6","1,6","1,6,16"
49,3,0.994766135729409,0.331588711909803,-1601.73419760391,-1589.09037330865,FALSE,FALSE,TRUE,"16,1,6","16","1,6,9","1,6,16","1,6,16"
49,4,0.994826718569425,0.248706679642356,-1605.55553672005,-1588.69710432637,FALSE,TRUE,FALSE,"16,1,6,2","16","1,6,9,16","1,6,16","1,6,16"
49,5,0.994845662394867,0.198969132478973,-1605.38982656203,-1584.31678606992,FALSE,FALSE,FALSE,"16,1,6,2,3","16","1,6,9,16","1,6,16","1,6,16"
49,6,0.994857216267947,0.165809536044658,-1604.51187587567,-1579.22422728513,FALSE,FALSE,FALSE,"16,1,6,2,3,4","16","1,6,9,16","1,6,16","1,6,16"
49,7,0.994870414186608,0.142124344883801,-1603.79667446707,-1574.29441777812,FALSE,FALSE,FALSE,"16,1,6,2,3,4,5","16","1,6,9,16","1,6,16","1,6,16"
49,8,0.994878607213731,0.124359825901716,-1602.59591805035,-1568.87905326297,FALSE,FALSE,FALSE,"16,1,6,2,3,4,5,7","16","1,6,9,16","1,6,16","1,6,16"
49,9,0.994884414429053,0.110542712714339,-1601.16319637619,-1563.23172349039,FALSE,FALSE,FALSE,"16,1,6,2,3,4,5,7,8","16","1,6,9,16","1,6,16","1,6,16"
49,10,0.994887181220924,0.0994887181220924,-1599.43369721328,-1557.28761622906,FALSE,FALSE,FALSE,"16,1,6,2,3,4,5,7,8,9","16","1,6,9,16","1,6,16","1,6,16"
49,11,0.994888945936867,0.0904444496306243,-1597.60630459875,-1551.2456155161,FALSE,FALSE,FALSE,"16,1,6,2,3,4,5,7,8,9,10","16","1,6,9,16","1,6,16","1,6,16"
49,12,0.994890163836703,0.0829075136530586,-1595.72546250131,-1545.15016532024,FALSE,FALSE,FALSE,"16,1,6,2,3,4,5,7,8,9,10,11","16","1,6,9,16","1,6,16","1,6,16"
49,13,0.994891220749236,0.0765300939037874,-1593.82889261335,-1539.03898733386,FALSE,FALSE,FALSE,"16,1,6,2,3,4,5,7,8,9,10,11,12","16","1,6,9,16","1,6,16","1,6,16"
49,14,0.994891886953406,0.0710637062109576,-1591.89409875933,-1532.88958538142,FALSE,FALSE,FALSE,"16,1,6,2,3,4,5,7,8,9,10,11,12,13","16","1,6,9,16","1,6,16","1,6,16"
49,15,0.99489232964319,0.066326155309546,-1589.93743266405,-1526.71831118772,FALSE,FALSE,FALSE,"16,1,6,2,3,4,5,7,8,9,10,11,12,13,14","16","1,6,9,16","1,6,16","1,6,16"
49,16,0.994892709279872,0.062180794329992,-1587.9745974343,-1520.54086785954,FALSE,FALSE,FALSE,"16,1,6,2,3,4,5,7,8,9,10,11,12,13,14,15","16","1,6,9,16","1,6,16","1,6,16"
49,17,0.994892809793958,0.0585231064584681,-1585.98443778618,-1514.336100113,FALSE,FALSE,FALSE,"16,1,6,2,3,4,5,7,8,9,10,11,12,13,14,15,17","16","1,6,9,16","1,6,16","1,6,16"
49,18,0.994892833049432,0.0552718240583018,-1583.98671452993,-1508.12376875833,FALSE,FALSE,FALSE,"16,1,6,2,3,4,5,7,8,9,10,11,12,13,14,15,17,18","16","1,6,9,16","1,6,16","1,6,16"
49,19,0.994892844278232,0.0523627812778017,-1581.98781384899,-1501.91025997897,FALSE,FALSE,FALSE,"16,1,6,2,3,4,5,7,8,9,10,11,12,13,14,15,17,18,19","16","1,6,9,16","1,6,16","1,6,16"
49,20,0.994892844311317,0.0497446422155658,-1579.98781708807,-1495.69565511963,FALSE,FALSE,FALSE,"16,1,6,2,3,4,5,7,8,9,10,11,12,13,14,15,17,18,19,20","16","1,6,9,16","1,6,16","1,6,16"
50,1,0.519489827274293,0.519489827274293,14.194795898093,18.4094039965152,FALSE,FALSE,FALSE,"6","6","6","6","6,10,11"
50,2,0.841989953087681,0.42099497654384,-539.900094228685,-531.470878031841,FALSE,FALSE,FALSE,"6,10","6,10","6,7","6,10","6,10,11"
50,3,0.981518241678838,0.327172747226279,-1610.8372992895,-1598.19347499424,TRUE,FALSE,TRUE,"6,10,11","6,10,11","6,7,10","6,10,11","6,10,11"
50,4,0.98160253282072,0.24540063320518,-1611.12290283776,-1594.26447044407,FALSE,FALSE,FALSE,"6,10,11,1","6,10,11","6,7,10,11","6,10,11","6,10,11"
50,5,0.981726352171452,0.19634527043429,-1612.49939742344,-1591.42635693133,FALSE,FALSE,FALSE,"6,10,11,1,2","6,10,11","6,7,10,11,12","6,10,11","6,10,11"
50,6,0.981814656976393,0.163635776162732,-1612.92143312847,-1587.63378453794,FALSE,TRUE,FALSE,"6,10,11,1,2,3","6,10,11","6,7,10,11,12,14","6,10,11","6,10,11"
50,7,0.981886966733607,0.14026956667623,-1612.91352920154,-1583.41127251258,FALSE,FALSE,FALSE,"6,10,11,1,2,3,4","6,10,11","6,7,10,11,12,14","6,10,11","6,10,11"
50,8,0.981934361433263,0.122741795179158,-1612.22354762861,-1578.50668284123,FALSE,FALSE,FALSE,"6,10,11,1,2,3,4,5","6,10,11","6,7,10,11,12,14","6,10,11","6,10,11"
50,9,0.981991496029577,0.109110166225509,-1611.80735919195,-1573.87588630615,FALSE,FALSE,FALSE,"6,10,11,1,2,3,4,5,7","6,10,11","6,7,10,11,12,14","6,10,11","6,10,11"
50,10,0.98203468843728,0.098203468843728,-1611.00802216913,-1568.8619411849,FALSE,FALSE,FALSE,"6,10,11,1,2,3,4,5,7,8","6,10,11","6,7,10,11,12,14","6,10,11","6,10,11"
50,11,0.982084483816788,0.089280407619708,-1610.39582213373,-1564.03513305109,FALSE,FALSE,FALSE,"6,10,11,1,2,3,4,5,7,8,9","6,10,11","6,7,10,11,12,14","6,10,11","6,10,11"
50,12,0.982105369873682,0.0818421141561402,-1608.97906630933,-1558.40376912826,FALSE,FALSE,FALSE,"6,10,11,1,2,3,4,5,7,8,9,12","6,10,11","6,7,10,11,12,14","6,10,11","6,10,11"
50,13,0.982115929674538,0.0755473792057337,-1607.27420841983,-1552.48430314034,FALSE,FALSE,FALSE,"6,10,11,1,2,3,4,5,7,8,9,12,13","6,10,11","6,7,10,11,12,14","6,10,11","6,10,11"
50,14,0.982122993382138,0.0701516423844384,-1605.47173344692,-1546.46722006901,FALSE,FALSE,FALSE,"6,10,11,1,2,3,4,5,7,8,9,12,13,14","6,10,11","6,7,10,11,12,14","6,10,11","6,10,11"
50,15,0.982130814743048,0.0654753876495365,-1603.69053608363,-1540.4714146073,FALSE,FALSE,FALSE,"6,10,11,1,2,3,4,5,7,8,9,12,13,14,15","6,10,11","6,7,10,11,12,14","6,10,11","6,10,11"
50,16,0.982138109525986,0.0613836318453741,-1601.89469402992,-1534.46096445516,FALSE,FALSE,FALSE,"6,10,11,1,2,3,4,5,7,8,9,12,13,14,15,16","6,10,11","6,7,10,11,12,14","6,10,11","6,10,11"
50,17,0.982143139122344,0.0577731258307261,-1600.03550512215,-1528.38716744897,FALSE,FALSE,FALSE,"6,10,11,1,2,3,4,5,7,8,9,12,13,14,15,16,17","6,10,11","6,7,10,11,12,14","6,10,11","6,10,11"
50,18,0.982147494386171,0.0545637496881206,-1598.15746930905,-1522.29452353745,FALSE,FALSE,FALSE,"6,10,11,1,2,3,4,5,7,8,9,12,13,14,15,16,17,18","6,10,11","6,7,10,11,12,14","6,10,11","6,10,11"
50,19,0.982148665267126,0.0516920350140593,-1596.19026356715,-1516.11270969713,FALSE,FALSE,FALSE,"6,10,11,1,2,3,4,5,7,8,9,12,13,14,15,16,17,18,19","6,10,11","6,7,10,11,12,14","6,10,11","6,10,11"
50,20,0.98214917626416,0.049107458813208,-1594.20457634419,-1509.91241437575,FALSE,FALSE,FALSE,"6,10,11,1,2,3,4,5,7,8,9,12,13,14,15,16,17,18,19,20","6,10,11","6,7,10,11,12,14","6,10,11","6,10,11"
51,1,0.725000144209175,0.725000144209175,-224.640115923037,-220.425507824615,TRUE,FALSE,FALSE,"9","9","2","2","2,9,18"
51,2,0.905269723740202,0.452634861870101,-755.508574473023,-747.079358276179,FALSE,FALSE,FALSE,"9,18","9","2,6","2,9","2,9,18"
51,3,0.982956128819351,0.327652042939784,-1611.13006377665,-1598.48623948138,FALSE,FALSE,TRUE,"9,18,2","9","2,6,9","2,9,18","2,9,18"
51,4,0.983107698755638,0.24577692468891,-1613.59641732537,-1596.73798493168,FALSE,FALSE,FALSE,"9,18,2,1","9","2,6,9,17","2,9,18","2,9,18"
51,5,0.983235253981672,0.196647050796334,-1615.38628741513,-1594.31324692302,FALSE,TRUE,FALSE,"9,18,2,1,3","9","2,6,9,17,18","2,9,18","2,9,18"
51,6,0.983282428583809,0.163880404763968,-1614.79522911831,-1589.50758052778,FALSE,FALSE,FALSE,"9,18,2,1,3,4","9","2,6,9,17,18","2,9,18","2,9,18"
51,7,0.983337463744927,0.14047678053499,-1614.44397188234,-1584.94171519338,FALSE,FALSE,FALSE,"9,18,2,1,3,4,5","9","2,6,9,17,18","2,9,18","2,9,18"
51,8,0.983357537973719,0.122919692246715,-1613.04671117852,-1579.32984639114,FALSE,FALSE,FALSE,"9,18,2,1,3,4,5,6","9","2,6,9,17,18","2,9,18","2,9,18"
51,9,0.983376674576926,0.109264074952992,-1611.62197503923,-1573.69050215343,FALSE,FALSE,FALSE,"9,18,2,1,3,4,5,6,7","9","2,6,9,17,18","2,9,18","2,9,18"
51,10,0.983389964297081,0.0983389964297081,-1610.02186600462,-1567.8757850204,FALSE,FALSE,FALSE,"9,18,2,1,3,4,5,6,7,8","9","2,6,9,17,18","2,9,18","2,9,18"
51,11,0.983399341209765,0.0893999401099786,-1608.30421219087,-1561.94352310823,FALSE,FALSE,FALSE,"9,18,2,1,3,4,5,6,7,8,10","9","2,6,9,17,18","2,9,18","2,9,18"
51,12,0.983411874602757,0.0819509895502297,-1606.68185162222,-1556.10655444116,FALSE,FALSE,FALSE,"9,18,2,1,3,4,5,6,7,8,10,11","9","2,6,9,17,18","2,9,18","2,9,18"
51,13,0.983420704323659,0.0756477464864353,-1604.94806831394,-1550.15816303445,FALSE,FALSE,FALSE,"9,18,2,1,3,4,5,6,7,8,10,11,12","9","2,6,9,17,18","2,9,18","2,9,18"
51,14,0.983422569466427,0.070244469247602,-1603.00432063385,-1543.99980725594,FALSE,FALSE,FALSE,"9,18,2,1,3,4,5,6,7,8,10,11,12,13","9","2,6,9,17,18","2,9,18","2,9,18"
51,15,0.983423637699327,0.0655615758466218,-1601.03654116758,-1537.81741969124,FALSE,FALSE,FALSE,"9,18,2,1,3,4,5,6,7,8,10,11,12,13,14","9","2,6,9,17,18","2,9,18","2,9,18"
51,16,0.98342457553619,0.0614640359710119,-1599.0648303476,-1531.63110077284,FALSE,FALSE,FALSE,"9,18,2,1,3,4,5,6,7,8,10,11,12,13,14,15","9","2,6,9,17,18","2,9,18","2,9,18"
51,17,0.983425190374668,0.0578485406102746,-1597.08337738035,-1525.43503970718,FALSE,FALSE,FALSE,"9,18,2,1,3,4,5,6,7,8,10,11,12,13,14,15,16","9","2,6,9,17,18","2,9,18","2,9,18"
51,18,0.983425783387778,0.0546347657437654,-1595.10126668743,-1519.23832091583,FALSE,FALSE,FALSE,"9,18,2,1,3,4,5,6,7,8,10,11,12,13,14,15,16,17","9","2,6,9,17,18","2,9,18","2,9,18"
51,19,0.983426045674422,0.0517592655618117,-1593.10917923997,-1513.03162536995,FALSE,FALSE,FALSE,"9,18,2,1,3,4,5,6,7,8,10,11,12,13,14,15,16,17,19","9","2,6,9,17,18","2,9,18","2,9,18"
51,20,0.98342605590454,0.049171302795227,-1591.10948786039,-1506.81732589195,FALSE,FALSE,FALSE,"9,18,2,1,3,4,5,6,7,8,10,11,12,13,14,15,16,17,19,20","9","2,6,9,17,18","2,9,18","2,9,18"
52,1,0.748911165360527,0.748911165360527,-352.32807494469,-348.113466846267,TRUE,FALSE,FALSE,"15","15","2","2","2,12,15"
52,2,0.856236991380567,0.428118495690284,-629.148389472363,-620.719173275518,FALSE,FALSE,FALSE,"15,2","15","2,8","2,12","2,12,15"
52,3,0.979517441347757,0.326505813782586,-1601.44461135622,-1588.80078706096,FALSE,FALSE,FALSE,"15,2,12","15","2,8,9","2,12,15","2,12,15"
52,4,0.979783038366342,0.244945759591586,-1605.97050618402,-1589.11207379033,FALSE,FALSE,TRUE,"15,2,12,1","15","2,8,9,12","2,12,15,16","2,12,15"
52,5,0.979902612681787,0.195980522536357,-1606.9365634119,-1585.86352291979,FALSE,FALSE,FALSE,"15,2,12,1,3","15","2,8,9,12,15","2,12,15,16","2,12,15"
52,6,0.980002548481601,0.163333758080267,-1607.42905395843,-1582.14140536789,FALSE,TRUE,FALSE,"15,2,12,1,3,4","15","2,8,9,12,15,16","2,12,15,16","2,12,15"
52,7,0.980034306635697,0.140004900947957,-1606.22374018432,-1576.72148349537,FALSE,FALSE,FALSE,"15,2,12,1,3,4,5","15","2,8,9,12,15,16","2,12,15,16","2,12,15"
52,8,0.980077368035863,0.122509671004483,-1605.30328956474,-1571.58642477737,FALSE,FALSE,FALSE,"15,2,12,1,3,4,5,6","15","2,8,9,12,15,16","2,12,15,16","2,12,15"
52,9,0.980101618140514,0.10890017979339,-1603.91226722051,-1565.98079433471,FALSE,FALSE,FALSE,"15,2,12,1,3,4,5,6,7","15","2,8,9,12,15,16","2,12,15,16","2,12,15"
52,10,0.980111791190217,0.0980111791190217,-1602.16795763663,-1560.02187665241,FALSE,FALSE,FALSE,"15,2,12,1,3,4,5,6,7,8","15","2,8,9,12,15,16","2,12,15,16","2,12,15"
52,11,0.980121993552556,0.0891019994138688,-1600.42451618759,-1554.06382710495,FALSE,FALSE,FALSE,"15,2,12,1,3,4,5,6,7,8,9","15","2,8,9,12,15,16","2,12,15,16","2,12,15"
52,12,0.980128418403773,0.0816773682003144,-1598.58614934127,-1548.0108521602,FALSE,FALSE,FALSE,"15,2,12,1,3,4,5,6,7,8,9,10","15","2,8,9,12,15,16","2,12,15,16","2,12,15"
52,13,0.980130373990073,0.0753946441530825,-1596.63535736535,-1541.84545208587,FALSE,FALSE,FALSE,"15,2,12,1,3,4,5,6,7,8,9,10,11","15","2,8,9,12,15,16","2,12,15,16","2,12,15"
52,14,0.980131835598745,0.0700094168284818,-1594.67213869259,-1535.66762531468,FALSE,FALSE,FALSE,"15,2,12,1,3,4,5,6,7,8,9,10,11,13","15","2,8,9,12,15,16","2,12,15,16","2,12,15"
52,15,0.980133018053446,0.0653422012035631,-1592.70189710071,-1529.48277562437,FALSE,FALSE,FALSE,"15,2,12,1,3,4,5,6,7,8,9,10,11,13,14","15","2,8,9,12,15,16","2,12,15,16","2,12,15"
52,16,0.980133888325126,0.0612583680203204,-1590.72380004359,-1523.29007046883,FALSE,FALSE,FALSE,"15,2,12,1,3,4,5,6,7,8,9,10,11,13,14,16","15","2,8,9,12,15,16","2,12,15,16","2,12,15"
52,17,0.980134166779144,0.0576549509870084,-1588.7308083594,-1517.08247068622,FALSE,FALSE,FALSE,"15,2,12,1,3,4,5,6,7,8,9,10,11,13,14,16,17","15","2,8,9,12,15,16","2,12,15,16","2,12,15"
52,18,0.980134342254494,0.0544519079030274,-1586.73522489011,-1510.87227911851,FALSE,FALSE,FALSE,"15,2,12,1,3,4,5,6,7,8,9,10,11,13,14,16,17,18","15","2,8,9,12,15,16","2,12,15,16","2,12,15"
52,19,0.980134460464933,0.0515860242349965,-1584.73820014502,-1504.660646275,FALSE,FALSE,FALSE,"15,2,12,1,3,4,5,6,7,8,9,10,11,13,14,16,17,18,19","15","2,8,9,12,15,16","2,12,15,16","2,12,15"
52,20,0.980134488038327,0.0490067244019163,-1582.73889414611,-1498.44673217767,FALSE,FALSE,FALSE,"15,2,12,1,3,4,5,6,7,8,9,10,11,13,14,16,17,18,19,20","15","2,8,9,12,15,16","2,12,15,16","2,12,15"
53,1,0.417446850029308,0.417446850029308,-97.2013668263305,-92.9867587279083,TRUE,FALSE,FALSE,"1","20","1","1","1,18,20"
53,2,0.667177811512324,0.333588905756162,-375.107390325923,-366.678174129079,FALSE,FALSE,FALSE,"1,20","20","1,8","1,18","1,18,20"
53,3,0.970201911855386,0.323400637285129,-1579.68946214131,-1567.04563784604,FALSE,FALSE,TRUE,"1,20,18","20","1,8,14","1,18,20","1,18,20"
53,4,0.970333760300092,0.242583440075023,-1579.90673534616,-1563.04830295247,FALSE,FALSE,FALSE,"1,20,18,2","20","1,8,14,18","1,18,20","1,18,20"
53,5,0.970515945442801,0.19410318908856,-1580.98678289468,-1559.91374240257,FALSE,TRUE,FALSE,"1,20,18,2,3","20","1,8,14,18,20","1,18,20","1,18,20"
53,6,0.970602004845131,0.161767000807522,-1580.44833975334,-1555.1606911628,FALSE,FALSE,FALSE,"1,20,18,2,3,4","20","1,8,14,18,20","1,18,20","1,18,20"
53,7,0.970722902139567,0.138674700305652,-1580.50879606133,-1551.00653937237,FALSE,FALSE,FALSE,"1,20,18,2,3,4,5","20","1,8,14,18,20","1,18,20","1,18,20"
53,8,0.970777350233557,0.121347168779195,-1579.43953699477,-1545.72267220739,FALSE,FALSE,FALSE,"1,20,18,2,3,4,5,6","20","1,8,14,18,20","1,18,20","1,18,20"
53,9,0.970846658928613,0.107871850992068,-1578.62681838609,-1540.69534550029,FALSE,FALSE,FALSE,"1,20,18,2,3,4,5,6,7","20","1,8,14,18,20","1,18,20","1,18,20"
53,10,0.970895454536623,0.0970895454536623,-1577.46439802248,-1535.31831703826,FALSE,FALSE,FALSE,"1,20,18,2,3,4,5,6,7,8","20","1,8,14,18,20","1,18,20","1,18,20"
53,11,0.970928285837875,0.0882662078034432,-1576.02873998859,-1529.66805090595,FALSE,FALSE,FALSE,"1,20,18,2,3,4,5,6,7,8,9","20","1,8,14,18,20","1,18,20","1,18,20"
53,12,0.97094986909039,0.0809124890908659,-1574.4000849361,-1523.82478775503,FALSE,FALSE,FALSE,"1,20,18,2,3,4,5,6,7,8,9,10","20","1,8,14,18,20","1,18,20","1,18,20"
53,13,0.970976154060325,0.0746904733892558,-1572.85269681419,-1518.0627915347,FALSE,FALSE,FALSE,"1,20,18,2,3,4,5,6,7,8,9,10,11","20","1,8,14,18,20","1,18,20","1,18,20"
53,14,0.970991398652993,0.0693565284752138,-1571.11538766613,-1512.11087428822,FALSE,FALSE,FALSE,"1,20,18,2,3,4,5,6,7,8,9,10,11,12","20","1,8,14,18,20","1,18,20","1,18,20"
53,15,0.971006720191449,0.0647337813460966,-1569.37954356087,-1506.16042208453,FALSE,FALSE,FALSE,"1,20,18,2,3,4,5,6,7,8,9,10,11,12,13","20","1,8,14,18,20","1,18,20","1,18,20"
53,16,0.971019046852317,0.0606886904282698,-1567.59216665952,-1500.15843708476,FALSE,FALSE,FALSE,"1,20,18,2,3,4,5,6,7,8,9,10,11,12,13,14","20","1,8,14,18,20","1,18,20","1,18,20"
53,17,0.971024094693165,0.0571190643937156,-1565.67926318262,-1494.03092550944,FALSE,FALSE,FALSE,"1,20,18,2,3,4,5,6,7,8,9,10,11,12,13,14,15","20","1,8,14,18,20","1,18,20","1,18,20"
53,18,0.97102971562834,0.0539460953126856,-1563.77626585396,-1487.91332008236,FALSE,FALSE,FALSE,"1,20,18,2,3,4,5,6,7,8,9,10,11,12,13,14,15,16","20","1,8,14,18,20","1,18,20","1,18,20"
53,19,0.971030042458353,0.0511068443399133,-1561.78190666598,-1481.70435279596,FALSE,FALSE,FALSE,"1,20,18,2,3,4,5,6,7,8,9,10,11,12,13,14,15,16,17","20","1,8,14,18,20","1,18,20","1,18,20"
53,20,0.971030089242779,0.0485515044621389,-1559.78271413115,-1475.4905521627,FALSE,FALSE,FALSE,"1,20,18,2,3,4,5,6,7,8,9,10,11,12,13,14,15,16,17,19","20","1,8,14,18,20","1,18,20","1,18,20"
54,1,0.81395507969685,0.81395507969685,29.5213032822704,33.7359113806926,TRUE,FALSE,FALSE,"1","1","1","1","1,13,19"
54,2,0.944692856636455,0.472346428318228,-575.021735031562,-566.592518834718,FALSE,FALSE,FALSE,"1,13","1","1,13","1,13","1,13,19"
54,3,0.993847110183026,0.331282370061009,-1671.01184230132,-1658.36801800605,FALSE,TRUE,TRUE,"1,13,19","1","1,13,19","1,13,19","1,13,19"
54,4,0.993865915168275,0.248466478792069,-1670.542324822,-1653.68389242831,FALSE,FALSE,FALSE,"1,13,19,2","1","1,13,19","1,13,19","1,13,19"
54,5,0.99389232262976,0.198778464525952,-1670.69948994341,-1649.62644945129,FALSE,FALSE,FALSE,"1,13,19,2,3","1","1,13,19","1,13,19","1,13,19"
54,6,0.993912077665832,0.165652012944305,-1670.31934085923,-1645.0316922687,FALSE,FALSE,FALSE,"1,13,19,2,3,4","1","1,13,19","1,13,19","1,13,19"
54,7,0.993929508729145,0.141989929818449,-1669.75300447869,-1640.25074778974,FALSE,FALSE,FALSE,"1,13,19,2,3,4,5","1","1,13,19","1,13,19","1,13,19"
54,8,0.993941421106462,0.124242677638308,-1668.73513921662,-1635.01827442924,FALSE,FALSE,FALSE,"1,13,19,2,3,4,5,6","1","1,13,19","1,13,19","1,13,19"
54,9,0.993954418386949,0.110439379820772,-1667.80892582701,-1629.87745294121,FALSE,FALSE,FALSE,"1,13,19,2,3,4,5,6,7","1","1,13,19","1,13,19","1,13,19"
54,10,0.993964446180464,0.0993964446180464,-1666.63896335734,-1624.49288237312,FALSE,FALSE,FALSE,"1,13,19,2,3,4,5,6,7,8","1","1,13,19","1,13,19","1,13,19"
54,11,0.993966642636385,0.090360603876035,-1664.82095624066,-1618.46026715801,FALSE,FALSE,FALSE,"1,13,19,2,3,4,5,6,7,8,9","1","1,13,19","1,13,19","1,13,19"
54,12,0.993968760694402,0.0828307300578669,-1662.99651602914,-1612.42121884808,FALSE,FALSE,FALSE,"1,13,19,2,3,4,5,6,7,8,9,10","1","1,13,19","1,13,19","1,13,19"
54,13,0.993970491814246,0.0764592686010959,-1661.14004940939,-1606.3501441299,FALSE,FALSE,FALSE,"1,13,19,2,3,4,5,6,7,8,9,10,11","1","1,13,19","1,13,19","1,13,19"
54,14,0.993972595760068,0.0709980425542905,-1659.31455062235,-1600.31003724444,FALSE,FALSE,FALSE,"1,13,19,2,3,4,5,6,7,8,9,10,11,12","1","1,13,19","1,13,19","1,13,19"
54,15,0.993973752287211,0.0662649168191474,-1657.41049890021,-1594.19137742388,FALSE,FALSE,FALSE,"1,13,19,2,3,4,5,6,7,8,9,10,11,12,14","1","1,13,19","1,13,19","1,13,19"
54,16,0.993974410249156,0.0621234006405723,-1655.46509322641,-1588.03136365166,FALSE,FALSE,FALSE,"1,13,19,2,3,4,5,6,7,8,9,10,11,12,14,15","1","1,13,19","1,13,19","1,13,19"
54,17,0.993975145712557,0.0584691262183857,-1653.5261252846,-1581.87778761142,FALSE,FALSE,FALSE,"1,13,19,2,3,4,5,6,7,8,9,10,11,12,14,15,16","1","1,13,19","1,13,19","1,13,19"
54,18,0.993975656224319,0.05522086979024,-1651.56849422567,-1575.70554845407,FALSE,FALSE,FALSE,"1,13,19,2,3,4,5,6,7,8,9,10,11,12,14,15,16,17","1","1,13,19","1,13,19","1,13,19"
54,19,0.993975730905202,0.0523145121529054,-1649.57469252279,-1569.49713865277,FALSE,FALSE,FALSE,"1,13,19,2,3,4,5,6,7,8,9,10,11,12,14,15,16,17,18","1","1,13,19","1,13,19","1,13,19"
54,20,0.993975754586321,0.0496987877293161,-1647.57665800321,-1563.28449603476,FALSE,FALSE,FALSE,"1,13,19,2,3,4,5,6,7,8,9,10,11,12,14,15,16,17,18,20","1","1,13,19","1,13,19","1,13,19"
55,1,0.70578133809047,0.70578133809047,444.160915174884,448.375523273306,TRUE,FALSE,FALSE,"1","1","1","1","1,3,7"
55,2,0.956988121875934,0.478494060937967,-515.262547773025,-506.833331576181,FALSE,FALSE,FALSE,"1,7","1","1,3","1,3","1,3,7"
55,3,0.99523434990815,0.331744783302717,-1613.28372506407,-1600.63990076881,FALSE,FALSE,TRUE,"1,7,3","1","1,3,6","1,3,7","1,3,7"
55,4,0.995283187487912,0.248820796871978,-1616.43407615163,-1599.57564375794,FALSE,FALSE,FALSE,"1,7,3,2","1","1,3,6,7","1,3,7","1,3,7"
55,5,0.995311624983337,0.199062324996667,-1617.4576822199,-1596.38464172779,FALSE,FALSE,FALSE,"1,7,3,2,4","1","1,3,6,7,10","1,3,7","1,3,7"
55,6,0.995337156708283,0.165889526118047,-1618.18799901358,-1592.90035042305,FALSE,TRUE,FALSE,"1,7,3,2,4,5","1","1,3,6,7,10,16","1,3,7","1,3,7"
55,7,0.995351646554615,0.142193092364945,-1617.74417470593,-1588.24191801697,FALSE,FALSE,FALSE,"1,7,3,2,4,5,6","1","1,3,6,7,10,16","1,3,7","1,3,7"
55,8,0.995361993648966,0.124420249206121,-1616.85840017853,-1583.14153539116,FALSE,FALSE,FALSE,"1,7,3,2,4,5,6,8","1","1,3,6,7,10,16","1,3,7","1,3,7"
55,9,0.995369026495094,0.110596558499455,-1615.61715115081,-1577.68567826501,FALSE,FALSE,FALSE,"1,7,3,2,4,5,6,8,9","1","1,3,6,7,10,16","1,3,7","1,3,7"
55,10,0.99537483331163,0.099537483331163,-1614.24449874676,-1572.09841776253,FALSE,FALSE,FALSE,"1,7,3,2,4,5,6,8,9,10","1","1,3,6,7,10,16","1,3,7","1,3,7"
55,11,0.9953799496677,0.0904890863334273,-1612.79790453278,-1566.43721545013,FALSE,FALSE,FALSE,"1,7,3,2,4,5,6,8,9,10,11","1","1,3,6,7,10,16","1,3,7","1,3,7"
55,12,0.995384472163557,0.0829487060136297,-1611.28758651426,-1560.71228933319,FALSE,FALSE,FALSE,"1,7,3,2,4,5,6,8,9,10,11,12","1","1,3,6,7,10,16","1,3,7","1,3,7"
55,13,0.995387182506708,0.0765682448082083,-1609.58128415258,-1554.7913788731,FALSE,FALSE,FALSE,"1,7,3,2,4,5,6,8,9,10,11,12,13","1","1,3,6,7,10,16","1,3,7","1,3,7"
55,14,0.995390124133764,0.0710992945809831,-1607.90023947736,-1548.89572609945,FALSE,FALSE,FALSE,"1,7,3,2,4,5,6,8,9,10,11,12,13,14","1","1,3,6,7,10,16","1,3,7","1,3,7"
55,15,0.995391790532172,0.0663594527021448,-1606.08101437429,-1542.86189289796,FALSE,FALSE,FALSE,"1,7,3,2,4,5,6,8,9,10,11,12,13,14,15","1","1,3,6,7,10,16","1,3,7","1,3,7"
55,16,0.995393261830309,0.0622120788643943,-1604.24067867278,-1536.80694909802,FALSE,FALSE,FALSE,"1,7,3,2,4,5,6,8,9,10,11,12,13,14,15,16","1","1,3,6,7,10,16","1,3,7","1,3,7"
55,17,0.995394465310006,0.058552615606471,-1602.37131741115,-1530.72297973797,FALSE,FALSE,FALSE,"1,7,3,2,4,5,6,8,9,10,11,12,13,14,15,16,17","1","1,3,6,7,10,16","1,3,7","1,3,7"
55,18,0.995395258888493,0.0552997366049163,-1600.4574797048,-1524.5945339332,FALSE,FALSE,FALSE,"1,7,3,2,4,5,6,8,9,10,11,12,13,14,15,16,17,18","1","1,3,6,7,10,16","1,3,7","1,3,7"
55,19,0.995395703187325,0.052389247536175,-1598.50572566015,-1518.42817179012,FALSE,FALSE,FALSE,"1,7,3,2,4,5,6,8,9,10,11,12,13,14,15,16,17,18,19","1","1,3,6,7,10,16","1,3,7","1,3,7"
55,20,0.995396026882136,0.0497698013441068,-1596.54087827989,-1512.24871631145,FALSE,FALSE,FALSE,"1,7,3,2,4,5,6,8,9,10,11,12,13,14,15,16,17,18,19,20","1","1,3,6,7,10,16","1,3,7","1,3,7"
56,1,0.480698741956066,0.480698741956066,-79.3940510366764,-75.1794429382542,TRUE,FALSE,FALSE,"19","19","1","12","12,16,19"
56,2,0.676464707390542,0.338232353695271,-313.98203567073,-305.552819473885,FALSE,FALSE,FALSE,"19,16","19","1,12","12,16","12,16,19"
56,3,0.974324580982603,0.324774860327534,-1578.86909988062,-1566.22527558536,FALSE,FALSE,TRUE,"19,16,12","19","1,12,13","12,16,19","12,16,19"
56,4,0.974494804801701,0.243623701200425,-1580.19505540845,-1563.33662301476,FALSE,FALSE,FALSE,"19,16,12,1","19","1,12,13,16","12,16,19","12,16,19"
56,5,0.974626572784876,0.194925314556975,-1580.78491086304,-1559.71187037093,FALSE,TRUE,FALSE,"19,16,12,1,2","19","1,12,13,16,19","12,16,19","12,16,19"
56,6,0.974719851491291,0.162453308581882,-1580.62641584118,-1555.33876725065,FALSE,FALSE,FALSE,"19,16,12,1,2,3","19","1,12,13,16,19","12,16,19","12,16,19"
56,7,0.974794424773589,0.139256346396227,-1580.1035331531,-1550.60127646415,FALSE,FALSE,FALSE,"19,16,12,1,2,3,4","19","1,12,13,16,19","12,16,19","12,16,19"
56,8,0.974881428015286,0.121860178501911,-1579.83239162764,-1546.11552684027,FALSE,FALSE,FALSE,"19,16,12,1,2,3,4,5","19","1,12,13,16,19","12,16,19","12,16,19"
56,9,0.974919041897577,0.10832433798862,-1578.58167930554,-1540.65020641974,FALSE,FALSE,FALSE,"19,16,12,1,2,3,4,5,6","19","1,12,13,16,19","12,16,19","12,16,19"
56,10,0.974941764165612,0.0974941764165612,-1577.03486308865,-1534.88878210443,FALSE,FALSE,FALSE,"19,16,12,1,2,3,4,5,6,7","19","1,12,13,16,19","12,16,19","12,16,19"
56,11,0.974965537728159,0.0886332307025599,-1575.50945450077,-1529.14876541813,FALSE,FALSE,FALSE,"19,16,12,1,2,3,4,5,6,7,8","19","1,12,13,16,19","12,16,19","12,16,19"
56,12,0.974982861810345,0.0812485718175287,-1573.85557895471,-1523.28028177364,FALSE,FALSE,FALSE,"19,16,12,1,2,3,4,5,6,7,8,9","19","1,12,13,16,19","12,16,19","12,16,19"
56,13,0.974998851517755,0.0749999116552119,-1572.17525619715,-1517.38535091766,FALSE,FALSE,FALSE,"19,16,12,1,2,3,4,5,6,7,8,9,10","19","1,12,13,16,19","12,16,19","12,16,19"
56,14,0.975016035123675,0.0696440025088339,-1570.51903068202,-1511.51451730411,FALSE,FALSE,FALSE,"19,16,12,1,2,3,4,5,6,7,8,9,10,11","19","1,12,13,16,19","12,16,19","12,16,19"
56,15,0.9750261264018,0.06500174176012,-1568.72102657639,-1505.50190510005,FALSE,FALSE,FALSE,"19,16,12,1,2,3,4,5,6,7,8,9,10,11,13","19","1,12,13,16,19","12,16,19","12,16,19"
56,16,0.975033453447182,0.0609395908404489,-1566.86774231109,-1499.43401273634,FALSE,FALSE,FALSE,"19,16,12,1,2,3,4,5,6,7,8,9,10,11,13,14","19","1,12,13,16,19","12,16,19","12,16,19"
56,17,0.975041245954427,0.057355367409084,-1565.0238256439,-1493.37548797072,FALSE,FALSE,FALSE,"19,16,12,1,2,3,4,5,6,7,8,9,10,11,13,14,15","19","1,12,13,16,19","12,16,19","12,16,19"
56,18,0.975043745469757,0.054169096970542,-1563.07390107016,-1487.21095529856,FALSE,FALSE,FALSE,"19,16,12,1,2,3,4,5,6,7,8,9,10,11,13,14,15,17","19","1,12,13,16,19","12,16,19","12,16,19"
56,19,0.975044556777609,0.0513181345672426,-1561.09015593404,-1481.01260206402,FALSE,FALSE,FALSE,"19,16,12,1,2,3,4,5,6,7,8,9,10,11,13,14,15,17,18","19","1,12,13,16,19","12,16,19","12,16,19"
56,20,0.975044922898528,0.0487522461449264,-1559.09749148006,-1474.80532951161,FALSE,FALSE,FALSE,"19,16,12,1,2,3,4,5,6,7,8,9,10,11,13,14,15,17,18,20","19","1,12,13,16,19","12,16,19","12,16,19"
57,1,0.766226165776934,0.766226165776934,247.483761645608,251.69836974403,TRUE,FALSE,FALSE,"14","14","4","7","7,8,14"
57,2,0.963421995933672,0.481710997966836,-677.96976315957,-669.540546962726,FALSE,FALSE,FALSE,"14,7","14","4,7","7,8","7,8,14"
57,3,0.994394060553323,0.331464686851108,-1613.7799765531,-1601.13615225783,FALSE,FALSE,TRUE,"14,7,8","14","4,7,8","7,8,14","7,8,14"
57,4,0.994429778130909,0.248607444532727,-1614.97585912673,-1598.11742673304,FALSE,FALSE,FALSE,"14,7,8,1","14","4,7,8,14","7,8,14","7,8,14"
57,5,0.994460855954326,0.198892171190865,-1615.77330991949,-1594.70026942738,FALSE,FALSE,FALSE,"14,7,8,1,2","14","4,7,8,14,15","7,8,14","7,8,14"
57,6,0.994488719137884,0.165748119856314,-1616.29477337812,-1591.00712478758,FALSE,TRUE,FALSE,"14,7,8,1,2,3","14","4,7,8,14,15,19","7,8,14","7,8,14"
57,7,0.994505333234411,0.142072190462059,-1615.80433072922,-1586.30207404026,FALSE,FALSE,FALSE,"14,7,8,1,2,3,4","14","4,7,8,14,15,19","7,8,14","7,8,14"
57,8,0.994523247032934,0.124315405879117,-1615.43710159007,-1581.72023680269,FALSE,FALSE,FALSE,"14,7,8,1,2,3,4,5","14","4,7,8,14,15,19","7,8,14","7,8,14"
57,9,0.994536239316892,0.110504026590766,-1614.62464090325,-1576.69316801745,FALSE,FALSE,FALSE,"14,7,8,1,2,3,4,5,6","14","4,7,8,14,15,19","7,8,14","7,8,14"
57,10,0.994547949284433,0.0994547949284433,-1613.69739414213,-1571.5513131579,FALSE,FALSE,FALSE,"14,7,8,1,2,3,4,5,6,9","14","4,7,8,14,15,19","7,8,14","7,8,14"
57,11,0.994561039389786,0.090414639944526,-1612.89931297814,-1566.53862389549,FALSE,FALSE,FALSE,"14,7,8,1,2,3,4,5,6,9,10","14","4,7,8,14,15,19","7,8,14","7,8,14"
57,12,0.994564361771257,0.0828803634809381,-1611.20483059987,-1560.6295334188,FALSE,FALSE,FALSE,"14,7,8,1,2,3,4,5,6,9,10,11","14","4,7,8,14,15,19","7,8,14","7,8,14"
57,13,0.994568086885934,0.0765052374527641,-1609.54760467154,-1554.75769939205,FALSE,FALSE,FALSE,"14,7,8,1,2,3,4,5,6,9,10,11,12","14","4,7,8,14,15,19","7,8,14","7,8,14"
57,14,0.994571133351634,0.0710407952394025,-1607.82810624207,-1548.82359286415,FALSE,FALSE,FALSE,"14,7,8,1,2,3,4,5,6,9,10,11,12,13","14","4,7,8,14,15,19","7,8,14","7,8,14"
57,15,0.994574270900474,0.0663049513933649,-1606.11715882401,-1542.89803734768,FALSE,FALSE,FALSE,"14,7,8,1,2,3,4,5,6,9,10,11,12,13,15","14","4,7,8,14,15,19","7,8,14","7,8,14"
57,16,0.994577178379634,0.0621610736487271,-1604.38516505868,-1536.95143548393,FALSE,FALSE,FALSE,"14,7,8,1,2,3,4,5,6,9,10,11,12,13,15,16","14","4,7,8,14,15,19","7,8,14","7,8,14"
57,17,0.99457817588844,0.0585045985816729,-1602.47714674558,-1530.8288090724,FALSE,FALSE,FALSE,"14,7,8,1,2,3,4,5,6,9,10,11,12,13,15,16,17","14","4,7,8,14,15,19","7,8,14","7,8,14"
57,18,0.994579164575113,0.0552543980319507,-1600.5683316318,-1524.7053858602,FALSE,FALSE,FALSE,"14,7,8,1,2,3,4,5,6,9,10,11,12,13,15,16,17,18","14","4,7,8,14,15,19","7,8,14","7,8,14"
57,19,0.994579241574233,0.0523462758723281,-1598.5754338274,-1518.49787995737,FALSE,FALSE,FALSE,"14,7,8,1,2,3,4,5,6,9,10,11,12,13,15,16,17,18,19","14","4,7,8,14,15,19","7,8,14","7,8,14"
57,20,0.994579241574285,0.0497289620787143,-1596.57543383217,-1512.28327186373,FALSE,FALSE,FALSE,"14,7,8,1,2,3,4,5,6,9,10,11,12,13,15,16,17,18,19,20","14","4,7,8,14,15,19","7,8,14","7,8,14"
58,1,0.417295829438698,0.417295829438698,-187.715802568702,-183.50119447028,TRUE,FALSE,FALSE,"17","2","2","2","2,10,17"
58,2,0.705513735893942,0.352756867946971,-526.939437983472,-518.510221786627,FALSE,FALSE,FALSE,"17,2","2","2,10","2,10","2,10,17"
58,3,0.966554828660943,0.322184942886981,-1612.60190749919,-1599.95808320392,FALSE,TRUE,TRUE,"17,2,10","2","2,10,17","2,10,17","2,10,17"
58,4,0.966660292030869,0.241665073007717,-1612.1810592276,-1595.32262683392,FALSE,FALSE,FALSE,"17,2,10,1","2","2,10,17","2,10,17","2,10,17"
58,5,0.966710513672883,0.193342102734577,-1610.93480767159,-1589.86176717948,FALSE,FALSE,FALSE,"17,2,10,1,3","2","2,10,17","2,10,17","2,10,17"
58,6,0.966769618746301,0.16112826979105,-1609.82334054338,-1584.53569195284,FALSE,FALSE,FALSE,"17,2,10,1,3,4","2","2,10,17","2,10,17","2,10,17"
58,7,0.966827203342564,0.138118171906081,-1608.69053715218,-1579.18828046322,FALSE,FALSE,FALSE,"17,2,10,1,3,4,5","2","2,10,17","2,10,17","2,10,17"
58,8,0.966860960856523,0.120857620107065,-1607.19960942364,-1573.48274463626,FALSE,FALSE,FALSE,"17,2,10,1,3,4,5,6","2","2,10,17","2,10,17","2,10,17"
58,9,0.966894272324414,0.107432696924935,-1605.70246379686,-1567.77099091106,FALSE,FALSE,FALSE,"17,2,10,1,3,4,5,6,7","2","2,10,17","2,10,17","2,10,17"
58,10,0.966927293105727,0.0966927293105727,-1604.20142972539,-1562.05534874117,FALSE,FALSE,FALSE,"17,2,10,1,3,4,5,6,7,8","2","2,10,17","2,10,17","2,10,17"
58,11,0.966953584613006,0.0879048713284551,-1602.59906822628,-1556.23837914364,FALSE,FALSE,FALSE,"17,2,10,1,3,4,5,6,7,8,9","2","2,10,17","2,10,17","2,10,17"
58,12,0.966979124273224,0.0805815936894353,-1600.98563866167,-1550.4103414806,FALSE,FALSE,FALSE,"17,2,10,1,3,4,5,6,7,8,9,11","2","2,10,17","2,10,17","2,10,17"
58,13,0.967001608008452,0.0743847390775732,-1599.32620190743,-1544.53629662794,FALSE,FALSE,FALSE,"17,2,10,1,3,4,5,6,7,8,9,11,12","2","2,10,17","2,10,17","2,10,17"
58,14,0.96701717241009,0.0690726551721493,-1597.56209330237,-1538.55757992446,FALSE,FALSE,FALSE,"17,2,10,1,3,4,5,6,7,8,9,11,12,13","2","2,10,17","2,10,17","2,10,17"
58,15,0.967022824362428,0.0644681882908285,-1595.64778087172,-1532.42865939539,FALSE,FALSE,FALSE,"17,2,10,1,3,4,5,6,7,8,9,11,12,13,14","2","2,10,17","2,10,17","2,10,17"
58,16,0.967028595204007,0.0604392872002505,-1593.73528603948,-1526.30155646473,FALSE,FALSE,FALSE,"17,2,10,1,3,4,5,6,7,8,9,11,12,13,14,15","2","2,10,17","2,10,17","2,10,17"
58,17,0.967032057741004,0.0568842386906473,-1591.78779697802,-1520.13945930484,FALSE,FALSE,FALSE,"17,2,10,1,3,4,5,6,7,8,9,11,12,13,14,15,16","2","2,10,17","2,10,17","2,10,17"
58,18,0.967032649651199,0.0537240360917333,-1589.79677411562,-1513.93382834402,FALSE,FALSE,FALSE,"17,2,10,1,3,4,5,6,7,8,9,11,12,13,14,15,16,18","2","2,10,17","2,10,17","2,10,17"
58,19,0.967032671348457,0.0508964563867609,-1587.79710318765,-1507.71954931763,FALSE,FALSE,FALSE,"17,2,10,1,3,4,5,6,7,8,9,11,12,13,14,15,16,18,19","2","2,10,17","2,10,17","2,10,17"
58,20,0.967032673698105,0.0483516336849052,-1585.79713882365,-1501.5049768552,FALSE,FALSE,FALSE,"17,2,10,1,3,4,5,6,7,8,9,11,12,13,14,15,16,18,19,20","2","2,10,17","2,10,17","2,10,17"
59,1,0.587943156893045,0.587943156893045,276.309787501494,280.524395599916,TRUE,FALSE,FALSE,"2","2","2","2","2,7,16"
59,2,0.744860479173092,0.372430239586546,38.634401246692,47.0636174435363,FALSE,FALSE,FALSE,"2,16","2","2,7","2,7","2,7,16"
59,3,0.990437352926919,0.330145784308973,-1601.33857715502,-1588.69475285975,FALSE,TRUE,TRUE,"2,16,7","2","2,7,16","2,7,16","2,7,16"
59,4,0.990468022284358,0.247617005571089,-1600.9447560746,-1584.08632368091,FALSE,FALSE,FALSE,"2,16,7,1","2","2,7,16","2,7,16","2,7,16"
59,5,0.99051310897044,0.198102621794088,-1601.31538974097,-1580.24234924886,FALSE,FALSE,FALSE,"2,16,7,1,3","2","2,7,16","2,7,16","2,7,16"
59,6,0.990547968236349,0.165091328039392,-1601.15600684764,-1575.8683582571,FALSE,FALSE,FALSE,"2,16,7,1,3,4","2","2,7,16","2,7,16","2,7,16"
59,7,0.990566806381468,0.141509543768781,-1600.15351421042,-1570.65125752146,FALSE,FALSE,FALSE,"2,16,7,1,3,4,5","2","2,7,16","2,7,16","2,7,16"
59,8,0.990575668295715,0.123821958536964,-1598.62345471151,-1564.90658992414,FALSE,FALSE,FALSE,"2,16,7,1,3,4,5,6","2","2,7,16","2,7,16","2,7,16"
59,9,0.990582823794603,0.1100647581994,-1597.00322788395,-1559.07175499815,FALSE,FALSE,FALSE,"2,16,7,1,3,4,5,6,8","2","2,7,16","2,7,16","2,7,16"
59,10,0.990590065767041,0.0990590065767041,-1595.38788451083,-1553.2418035266,FALSE,FALSE,FALSE,"2,16,7,1,3,4,5,6,8,9","2","2,7,16","2,7,16","2,7,16"
59,11,0.990597212373355,0.0900542920339414,-1593.76776609898,-1547.40707701634,FALSE,FALSE,FALSE,"2,16,7,1,3,4,5,6,8,9,10","2","2,7,16","2,7,16","2,7,16"
59,12,0.990601337661668,0.0825501114718057,-1591.98717940951,-1541.41188222844,FALSE,FALSE,FALSE,"2,16,7,1,3,4,5,6,8,9,10,11","2","2,7,16","2,7,16","2,7,16"
59,13,0.99060315545449,0.0762002427272685,-1590.08389363162,-1535.29398835214,FALSE,FALSE,FALSE,"2,16,7,1,3,4,5,6,8,9,10,11,12","2","2,7,16","2,7,16","2,7,16"
59,14,0.990604801280317,0.070757485805737,-1588.17147462577,-1529.16696124786,FALSE,FALSE,FALSE,"2,16,7,1,3,4,5,6,8,9,10,11,12,13","2","2,7,16","2,7,16","2,7,16"
59,15,0.990606410185333,0.0660404273456888,-1586.2571057465,-1523.03798427016,FALSE,FALSE,FALSE,"2,16,7,1,3,4,5,6,8,9,10,11,12,13,14","2","2,7,16","2,7,16","2,7,16"
59,16,0.990606708698544,0.061912919293659,-1584.27299519668,-1516.83926562193,FALSE,FALSE,FALSE,"2,16,7,1,3,4,5,6,8,9,10,11,12,13,14,15","2","2,7,16","2,7,16","2,7,16"
59,17,0.990607041737165,0.0582710024551273,-1582.29072298315,-1510.64238530997,FALSE,FALSE,FALSE,"2,16,7,1,3,4,5,6,8,9,10,11,12,13,14,15,17","2","2,7,16","2,7,16","2,7,16"
59,18,0.990607186027528,0.0550337325570849,-1580.29840381526,-1504.43545804366,FALSE,FALSE,FALSE,"2,16,7,1,3,4,5,6,8,9,10,11,12,13,14,15,17,18","2","2,7,16","2,7,16","2,7,16"
59,19,0.990607288169896,0.0521372256931524,-1578.30384110617,-1498.22628723615,FALSE,FALSE,FALSE,"2,16,7,1,3,4,5,6,8,9,10,11,12,13,14,15,17,18,19","2","2,7,16","2,7,16","2,7,16"
59,20,0.990607294553755,0.0495303647276878,-1576.30418093673,-1492.01201896828,FALSE,FALSE,FALSE,"2,16,7,1,3,4,5,6,8,9,10,11,12,13,14,15,17,18,19,20","2","2,7,16","2,7,16","2,7,16"
60,1,0.724674540454524,0.724674540454524,-206.820340568163,-202.605732469741,TRUE,FALSE,FALSE,"2","2","2","2","2,9,15"
60,2,0.878239059929581,0.439119529964791,-612.767476760395,-604.33826056355,FALSE,FALSE,FALSE,"2,9","2","2,5","2,9","2,9,15"
60,3,0.984051733974656,0.328017244658219,-1627.12222905563,-1614.47840476037,FALSE,FALSE,TRUE,"2,9,15","2","2,5,6","2,9,15","2,9,15"
60,4,0.984246914171712,0.246061728542928,-1631.27914830076,-1614.42071590707,FALSE,FALSE,FALSE,"2,9,15,1","2","2,5,6,9","2,9,15","2,9,15"
60,5,0.984419186164306,0.196883837232861,-1634.77714664279,-1613.70410615068,FALSE,FALSE,FALSE,"2,9,15,1,3","2","2,5,6,9,11","2,9,15","2,9,15"
60,6,0.98450269786871,0.164083782978118,-1635.46430777897,-1610.17665918843,FALSE,FALSE,FALSE,"2,9,15,1,3,4","2","2,5,6,9,11,15","2,9,15","2,9,15"
60,7,0.984570489067312,0.140652927009616,-1635.65629914377,-1606.15404245481,FALSE,FALSE,FALSE,"2,9,15,1,3,4,5","2","2,5,6,9,11,15,19","2,9,15","2,9,15"
60,8,0.984645984797519,0.12308074809969,-1636.10877587549,-1602.39191108812,FALSE,TRUE,FALSE,"2,9,15,1,3,4,5,6","2","2,5,6,9,11,15,19,20","2,9,15","2,9,15"
60,9,0.984684383051183,0.109409375894576,-1635.36077242823,-1597.42929954243,FALSE,FALSE,FALSE,"2,9,15,1,3,4,5,6,7","2","2,5,6,9,11,15,19,20","2,9,15","2,9,15"
60,10,0.984700510930129,0.0984700510930129,-1633.88756728656,-1591.74148630234,FALSE,FALSE,FALSE,"2,9,15,1,3,4,5,6,7,8","2","2,5,6,9,11,15,19,20","2,9,15","2,9,15"
60,11,0.984714114650845,0.0895194649682586,-1632.33234593881,-1585.97165685616,FALSE,FALSE,FALSE,"2,9,15,1,3,4,5,6,7,8,10","2","2,5,6,9,11,15,19,20","2,9,15","2,9,15"
60,12,0.984724060144034,0.0820603383453362,-1630.65776804543,-1580.08247086436,FALSE,FALSE,FALSE,"2,9,15,1,3,4,5,6,7,8,10,11","2","2,5,6,9,11,15,19,20","2,9,15","2,9,15"
60,13,0.984731988672282,0.0757486145132524,-1628.91734573982,-1574.12744046033,FALSE,FALSE,FALSE,"2,9,15,1,3,4,5,6,7,8,10,11,12","2","2,5,6,9,11,15,19,20","2,9,15","2,9,15"
60,14,0.984738316285607,0.0703384511632577,-1627.12460668387,-1568.12009330596,FALSE,FALSE,FALSE,"2,9,15,1,3,4,5,6,7,8,10,11,12,13","2","2,5,6,9,11,15,19,20","2,9,15","2,9,15"
60,15,0.984743926985451,0.0656495951323634,-1625.30845702243,-1562.0893355461,FALSE,FALSE,FALSE,"2,9,15,1,3,4,5,6,7,8,10,11,12,13,14","2","2,5,6,9,11,15,19,20","2,9,15","2,9,15"
60,16,0.98474544141685,0.0615465900885531,-1623.35809320896,-1555.9243636342,FALSE,FALSE,FALSE,"2,9,15,1,3,4,5,6,7,8,10,11,12,13,14,16","2","2,5,6,9,11,15,19,20","2,9,15","2,9,15"
60,17,0.984746254923802,0.0579262502896354,-1621.38475830843,-1549.73642063525,FALSE,FALSE,FALSE,"2,9,15,1,3,4,5,6,7,8,10,11,12,13,14,16,17","2","2,5,6,9,11,15,19,20","2,9,15","2,9,15"
60,18,0.984746689728303,0.0547081494293502,-1619.39901089676,-1543.53606512516,FALSE,FALSE,FALSE,"2,9,15,1,3,4,5,6,7,8,10,11,12,13,14,16,17,18","2","2,5,6,9,11,15,19,20","2,9,15","2,9,15"
60,19,0.984746904267341,0.0518287844351232,-1617.40604348651,-1537.32848961649,FALSE,FALSE,FALSE,"2,9,15,1,3,4,5,6,7,8,10,11,12,13,14,16,17,18,19","2","2,5,6,9,11,15,19,20","2,9,15","2,9,15"
60,20,0.984747073796055,0.0492373536898027,-1615.41160070777,-1531.11943873932,FALSE,FALSE,FALSE,"2,9,15,1,3,4,5,6,7,8,10,11,12,13,14,16,17,18,19,20","2","2,5,6,9,11,15,19,20","2,9,15","2,9,15"
61,1,0.578819276436606,0.578819276436606,106.833878489604,111.048486588026,TRUE,FALSE,FALSE,"13","13","3","13","13,18,19"
61,2,0.751479109033607,0.375739554516803,-154.933673217982,-146.504457021137,FALSE,FALSE,FALSE,"13,18","13","3,8","13,18","13,18,19"
61,3,0.986827036782899,0.3289423455943,-1621.61388438266,-1608.97006008739,FALSE,FALSE,TRUE,"13,18,19","13","3,8,9","13,18,19","13,18,19"
61,4,0.986924721495033,0.246731180373758,-1623.33547320956,-1606.47704081587,FALSE,FALSE,FALSE,"13,18,19,1","13","3,8,9,10","13,18,19","13,18,19"
61,5,0.987049491928524,0.197409898385705,-1626.1296180099,-1605.05657751778,FALSE,FALSE,FALSE,"13,18,19,1,2","13","3,8,9,10,13","13,18,19","13,18,19"
61,6,0.98713985536586,0.164523309227643,-1627.63064557268,-1602.34299698214,FALSE,FALSE,FALSE,"13,18,19,1,2,3","13","3,8,9,10,13,18","13,18,19","13,18,19"
61,7,0.987214226260394,0.141030603751485,-1628.53056523732,-1599.02830854836,FALSE,FALSE,FALSE,"13,18,19,1,2,3,4","13","3,8,9,10,13,18,19","13,18,19","13,18,19"
61,8,0.987270806501121,0.12340885081264,-1628.74810026064,-1595.03123547326,FALSE,TRUE,FALSE,"13,18,19,1,2,3,4,5","13","3,8,9,10,13,18,19,20","13,18,19","13,18,19"
61,9,0.987311451396027,0.109701272377336,-1628.34717736925,-1590.41570448345,FALSE,FALSE,FALSE,"13,18,19,1,2,3,4,5,6","13","3,8,9,10,13,18,19,20","13,18,19","13,18,19"
61,10,0.987331708683744,0.0987331708683744,-1627.14606603559,-1584.99998505137,FALSE,FALSE,FALSE,"13,18,19,1,2,3,4,5,6,7","13","3,8,9,10,13,18,19,20","13,18,19","13,18,19"
61,11,0.987341294070217,0.0897582994609289,-1625.5245312298,-1579.16384214716,FALSE,FALSE,FALSE,"13,18,19,1,2,3,4,5,6,7,8","13","3,8,9,10,13,18,19,20","13,18,19","13,18,19"
61,12,0.987349973167913,0.0822791644306594,-1623.86746021474,-1573.29216303367,FALSE,FALSE,FALSE,"13,18,19,1,2,3,4,5,6,7,8,9","13","3,8,9,10,13,18,19,20","13,18,19","13,18,19"
61,13,0.987357716837578,0.0759505936028906,-1622.17362718438,-1567.38372190489,FALSE,FALSE,FALSE,"13,18,19,1,2,3,4,5,6,7,8,9,10","13","3,8,9,10,13,18,19,20","13,18,19","13,18,19"
61,14,0.987366420009349,0.0705261728578107,-1620.51795457937,-1561.51344120146,FALSE,FALSE,FALSE,"13,18,19,1,2,3,4,5,6,7,8,9,10,11","13","3,8,9,10,13,18,19,20","13,18,19","13,18,19"
61,15,0.987372615345568,0.0658248410230378,-1618.76320793489,-1555.54408645855,FALSE,FALSE,FALSE,"13,18,19,1,2,3,4,5,6,7,8,9,10,11,12","13","3,8,9,10,13,18,19,20","13,18,19","13,18,19"
61,16,0.987378544957872,0.061711159059867,-1616.9980548619,-1549.56432528715,FALSE,FALSE,FALSE,"13,18,19,1,2,3,4,5,6,7,8,9,10,11,12,14","13","3,8,9,10,13,18,19,20","13,18,19","13,18,19"
61,17,0.98738334875317,0.0580813734560688,-1615.18839383984,-1543.54005616667,FALSE,FALSE,FALSE,"13,18,19,1,2,3,4,5,6,7,8,9,10,11,12,14,15","13","3,8,9,10,13,18,19,20","13,18,19","13,18,19"
61,18,0.987383849071844,0.0548546582817691,-1613.20822194573,-1537.34527617414,FALSE,FALSE,FALSE,"13,18,19,1,2,3,4,5,6,7,8,9,10,11,12,14,15,16","13","3,8,9,10,13,18,19,20","13,18,19","13,18,19"
61,19,0.987383978532038,0.0519675778174757,-1611.21335270469,-1531.13579883467,FALSE,FALSE,FALSE,"13,18,19,1,2,3,4,5,6,7,8,9,10,11,12,14,15,16,17","13","3,8,9,10,13,18,19,20","13,18,19","13,18,19"
61,20,0.987384046100873,0.0493692023050437,-1609.21603060978,-1524.92386864133,FALSE,FALSE,FALSE,"13,18,19,1,2,3,4,5,6,7,8,9,10,11,12,14,15,16,17,20","13","3,8,9,10,13,18,19,20","13,18,19","13,18,19"
62,1,0.755808707085056,0.755808707085056,79.8595954694884,84.0742035679106,TRUE,FALSE,FALSE,"14","14","4","4","4,10,14"
62,2,0.947807018398077,0.473903509199038,-689.642340387164,-681.213124190319,FALSE,FALSE,FALSE,"14,4","14","4,6","4,10","4,10,14"
62,3,0.990857568797526,0.330285856265842,-1558.6531842816,-1546.00935998634,FALSE,FALSE,TRUE,"14,4,10","14","4,6,8","4,10,14","4,10,14"
62,4,0.99090525699798,0.247726314249495,-1559.26808002214,-1542.40964762845,FALSE,FALSE,FALSE,"14,4,10,1","14","4,6,8,9","4,10,14","4,10,14"
62,5,0.990974934566199,0.19819498691324,-1561.11348003881,-1540.0404395467,FALSE,FALSE,FALSE,"14,4,10,1,2","14","4,6,8,9,10","4,10,14","4,10,14"
62,6,0.99101317766651,0.165168862944418,-1561.23669767555,-1535.94904908502,FALSE,TRUE,FALSE,"14,4,10,1,2,3","14","4,6,8,9,10,14","4,10,14","4,10,14"
62,7,0.991039165432594,0.141577023633228,-1560.68467411,-1531.18241742104,FALSE,FALSE,FALSE,"14,4,10,1,2,3,5","14","4,6,8,9,10,14","4,10,14","4,10,14"
62,8,0.991060993348562,0.12388262416857,-1559.90412217779,-1526.18725739041,FALSE,FALSE,FALSE,"14,4,10,1,2,3,5,6","14","4,6,8,9,10,14","4,10,14","4,10,14"
62,9,0.9910767133233,0.1101196348137,-1558.78418715644,-1520.85271427064,FALSE,FALSE,FALSE,"14,4,10,1,2,3,5,6,7","14","4,6,8,9,10,14","4,10,14","4,10,14"
62,10,0.991094861667371,0.0991094861667371,-1557.80213183357,-1515.65605084934,FALSE,FALSE,FALSE,"14,4,10,1,2,3,5,6,7,8","14","4,6,8,9,10,14","4,10,14","4,10,14"
62,11,0.991112946932658,0.090101176993878,-1556.81860423481,-1510.45791515216,FALSE,FALSE,FALSE,"14,4,10,1,2,3,5,6,7,8,9","14","4,6,8,9,10,14","4,10,14","4,10,14"
62,12,0.991125888591538,0.0825938240492948,-1555.54725359719,-1504.97195641612,FALSE,FALSE,FALSE,"14,4,10,1,2,3,5,6,7,8,9,11","14","4,6,8,9,10,14","4,10,14","4,10,14"
62,13,0.99113999876016,0.0762415383661661,-1554.3429049996,-1499.55299972011,FALSE,FALSE,FALSE,"14,4,10,1,2,3,5,6,7,8,9,11,12","14","4,6,8,9,10,14","4,10,14","4,10,14"
62,14,0.991145444510704,0.070796103179336,-1552.65032170772,-1493.64580832981,FALSE,FALSE,FALSE,"14,4,10,1,2,3,5,6,7,8,9,11,12,13","14","4,6,8,9,10,14","4,10,14","4,10,14"
62,15,0.991151160414664,0.0660767440276443,-1550.97319221562,-1487.75407073929,FALSE,FALSE,FALSE,"14,4,10,1,2,3,5,6,7,8,9,11,12,13,15","14","4,6,8,9,10,14","4,10,14","4,10,14"
62,16,0.991156100509022,0.0619472562818139,-1549.25240813945,-1481.81867856469,FALSE,FALSE,FALSE,"14,4,10,1,2,3,5,6,7,8,9,11,12,13,15,16","14","4,6,8,9,10,14","4,10,14","4,10,14"
62,17,0.991156400677043,0.0583033176868849,-1547.26937877072,-1475.62104109754,FALSE,FALSE,FALSE,"14,4,10,1,2,3,5,6,7,8,9,11,12,13,15,16,17","14","4,6,8,9,10,14","4,10,14","4,10,14"
62,18,0.991156650011695,0.0550642583339831,-1545.28347586841,-1469.42053009681,FALSE,FALSE,FALSE,"14,4,10,1,2,3,5,6,7,8,9,11,12,13,15,16,17,18","14","4,6,8,9,10,14","4,10,14","4,10,14"
62,19,0.991156839782149,0.0521661494622184,-1543.29420554045,-1463.21665167042,FALSE,FALSE,FALSE,"14,4,10,1,2,3,5,6,7,8,9,11,12,13,15,16,17,18,19","14","4,6,8,9,10,14","4,10,14","4,10,14"
62,20,0.991156845018747,0.0495578422509374,-1541.29450162236,-1457.00233965391,FALSE,FALSE,FALSE,"14,4,10,1,2,3,5,6,7,8,9,11,12,13,15,16,17,18,19,20","14","4,6,8,9,10,14","4,10,14","4,10,14"
63,1,0.744699246471041,0.744699246471041,-52.7700124191876,-48.5554043207654,TRUE,FALSE,FALSE,"9","9","1","1","1,9,18"
63,2,0.882985442705525,0.441492721352763,-440.841976123107,-432.412759926262,FALSE,FALSE,FALSE,"9,1","9","1,5","1,9","1,9,18"
63,3,0.988990708346957,0.329663569448986,-1620.62134432486,-1607.97752002959,FALSE,FALSE,TRUE,"9,1,18","9","1,5,9","1,9,18","1,9,18"
63,4,0.989063918973249,0.247265979743312,-1621.95739602709,-1605.0989636334,FALSE,FALSE,FALSE,"9,1,18,2","9","1,5,9,13","1,9,18","1,9,18"
63,5,0.989125021995411,0.197825004399082,-1622.75887310919,-1601.68583261708,FALSE,TRUE,FALSE,"9,1,18,2,3","9","1,5,9,13,18","1,9,18","1,9,18"
63,6,0.989162218636349,0.164860369772725,-1622.47199840551,-1597.18434981498,FALSE,FALSE,FALSE,"9,1,18,2,3,4","9","1,5,9,13,18","1,9,18","1,9,18"
63,7,0.989185714378937,0.141312244911277,-1621.55714892839,-1592.05489223943,FALSE,FALSE,FALSE,"9,1,18,2,3,4,5","9","1,5,9,13,18","1,9,18","1,9,18"
63,8,0.989204591964675,0.123650573995584,-1620.43071941209,-1586.71385462472,FALSE,FALSE,FALSE,"9,1,18,2,3,4,5,6","9","1,5,9,13,18","1,9,18","1,9,18"
63,9,0.989219805891024,0.109913311765669,-1619.13586445368,-1581.20439156788,FALSE,FALSE,FALSE,"9,1,18,2,3,4,5,6,7","9","1,5,9,13,18","1,9,18","1,9,18"
63,10,0.989233983128505,0.0989233983128505,-1617.79385668903,-1575.6477757048,FALSE,FALSE,FALSE,"9,1,18,2,3,4,5,6,7,8","9","1,5,9,13,18","1,9,18","1,9,18"
63,11,0.989248069876068,0.0899316427160062,-1616.44850787757,-1570.08781879493,FALSE,FALSE,FALSE,"9,1,18,2,3,4,5,6,7,8,10","9","1,5,9,13,18","1,9,18","1,9,18"
63,12,0.989258357749084,0.0824381964790904,-1614.92715673234,-1564.35185955128,FALSE,FALSE,FALSE,"9,1,18,2,3,4,5,6,7,8,10,11","9","1,5,9,13,18","1,9,18","1,9,18"
63,13,0.989272814931835,0.0760979088409104,-1613.60056030121,-1558.81065502172,FALSE,FALSE,FALSE,"9,1,18,2,3,4,5,6,7,8,10,11,12","9","1,5,9,13,18","1,9,18","1,9,18"
63,14,0.989277909813499,0.0706627078438213,-1611.83809195199,-1552.83357857407,FALSE,FALSE,FALSE,"9,1,18,2,3,4,5,6,7,8,10,11,12,13","9","1,5,9,13,18","1,9,18","1,9,18"
63,15,0.989282855775977,0.0659521903850651,-1610.06878874235,-1546.84966726602,FALSE,FALSE,FALSE,"9,1,18,2,3,4,5,6,7,8,10,11,12,13,14","9","1,5,9,13,18","1,9,18","1,9,18"
63,16,0.989285580986585,0.0618303488116616,-1608.19594748445,-1540.76221790969,FALSE,FALSE,FALSE,"9,1,18,2,3,4,5,6,7,8,10,11,12,13,14,15","9","1,5,9,13,18","1,9,18","1,9,18"
63,17,0.989286587506751,0.0581933286768677,-1606.24292004752,-1534.59458237434,FALSE,FALSE,FALSE,"9,1,18,2,3,4,5,6,7,8,10,11,12,13,14,15,16","9","1,5,9,13,18","1,9,18","1,9,18"
63,18,0.989287424679508,0.0549604124821949,-1604.28199282048,-1528.41904704888,FALSE,FALSE,FALSE,"9,1,18,2,3,4,5,6,7,8,10,11,12,13,14,15,16,17","9","1,5,9,13,18","1,9,18","1,9,18"
63,19,0.989288121817726,0.0520677958851435,-1602.3145321904,-1522.23697832038,FALSE,FALSE,FALSE,"9,1,18,2,3,4,5,6,7,8,10,11,12,13,14,15,16,17,19","9","1,5,9,13,18","1,9,18","1,9,18"
63,20,0.98928854729722,0.049464427364861,-1600.33439275721,-1516.04223078877,FALSE,FALSE,FALSE,"9,1,18,2,3,4,5,6,7,8,10,11,12,13,14,15,16,17,19,20","9","1,5,9,13,18","1,9,18","1,9,18"
64,1,0.742905915961344,0.742905915961344,240.532447633586,244.747055732008,TRUE,FALSE,FALSE,"11","11","3","6","6,8,11"
64,2,0.93318745076422,0.46659372538211,-431.243141339433,-422.813925142589,FALSE,FALSE,FALSE,"11,6","11","3,6","6,8","6,8,11"
64,3,0.993261867760179,0.331087289253393,-1576.29721881077,-1563.65339451551,FALSE,FALSE,TRUE,"11,6,8","11","3,6,8","6,8,11","6,8,11"
64,4,0.993317598928649,0.248329399732162,-1578.44992180234,-1561.59148940865,FALSE,TRUE,FALSE,"11,6,8,1","11","3,6,8,11","6,8,11","6,8,11"
64,5,0.993342456774031,0.198668491354806,-1578.31333844032,-1557.24029794821,FALSE,FALSE,FALSE,"11,6,8,1,2","11","3,6,8,11","6,8,11","6,8,11"
64,6,0.993366843816045,0.165561140636007,-1578.14823580961,-1552.86058721907,FALSE,FALSE,FALSE,"11,6,8,1,2,3","11","3,6,8,11","6,8,11","6,8,11"
64,7,0.993386421131664,0.141912345875952,-1577.62613431032,-1548.12387762136,FALSE,FALSE,FALSE,"11,6,8,1,2,3,4","11","3,6,8,11","6,8,11","6,8,11"
64,8,0.993410446269843,0.12417630578373,-1577.44579070745,-1543.72892592007,FALSE,FALSE,FALSE,"11,6,8,1,2,3,4,5","11","3,6,8,11","6,8,11","6,8,11"
64,9,0.993424487549682,0.110380498616631,-1576.51234707496,-1538.58087418916,FALSE,FALSE,FALSE,"11,6,8,1,2,3,4,5,7","11","3,6,8,11","6,8,11","6,8,11"
64,10,0.993439578898653,0.0993439578898653,-1575.66120760711,-1533.51512662289,FALSE,FALSE,FALSE,"11,6,8,1,2,3,4,5,7,9","11","3,6,8,11","6,8,11","6,8,11"
64,11,0.993450781798913,0.0903137074362648,-1574.51576223893,-1528.15507315629,FALSE,FALSE,FALSE,"11,6,8,1,2,3,4,5,7,9,10","11","3,6,8,11","6,8,11","6,8,11"
64,12,0.993455547781761,0.0827879623151468,-1572.8797536108,-1522.30445642973,FALSE,FALSE,FALSE,"11,6,8,1,2,3,4,5,7,9,10,12","11","3,6,8,11","6,8,11","6,8,11"
64,13,0.993460185972169,0.0764200143055515,-1571.2342397176,-1516.44433443811,FALSE,FALSE,FALSE,"11,6,8,1,2,3,4,5,7,9,10,12,13","11","3,6,8,11","6,8,11","6,8,11"
64,14,0.993463879014043,0.0709617056438602,-1569.51667014944,-1510.51215677153,FALSE,FALSE,FALSE,"11,6,8,1,2,3,4,5,7,9,10,12,13,14","11","3,6,8,11","6,8,11","6,8,11"
64,15,0.993466858768537,0.0662311239179025,-1567.7446673,-1504.52554582366,FALSE,FALSE,FALSE,"11,6,8,1,2,3,4,5,7,9,10,12,13,14,15","11","3,6,8,11","6,8,11","6,8,11"
64,16,0.99346914585486,0.0620918216159287,-1565.91973520837,-1498.48600563361,FALSE,FALSE,FALSE,"11,6,8,1,2,3,4,5,7,9,10,12,13,14,15,16","11","3,6,8,11","6,8,11","6,8,11"
64,17,0.99347032531652,0.0584394309009718,-1564.01004255194,-1492.36170487876,FALSE,FALSE,FALSE,"11,6,8,1,2,3,4,5,7,9,10,12,13,14,15,16,17","11","3,6,8,11","6,8,11","6,8,11"
64,18,0.993471224170879,0.055192845787271,-1562.07887570783,-1486.21592993623,FALSE,FALSE,FALSE,"11,6,8,1,2,3,4,5,7,9,10,12,13,14,15,16,17,18","11","3,6,8,11","6,8,11","6,8,11"
64,19,0.993471462564733,0.0522879717139333,-1560.09713320455,-1480.01957933453,FALSE,FALSE,FALSE,"11,6,8,1,2,3,4,5,7,9,10,12,13,14,15,16,17,18,19","11","3,6,8,11","6,8,11","6,8,11"
64,20,0.993471609684548,0.0496735804842274,-1558.10840077207,-1473.81623880363,FALSE,FALSE,FALSE,"11,6,8,1,2,3,4,5,7,9,10,12,13,14,15,16,17,18,19,20","11","3,6,8,11","6,8,11","6,8,11"
65,1,0.63534719279357,0.63534719279357,-171.432220301687,-167.217612203265,TRUE,FALSE,FALSE,"15","15","7","10","10,12,15"
65,2,0.791411336306851,0.395705668153426,-448.7229659921,-440.293749795256,FALSE,FALSE,FALSE,"15,12","15","7,10","10,12","10,12,15"
65,3,0.980947025912048,0.326982341970683,-1643.2934594364,-1630.64963514114,FALSE,FALSE,TRUE,"15,12,10","15","7,10,12","10,12,15","10,12,15"
65,4,0.981085521850288,0.245271380462572,-1644.9412299441,-1628.08279755041,FALSE,TRUE,FALSE,"15,12,10,1","15","7,10,12,15","10,12,15","10,12,15"
65,5,0.981150205973701,0.19623004119474,-1644.65407075749,-1623.58103026538,FALSE,FALSE,FALSE,"15,12,10,1,2","15","7,10,12,15","10,12,15","10,12,15"
65,6,0.98118735328527,0.163531225547545,-1643.64039354708,-1618.35274495655,FALSE,FALSE,FALSE,"15,12,10,1,2,3","15","7,10,12,15","10,12,15","10,12,15"
65,7,0.981213341501346,0.140173334500192,-1642.33158238867,-1612.82932569972,FALSE,FALSE,FALSE,"15,12,10,1,2,3,4","15","7,10,12,15","10,12,15","10,12,15"
65,8,0.98123812628467,0.122654765785584,-1640.99165577801,-1607.27479099063,FALSE,FALSE,FALSE,"15,12,10,1,2,3,4,5","15","7,10,12,15","10,12,15","10,12,15"
65,9,0.981259202692229,0.109028800299137,-1639.55365334254,-1601.62218045674,FALSE,FALSE,FALSE,"15,12,10,1,2,3,4,5,6","15","7,10,12,15","10,12,15","10,12,15"
65,10,0.981280460528789,0.0981280460528789,-1638.12112925626,-1595.97504827204,FALSE,FALSE,FALSE,"15,12,10,1,2,3,4,5,6,7","15","7,10,12,15","10,12,15","10,12,15"
65,11,0.981290901864477,0.0892082638058616,-1636.40009575428,-1590.03940667163,FALSE,FALSE,FALSE,"15,12,10,1,2,3,4,5,6,7,8","15","7,10,12,15","10,12,15","10,12,15"
65,12,0.981301355611065,0.0817751129675887,-1634.67954984999,-1584.10425266892,FALSE,FALSE,FALSE,"15,12,10,1,2,3,4,5,6,7,8,9","15","7,10,12,15","10,12,15","10,12,15"
65,13,0.98131171924985,0.0754855168653731,-1632.95674940604,-1578.16684412656,FALSE,FALSE,FALSE,"15,12,10,1,2,3,4,5,6,7,8,9,11","15","7,10,12,15","10,12,15","10,12,15"
65,14,0.981322704440512,0.070094478888608,-1631.25074168619,-1572.24622830828,FALSE,FALSE,FALSE,"15,12,10,1,2,3,4,5,6,7,8,9,11,13","15","7,10,12,15","10,12,15","10,12,15"
65,15,0.981324110215043,0.0654216073476695,-1629.28837634891,-1566.06925487257,FALSE,FALSE,FALSE,"15,12,10,1,2,3,4,5,6,7,8,9,11,13,14","15","7,10,12,15","10,12,15","10,12,15"
65,16,0.981324834886897,0.061332802180431,-1627.30777799246,-1559.87404841771,FALSE,FALSE,FALSE,"15,12,10,1,2,3,4,5,6,7,8,9,11,13,14,16","15","7,10,12,15","10,12,15","10,12,15"
65,17,0.98132554733926,0.057725032196427,-1625.32685321747,-1553.67851554429,FALSE,FALSE,FALSE,"15,12,10,1,2,3,4,5,6,7,8,9,11,13,14,16,17","15","7,10,12,15","10,12,15","10,12,15"
65,18,0.981326084313759,0.0545181157952088,-1623.34123067286,-1547.47828490126,FALSE,FALSE,FALSE,"15,12,10,1,2,3,4,5,6,7,8,9,11,13,14,16,17,18","15","7,10,12,15","10,12,15","10,12,15"
65,19,0.981326706378552,0.0516487740199238,-1621.3578869319,-1541.28033306188,FALSE,FALSE,FALSE,"15,12,10,1,2,3,4,5,6,7,8,9,11,13,14,16,17,18,19","15","7,10,12,15","10,12,15","10,12,15"
65,20,0.981326779274791,0.0490663389637396,-1619.3598388206,-1535.06767685216,FALSE,FALSE,FALSE,"15,12,10,1,2,3,4,5,6,7,8,9,11,13,14,16,17,18,19,20","15","7,10,12,15","10,12,15","10,12,15"
66,1,0.77377998530174,0.77377998530174,-220.715762446184,-216.501154347762,TRUE,FALSE,FALSE,"9","9","5","8","8,9,19"
66,2,0.852373982675746,0.426186991337873,-432.128700600797,-423.699484403953,FALSE,FALSE,FALSE,"9,19","9","5,8","8,9","8,9,19"
66,3,0.984829989488332,0.328276663162777,-1567.80954034201,-1555.16571604674,FALSE,FALSE,TRUE,"9,19,8","9","5,8,9","8,9,19","8,9,19"
66,4,0.984890755331011,0.246222688832753,-1567.81639037491,-1550.95795798122,FALSE,FALSE,FALSE,"9,19,8,1","9","5,8,9,15","8,9,19","8,9,19"
66,5,0.984970427256641,0.196994085451328,-1568.45989526515,-1547.38685477304,FALSE,FALSE,FALSE,"9,19,8,1,2","9","5,8,9,15,16","8,9,19","8,9,19"
66,6,0.985041022871829,0.164173503811971,-1568.81398527276,-1543.52633668222,FALSE,FALSE,FALSE,"9,19,8,1,2,3","9","5,8,9,15,16,18","8,9,19","8,9,19"
66,7,0.985115758551719,0.140730822650246,-1569.31826730694,-1539.81601061799,FALSE,TRUE,FALSE,"9,19,8,1,2,3,4","9","5,8,9,15,16,18,19","8,9,19","8,9,19"
66,8,0.985167757311195,0.123145969663899,-1569.06809788273,-1535.35123309535,FALSE,FALSE,FALSE,"9,19,8,1,2,3,4,5","9","5,8,9,15,16,18,19","8,9,19","8,9,19"
66,9,0.985214302713976,0.109468255857108,-1568.63962652848,-1530.70815364268,FALSE,FALSE,FALSE,"9,19,8,1,2,3,4,5,6","9","5,8,9,15,16,18,19","8,9,19","8,9,19"
66,10,0.985250488198837,0.0985250488198837,-1567.86479147853,-1525.7187104943,FALSE,FALSE,FALSE,"9,19,8,1,2,3,4,5,6,7","9","5,8,9,15,16,18,19","8,9,19","8,9,19"
66,11,0.985277973655662,0.0895707248777875,-1566.79740194013,-1520.43671285749,FALSE,FALSE,FALSE,"9,19,8,1,2,3,4,5,6,7,10","9","5,8,9,15,16,18,19","8,9,19","8,9,19"
66,12,0.985304883775623,0.0821087403146353,-1565.71217900947,-1515.1368818284,FALSE,FALSE,FALSE,"9,19,8,1,2,3,4,5,6,7,10,11","9","5,8,9,15,16,18,19","8,9,19","8,9,19"
66,13,0.985320735050918,0.0757939026962244,-1564.25180831228,-1509.46190303279,FALSE,FALSE,FALSE,"9,19,8,1,2,3,4,5,6,7,10,11,12","9","5,8,9,15,16,18,19","8,9,19","8,9,19"
66,14,0.985335171187252,0.0703810836562323,-1562.74376889611,-1503.7392555182,FALSE,FALSE,FALSE,"9,19,8,1,2,3,4,5,6,7,10,11,12,13","9","5,8,9,15,16,18,19","8,9,19","8,9,19"
66,15,0.985345807131615,0.065689720475441,-1561.10653491693,-1497.8874134406,FALSE,FALSE,FALSE,"9,19,8,1,2,3,4,5,6,7,10,11,12,13,14","9","5,8,9,15,16,18,19","8,9,19","8,9,19"
66,16,0.985355252013915,0.0615847032508697,-1559.42889751271,-1491.99516793796,FALSE,FALSE,FALSE,"9,19,8,1,2,3,4,5,6,7,10,11,12,13,14,15","9","5,8,9,15,16,18,19","8,9,19","8,9,19"
66,17,0.985359687468295,0.0579623345569585,-1557.58035543477,-1485.93201776159,FALSE,FALSE,FALSE,"9,19,8,1,2,3,4,5,6,7,10,11,12,13,14,15,16","9","5,8,9,15,16,18,19","8,9,19","8,9,19"
66,18,0.985363469605966,0.0547424149781092,-1555.70954073324,-1479.84659496164,FALSE,FALSE,FALSE,"9,19,8,1,2,3,4,5,6,7,10,11,12,13,14,15,16,17","9","5,8,9,15,16,18,19","8,9,19","8,9,19"
66,19,0.985366497810318,0.0518613946215957,-1553.81299823214,-1473.73544436212,FALSE,FALSE,FALSE,"9,19,8,1,2,3,4,5,6,7,10,11,12,13,14,15,16,17,18","9","5,8,9,15,16,18,19","8,9,19","8,9,19"
66,20,0.985366556063362,0.0492683278031681,-1551.81498863603,-1467.52282666759,FALSE,FALSE,FALSE,"9,19,8,1,2,3,4,5,6,7,10,11,12,13,14,15,16,17,18,20","9","5,8,9,15,16,18,19","8,9,19","8,9,19"
67,1,0.660127654502733,0.660127654502733,-285.476134366938,-281.261526268516,TRUE,FALSE,FALSE,"17","17","2","2","2,9,17"
67,2,0.844076230202459,0.422038115101229,-673.077564374443,-664.648348177599,FALSE,FALSE,FALSE,"17,9","17","2,6","2,9","2,9,17"
67,3,0.974496597103193,0.324832199034398,-1576.35523561445,-1563.71141131918,FALSE,FALSE,TRUE,"17,9,2","17","2,6,9","2,9,17","2,9,17"
67,4,0.974763005809215,0.243690751452304,-1579.6057099777,-1562.74727758401,FALSE,FALSE,FALSE,"17,9,2,1","17","2,6,9,10","2,9,17","2,9,17"
67,5,0.974889915216738,0.194977983043348,-1580.12640589292,-1559.05336540081,FALSE,TRUE,FALSE,"17,9,2,1,3","17","2,6,9,10,17","2,9,17","2,9,17"
67,6,0.974962804860015,0.162493800810003,-1579.57991832111,-1554.29226973058,FALSE,FALSE,FALSE,"17,9,2,1,3,4","17","2,6,9,10,17","2,9,17","2,9,17"
67,7,0.975025639101936,0.139289377014562,-1578.83631344176,-1549.33405675281,FALSE,FALSE,FALSE,"17,9,2,1,3,4,5","17","2,6,9,10,17","2,9,17","2,9,17"
67,8,0.975091664221052,0.121886458027631,-1578.15992186857,-1544.44305708119,FALSE,FALSE,FALSE,"17,9,2,1,3,4,5,6","17","2,6,9,10,17","2,9,17","2,9,17"
67,9,0.975143121600332,0.10834923573337,-1577.19392520741,-1539.26245232161,FALSE,FALSE,FALSE,"17,9,2,1,3,4,5,6,7","17","2,6,9,10,17","2,9,17","2,9,17"
67,10,0.975177427682073,0.0975177427682073,-1575.88447405001,-1533.73839306579,FALSE,FALSE,FALSE,"17,9,2,1,3,4,5,6,7,8","17","2,6,9,10,17","2,9,17","2,9,17"
67,11,0.975202740847309,0.0886547946224826,-1574.39461619845,-1528.0339271158,FALSE,FALSE,FALSE,"17,9,2,1,3,4,5,6,7,8,10","17","2,6,9,10,17","2,9,17","2,9,17"
67,12,0.975217564906154,0.0812681304088462,-1572.69361076694,-1522.11831358587,FALSE,FALSE,FALSE,"17,9,2,1,3,4,5,6,7,8,10,11","17","2,6,9,10,17","2,9,17","2,9,17"
67,13,0.975229793603116,0.0750176764310089,-1570.94039271119,-1516.1504874317,FALSE,FALSE,FALSE,"17,9,2,1,3,4,5,6,7,8,10,11,12","17","2,6,9,10,17","2,9,17","2,9,17"
67,14,0.975241055535365,0.0696600753953832,-1569.16777259248,-1510.16325921457,FALSE,FALSE,FALSE,"17,9,2,1,3,4,5,6,7,8,10,11,12,13","17","2,6,9,10,17","2,9,17","2,9,17"
67,15,0.975251257881713,0.0650167505254475,-1567.37384860202,-1504.15472712568,FALSE,FALSE,FALSE,"17,9,2,1,3,4,5,6,7,8,10,11,12,13,14","17","2,6,9,10,17","2,9,17","2,9,17"
67,16,0.975259078271428,0.0609536923919643,-1565.53186927083,-1498.09813969608,FALSE,FALSE,FALSE,"17,9,2,1,3,4,5,6,7,8,10,11,12,13,14,15","17","2,6,9,10,17","2,9,17","2,9,17"
67,17,0.97526656515442,0.0573686214796718,-1563.68319782904,-1492.03486015586,FALSE,FALSE,FALSE,"17,9,2,1,3,4,5,6,7,8,10,11,12,13,14,15,16","17","2,6,9,10,17","2,9,17","2,9,17"
67,18,0.9752741426208,0.0541818968122667,-1561.83640395268,-1485.97345818108,FALSE,FALSE,FALSE,"17,9,2,1,3,4,5,6,7,8,10,11,12,13,14,15,16,18","17","2,6,9,10,17","2,9,17","2,9,17"
67,19,0.975274595913905,0.0513302418902055,-1559.84557041459,-1479.76801654457,FALSE,FALSE,FALSE,"17,9,2,1,3,4,5,6,7,8,10,11,12,13,14,15,16,18,19","17","2,6,9,10,17","2,9,17","2,9,17"
67,20,0.975274860084232,0.0487637430042116,-1557.85091252623,-1473.55875055779,FALSE,FALSE,FALSE,"17,9,2,1,3,4,5,6,7,8,10,11,12,13,14,15,16,18,19,20","17","2,6,9,10,17","2,9,17","2,9,17"
68,1,0.288023010248045,0.288023010248045,-116.976342813357,-112.761734714935,FALSE,FALSE,FALSE,"19","5","5","5","5,9,19"
68,2,0.80212695586693,0.401063477933465,-755.186322477981,-746.757106281136,FALSE,FALSE,FALSE,"19,9","5,9","5,8","5,9","5,9,19"
68,3,0.966591119846038,0.322197039948679,-1642.58827061726,-1629.94444632199,TRUE,FALSE,TRUE,"19,9,5","5,9,19","5,8,9","5,9,19","5,9,19"
68,4,0.966735930890982,0.241683982722746,-1642.76023502347,-1625.90180262978,FALSE,FALSE,FALSE,"19,9,5,1","5,9,19","5,8,9,14","5,9,19","5,9,19"
68,5,0.966871702013864,0.193374340402773,-1642.80521877816,-1621.73217828605,FALSE,TRUE,FALSE,"19,9,5,1,2","5,9,19","5,8,9,14,19","5,9,19","5,9,19"
68,6,0.966917135614279,0.161152855935713,-1641.49141134627,-1616.20376275574,FALSE,FALSE,FALSE,"19,9,5,1,2,3","5,9,19","5,8,9,14,19","5,9,19","5,9,19"
68,7,0.966958482496116,0.138136926070874,-1640.11670092999,-1610.61444424104,FALSE,FALSE,FALSE,"19,9,5,1,2,3,4","5,9,19","5,8,9,14,19","5,9,19","5,9,19"
68,8,0.966997908373917,0.12087473854674,-1638.71366834295,-1604.99680355557,FALSE,FALSE,FALSE,"19,9,5,1,2,3,4,6","5,9,19","5,8,9,14,19","5,9,19","5,9,19"
68,9,0.967030124603113,0.107447791622568,-1637.20200048174,-1599.27052759594,FALSE,FALSE,FALSE,"19,9,5,1,2,3,4,6,7","5,9,19","5,8,9,14,19","5,9,19","5,9,19"
68,10,0.967061115452523,0.0967061115452523,-1635.67220886861,-1593.52612788439,FALSE,FALSE,FALSE,"19,9,5,1,2,3,4,6,7,8","5,9,19","5,8,9,14,19","5,9,19","5,9,19"
68,11,0.967083784268949,0.0879167076608136,-1634.01643152146,-1587.65574243882,FALSE,FALSE,FALSE,"19,9,5,1,2,3,4,6,7,8,10","5,9,19","5,8,9,14,19","5,9,19","5,9,19"
68,12,0.967104082840815,0.0805920069034013,-1632.32486359345,-1581.74956641239,FALSE,FALSE,FALSE,"19,9,5,1,2,3,4,6,7,8,10,11","5,9,19","5,8,9,14,19","5,9,19","5,9,19"
68,13,0.967121298556853,0.0743939460428348,-1630.58660158292,-1575.79669630343,FALSE,FALSE,FALSE,"19,9,5,1,2,3,4,6,7,8,10,11,12","5,9,19","5,8,9,14,19","5,9,19","5,9,19"
68,14,0.967135319758191,0.0690810942684422,-1628.79987326428,-1569.79535988637,FALSE,FALSE,FALSE,"19,9,5,1,2,3,4,6,7,8,10,11,12,13","5,9,19","5,8,9,14,19","5,9,19","5,9,19"
68,15,0.967145176035588,0.0644763450690392,-1626.94984818558,-1563.73072670925,FALSE,FALSE,FALSE,"19,9,5,1,2,3,4,6,7,8,10,11,12,13,14","5,9,19","5,8,9,14,19","5,9,19","5,9,19"
68,16,0.967156421580891,0.0604472763488057,-1625.12101742266,-1557.6872878479,FALSE,FALSE,FALSE,"19,9,5,1,2,3,4,6,7,8,10,11,12,13,14,15","5,9,19","5,8,9,14,19","5,9,19","5,9,19"
68,17,0.967165621022594,0.0568920953542702,-1623.26108636096,-1551.61274868778,FALSE,FALSE,FALSE,"19,9,5,1,2,3,4,6,7,8,10,11,12,13,14,15,16","5,9,19","5,8,9,14,19","5,9,19","5,9,19"
68,18,0.967175084062291,0.0537319491145717,-1621.4052097448,-1545.5422639732,FALSE,FALSE,FALSE,"19,9,5,1,2,3,4,6,7,8,10,11,12,13,14,15,16,17","5,9,19","5,8,9,14,19","5,9,19","5,9,19"
68,19,0.96718138875544,0.0509042836187074,-1619.50125414458,-1539.42370027456,FALSE,FALSE,FALSE,"19,9,5,1,2,3,4,6,7,8,10,11,12,13,14,15,16,17,18","5,9,19","5,8,9,14,19","5,9,19","5,9,19"
68,20,0.967182231625716,0.0483591115812858,-1617.51409565535,-1533.22193368691,FALSE,FALSE,FALSE,"19,9,5,1,2,3,4,6,7,8,10,11,12,13,14,15,16,17,18,20","5,9,19","5,8,9,14,19","5,9,19","5,9,19"
69,1,0.584540330072579,0.584540330072579,1.74506006331103,5.95966816173322,TRUE,FALSE,FALSE,"2","2","2","2","2,4,5"
69,2,0.787846360230139,0.393923180115069,-332.292348708392,-323.863132511548,FALSE,FALSE,FALSE,"2,5","2","2,4","2,4","2,4,5"
69,3,0.983416766985548,0.327805588995183,-1604.7516499831,-1592.10782568783,FALSE,FALSE,TRUE,"2,5,4","2","2,4,5","2,4,5","2,4,5"
69,4,0.983598577974669,0.245899644493667,-1608.2636927859,-1591.40526039221,FALSE,FALSE,FALSE,"2,5,4,1","2","2,4,5,11","2,4,5","2,4,5"
69,5,0.983706559003055,0.196741311800611,-1609.56639574953,-1588.49335525742,FALSE,TRUE,FALSE,"2,5,4,1,3","2","2,4,5,11,20","2,4,5","2,4,5"
69,6,0.983770579275944,0.163961763212657,-1609.53486814684,-1584.24721955631,FALSE,FALSE,FALSE,"2,5,4,1,3,6","2","2,4,5,11,20","2,4,5","2,4,5"
69,7,0.983822040469843,0.140546005781406,-1609.1228162238,-1579.62055953484,FALSE,FALSE,FALSE,"2,5,4,1,3,6,7","2","2,4,5,11,20","2,4,5","2,4,5"
69,8,0.983839483913943,0.122979935489243,-1607.66221845162,-1573.94535366425,FALSE,FALSE,FALSE,"2,5,4,1,3,6,7,8","2","2,4,5,11,20","2,4,5","2,4,5"
69,9,0.983857831302786,0.109317536811421,-1606.23020191613,-1568.29872903033,FALSE,FALSE,FALSE,"2,5,4,1,3,6,7,8,9","2","2,4,5,11,20","2,4,5","2,4,5"
69,10,0.983863567350146,0.0983863567350146,-1604.40790625214,-1562.26182526792,FALSE,FALSE,FALSE,"2,5,4,1,3,6,7,8,9,10","2","2,4,5,11,20","2,4,5","2,4,5"
69,11,0.983867323395023,0.0894424839450021,-1602.52430379088,-1556.16361470824,FALSE,FALSE,FALSE,"2,5,4,1,3,6,7,8,9,10,11","2","2,4,5,11,20","2,4,5","2,4,5"
69,12,0.983870843641709,0.0819892369701424,-1600.63341869155,-1550.05812151048,FALSE,FALSE,FALSE,"2,5,4,1,3,6,7,8,9,10,11,12","2","2,4,5,11,20","2,4,5","2,4,5"
69,13,0.983874113821119,0.075682624140086,-1598.7348037515,-1543.94489847201,FALSE,FALSE,FALSE,"2,5,4,1,3,6,7,8,9,10,11,12,13","2","2,4,5,11,20","2,4,5","2,4,5"
69,14,0.983877044409762,0.0702769317435544,-1596.82567798111,-1537.8211646032,FALSE,FALSE,FALSE,"2,5,4,1,3,6,7,8,9,10,11,12,13,14","2","2,4,5,11,20","2,4,5","2,4,5"
69,15,0.983879405762834,0.065591960384189,-1594.89891287891,-1531.67979140257,FALSE,FALSE,FALSE,"2,5,4,1,3,6,7,8,9,10,11,12,13,14,15","2","2,4,5,11,20","2,4,5","2,4,5"
69,16,0.983881370444885,0.0614925856528053,-1592.95985361575,-1525.526124041,FALSE,FALSE,FALSE,"2,5,4,1,3,6,7,8,9,10,11,12,13,14,15,16","2","2,4,5,11,20","2,4,5","2,4,5"
69,17,0.98388260644779,0.0578754474381053,-1590.9981959045,-1519.34985823132,FALSE,FALSE,FALSE,"2,5,4,1,3,6,7,8,9,10,11,12,13,14,15,16,17","2","2,4,5,11,20","2,4,5","2,4,5"
69,18,0.983882690454138,0.0546601494696743,-1589.00080198862,-1513.13785621702,FALSE,FALSE,FALSE,"2,5,4,1,3,6,7,8,9,10,11,12,13,14,15,16,17,18","2","2,4,5,11,20","2,4,5","2,4,5"
69,19,0.983882740288631,0.0517833021204543,-1587.00234798392,-1506.92479411389,FALSE,FALSE,FALSE,"2,5,4,1,3,6,7,8,9,10,11,12,13,14,15,16,17,18,19","2","2,4,5,11,20","2,4,5","2,4,5"
69,20,0.983882786901769,0.0491941393450884,-1585.00379404877,-1500.71163208032,FALSE,FALSE,FALSE,"2,5,4,1,3,6,7,8,9,10,11,12,13,14,15,16,17,18,19,20","2","2,4,5,11,20","2,4,5","2,4,5"
70,1,0.778519152399701,0.778519152399701,-30.2815098314807,-26.0669017330585,TRUE,FALSE,FALSE,"19","19","4","4","4,19,20"
70,2,0.945733905932715,0.472866952966358,-731.499762667439,-723.070546470594,FALSE,FALSE,FALSE,"19,4","19","4,7","4,19","4,19,20"
70,3,0.991449255765775,0.330483085255258,-1653.44040724739,-1640.79658295212,FALSE,FALSE,TRUE,"19,4,20","19","4,7,8","4,19,20","4,19,20"
70,4,0.991511155728664,0.247877788932166,-1655.07313788297,-1638.21470548928,FALSE,FALSE,FALSE,"19,4,20,1","19","4,7,8,9","4,19,20","4,19,20"
70,5,0.991553094187586,0.198310618837517,-1655.54947016466,-1634.47642967255,FALSE,FALSE,FALSE,"19,4,20,1,2","19","4,7,8,9,19","4,19,20","4,19,20"
70,6,0.991600541808987,0.165266756968165,-1656.3659679474,-1631.07831935687,FALSE,TRUE,FALSE,"19,4,20,1,2,3","19","4,7,8,9,19,20","4,19,20","4,19,20"
70,7,0.991622725203796,0.141660389314828,-1655.68824015344,-1626.18598346448,FALSE,FALSE,FALSE,"19,4,20,1,2,3,5","19","4,7,8,9,19,20","4,19,20","4,19,20"
70,8,0.991645430512554,0.123955678814069,-1655.04525270453,-1621.32838791715,FALSE,FALSE,FALSE,"19,4,20,1,2,3,5,6","19","4,7,8,9,19,20","4,19,20","4,19,20"
70,9,0.991662971734611,0.110184774637179,-1654.09615440809,-1616.16468152229,FALSE,FALSE,FALSE,"19,4,20,1,2,3,5,6,7","19","4,7,8,9,19,20","4,19,20","4,19,20"
70,10,0.991677490552334,0.0991677490552334,-1652.96765646591,-1610.82157548169,FALSE,FALSE,FALSE,"19,4,20,1,2,3,5,6,7,8","19","4,7,8,9,19,20","4,19,20","4,19,20"
70,11,0.99168711539164,0.0901533741265127,-1651.54623250366,-1605.18554342102,FALSE,FALSE,FALSE,"19,4,20,1,2,3,5,6,7,8,9","19","4,7,8,9,19,20","4,19,20","4,19,20"
70,12,0.991695571500863,0.0826412976250719,-1650.05510598389,-1599.47980880282,FALSE,FALSE,FALSE,"19,4,20,1,2,3,5,6,7,8,9,10","19","4,7,8,9,19,20","4,19,20","4,19,20"
70,13,0.991702032674042,0.0762847717441571,-1648.44427713566,-1593.65437185617,FALSE,FALSE,FALSE,"19,4,20,1,2,3,5,6,7,8,9,10,11","19","4,7,8,9,19,20","4,19,20","4,19,20"
70,14,0.991708328583157,0.0708363091845113,-1646.82378566598,-1587.81927228807,FALSE,FALSE,FALSE,"19,4,20,1,2,3,5,6,7,8,9,10,11,12","19","4,7,8,9,19,20","4,19,20","4,19,20"
70,15,0.991713525792077,0.0661142350528052,-1645.13728327952,-1581.91816180319,FALSE,FALSE,FALSE,"19,4,20,1,2,3,5,6,7,8,9,10,11,12,13","19","4,7,8,9,19,20","4,19,20","4,19,20"
70,16,0.991716511499601,0.0619822819687251,-1643.31747122613,-1575.88374165137,FALSE,FALSE,FALSE,"19,4,20,1,2,3,5,6,7,8,9,10,11,12,13,14","19","4,7,8,9,19,20","4,19,20","4,19,20"
70,17,0.991719599380395,0.0583364470223762,-1641.50389367844,-1569.85555600527,FALSE,FALSE,FALSE,"19,4,20,1,2,3,5,6,7,8,9,10,11,12,13,14,15","19","4,7,8,9,19,20","4,19,20","4,19,20"
70,18,0.991721720979739,0.0550956511655411,-1639.63201979732,-1563.76907402572,FALSE,FALSE,FALSE,"19,4,20,1,2,3,5,6,7,8,9,10,11,12,13,14,15,16","19","4,7,8,9,19,20","4,19,20","4,19,20"
70,19,0.991721743251853,0.0521958812237817,-1637.63336501315,-1557.55581114313,FALSE,FALSE,FALSE,"19,4,20,1,2,3,5,6,7,8,9,10,11,12,13,14,15,16,17","19","4,7,8,9,19,20","4,19,20","4,19,20"
70,20,0.991721746568061,0.0495860873284031,-1635.63356530948,-1551.34140334103,FALSE,FALSE,FALSE,"19,4,20,1,2,3,5,6,7,8,9,10,11,12,13,14,15,16,17,18","19","4,7,8,9,19,20","4,19,20","4,19,20"
71,1,0.762540358311799,0.762540358311799,-178.240725035871,-174.026116937449,TRUE,FALSE,FALSE,"4","4","2","4","4,10,12"
71,2,0.909846098845136,0.454923049422568,-660.480453309034,-652.05123711219,FALSE,FALSE,FALSE,"4,10","4","2,3","4,10","4,10,12"
71,3,0.98607206280879,0.32869068760293,-1592.29121822559,-1579.64739393033,FALSE,FALSE,TRUE,"4,10,12","4","2,3,4","4,10,12","4,10,12"
71,4,0.986222451751655,0.246555612937914,-1595.71940031858,-1578.86096792489,FALSE,FALSE,FALSE,"4,10,12,1","4","2,3,4,10","4,10,12","4,10,12"
71,5,0.986286639115541,0.197257327823108,-1596.0542623712,-1574.98122187909,FALSE,FALSE,FALSE,"4,10,12,1,2","4","2,3,4,10,12","4,10,12","4,10,12"
71,6,0.986368618112648,0.164394769685441,-1597.05225154224,-1571.7646029517,FALSE,TRUE,FALSE,"4,10,12,1,2,3","4","2,3,4,10,12,16","4,10,12","4,10,12"
71,7,0.986412667391812,0.140916095341687,-1596.67059827298,-1567.16834158403,FALSE,FALSE,FALSE,"4,10,12,1,2,3,5","4","2,3,4,10,12,16","4,10,12","4,10,12"
71,8,0.986465043229839,0.12330813040373,-1596.60170012072,-1562.88483533335,FALSE,FALSE,FALSE,"4,10,12,1,2,3,5,6","4","2,3,4,10,12,16","4,10,12","4,10,12"
71,9,0.986507104115582,0.109611900457287,-1596.15790661017,-1558.22643372437,FALSE,FALSE,FALSE,"4,10,12,1,2,3,5,6,7","4","2,3,4,10,12,16","4,10,12","4,10,12"
71,10,0.986533922259238,0.0986533922259238,-1595.15268307588,-1553.00660209166,FALSE,FALSE,FALSE,"4,10,12,1,2,3,5,6,7,8","4","2,3,4,10,12,16","4,10,12","4,10,12"
71,11,0.98655953406742,0.0896872303697655,-1594.10456363806,-1547.74387455541,FALSE,FALSE,FALSE,"4,10,12,1,2,3,5,6,7,8,9","4","2,3,4,10,12,16","4,10,12","4,10,12"
71,12,0.986583262568702,0.0822152718807251,-1592.9880699039,-1542.41277272284,FALSE,FALSE,FALSE,"4,10,12,1,2,3,5,6,7,8,9,11","4","2,3,4,10,12,16","4,10,12","4,10,12"
71,13,0.986596240953594,0.0758920185348919,-1591.47196795242,-1536.68206267293,FALSE,FALSE,FALSE,"4,10,12,1,2,3,5,6,7,8,9,11,13","4","2,3,4,10,12,16","4,10,12","4,10,12"
71,14,0.986609098834715,0.0704720784881939,-1589.95183528441,-1530.9473219065,FALSE,FALSE,FALSE,"4,10,12,1,2,3,5,6,7,8,9,11,13,14","4","2,3,4,10,12,16","4,10,12","4,10,12"
71,15,0.986616263538163,0.0657744175692108,-1588.21942821017,-1525.00030673384,FALSE,FALSE,FALSE,"4,10,12,1,2,3,5,6,7,8,9,11,13,14,15","4","2,3,4,10,12,16","4,10,12","4,10,12"
71,16,0.986618524862347,0.0616636578038967,-1586.30391564946,-1518.8701860747,FALSE,FALSE,FALSE,"4,10,12,1,2,3,5,6,7,8,9,11,13,14,15,16","4","2,3,4,10,12,16","4,10,12","4,10,12"
71,17,0.986619847813176,0.0580364616360692,-1584.35335026767,-1512.7050125945,FALSE,FALSE,FALSE,"4,10,12,1,2,3,5,6,7,8,9,11,13,14,15,16,17","4","2,3,4,10,12,16","4,10,12","4,10,12"
71,18,0.986620497278045,0.0548122498487803,-1582.3776205683,-1506.5146747967,FALSE,FALSE,FALSE,"4,10,12,1,2,3,5,6,7,8,9,11,13,14,15,16,17,18","4","2,3,4,10,12,16","4,10,12","4,10,12"
71,19,0.98662117071627,0.0519274300376984,-1580.40278798997,-1500.32523411995,FALSE,FALSE,FALSE,"4,10,12,1,2,3,5,6,7,8,9,11,13,14,15,16,17,18,19","4","2,3,4,10,12,16","4,10,12","4,10,12"
71,20,0.986621171479928,0.0493310585739964,-1578.40281652979,-1494.11065456135,FALSE,FALSE,FALSE,"4,10,12,1,2,3,5,6,7,8,9,11,13,14,15,16,17,18,19,20","4","2,3,4,10,12,16","4,10,12","4,10,12"
72,1,0.7081288425833,0.7081288425833,397.558939627708,401.77354772613,TRUE,FALSE,FALSE,"14","14","1","6","11,14,15"
72,2,0.90955835513615,0.454779177568075,-186.244874660004,-177.81565846316,FALSE,FALSE,FALSE,"14,15","14","1,6","6,11","11,14,15"
72,3,0.995385129718387,0.331795043239462,-1671.95541217328,-1659.31158787801,FALSE,FALSE,FALSE,"14,15,11","14","1,6,11","6,11,14","11,14,15"
72,4,0.995480652820262,0.248870163205066,-1680.41351488091,-1663.55508248722,FALSE,FALSE,TRUE,"14,15,11,1","14","1,6,11,13","6,11,14,15","11,14,15"
72,5,0.995518829672287,0.199103765934457,-1682.65516886886,-1661.58212837675,FALSE,FALSE,FALSE,"14,15,11,1,2","14","1,6,11,13,14","6,11,14,15","11,14,15"
72,6,0.995537406250683,0.16592290104178,-1682.73221438901,-1657.44456579848,FALSE,TRUE,FALSE,"14,15,11,1,2,3","14","1,6,11,13,14,15","6,11,14,15","11,14,15"
72,7,0.995554573318061,0.14222208190258,-1682.65936405852,-1653.15710736956,FALSE,FALSE,FALSE,"14,15,11,1,2,3,4","14","1,6,11,13,14,15","6,11,14,15","11,14,15"
72,8,0.995561368290328,0.124445171036291,-1681.42421423088,-1647.7073494435,FALSE,FALSE,FALSE,"14,15,11,1,2,3,4,5","14","1,6,11,13,14,15","6,11,14,15","11,14,15"
72,9,0.995566525319001,0.110618502813222,-1680.00547746496,-1642.07400457916,FALSE,FALSE,FALSE,"14,15,11,1,2,3,4,5,6","14","1,6,11,13,14,15","6,11,14,15","11,14,15"
72,10,0.995570218284285,0.0995570218284285,-1678.42213758769,-1636.27605660346,FALSE,FALSE,FALSE,"14,15,11,1,2,3,4,5,6,7","14","1,6,11,13,14,15","6,11,14,15","11,14,15"
72,11,0.995574215502732,0.0905067468638847,-1676.87351682449,-1630.51282774184,FALSE,FALSE,FALSE,"14,15,11,1,2,3,4,5,6,7,8","14","1,6,11,13,14,15","6,11,14,15","11,14,15"
72,12,0.995578107414322,0.0829648422845268,-1675.31339633234,-1624.73809915128,FALSE,FALSE,FALSE,"14,15,11,1,2,3,4,5,6,7,8,9","14","1,6,11,13,14,15","6,11,14,15","11,14,15"
72,13,0.995581927012546,0.0765832251548113,-1673.74547928906,-1618.95557400957,FALSE,FALSE,FALSE,"14,15,11,1,2,3,4,5,6,7,8,9,10","14","1,6,11,13,14,15","6,11,14,15","11,14,15"
72,14,0.995585448899426,0.071113246349959,-1672.1442155005,-1613.13970212259,FALSE,FALSE,FALSE,"14,15,11,1,2,3,4,5,6,7,8,9,10,12","14","1,6,11,13,14,15","6,11,14,15","11,14,15"
72,15,0.995588697899654,0.0663725798599769,-1670.51233859305,-1607.29321711672,FALSE,FALSE,FALSE,"14,15,11,1,2,3,4,5,6,7,8,9,10,12,13","14","1,6,11,13,14,15","6,11,14,15","11,14,15"
72,16,0.995591224424262,0.0622244515265164,-1668.79879011541,-1601.36506054066,FALSE,FALSE,FALSE,"14,15,11,1,2,3,4,5,6,7,8,9,10,12,13,16","14","1,6,11,13,14,15","6,11,14,15","11,14,15"
72,17,0.99559367612661,0.0585643338898006,-1667.07691544179,-1595.42857776861,FALSE,FALSE,FALSE,"14,15,11,1,2,3,4,5,6,7,8,9,10,12,13,16,17","14","1,6,11,13,14,15","6,11,14,15","11,14,15"
72,18,0.99559379800549,0.0553107665558605,-1665.09074562863,-1589.22779985703,FALSE,FALSE,FALSE,"14,15,11,1,2,3,4,5,6,7,8,9,10,12,13,16,17,18","14","1,6,11,13,14,15","6,11,14,15","11,14,15"
72,19,0.99559387879952,0.0523996778315537,-1663.09991392946,-1583.02236005944,FALSE,FALSE,FALSE,"14,15,11,1,2,3,4,5,6,7,8,9,10,12,13,16,17,18,19","14","1,6,11,13,14,15","6,11,14,15","11,14,15"
72,20,0.995593887272028,0.0497796943636014,-1661.10087537787,-1576.80871340942,FALSE,FALSE,FALSE,"14,15,11,1,2,3,4,5,6,7,8,9,10,12,13,16,17,18,19,20","14","1,6,11,13,14,15","6,11,14,15","11,14,15"
73,1,0.280386122176659,0.280386122176659,62.0410338943593,66.2556419927814,FALSE,FALSE,FALSE,"8","1","1","1","1,8,20"
73,2,0.828835118640568,0.414417559320284,-654.002704575825,-645.57348837898,FALSE,FALSE,FALSE,"8,1","1,8","1,8","1,8","1,8,20"
73,3,0.976321180154323,0.325440393384774,-1641.02587419735,-1628.38204990208,TRUE,FALSE,TRUE,"8,1,20","1,8,20","1,8,12","1,8,20","1,8,20"
73,4,0.976547001310532,0.244136750327633,-1643.81717848505,-1626.95874609137,FALSE,FALSE,FALSE,"8,1,20,2","1,8,20","1,8,12,16","1,8,20","1,8,20"
73,5,0.976723977060471,0.195344795412094,-1645.60447361612,-1624.53143312401,FALSE,TRUE,FALSE,"8,1,20,2,3","1,8,20","1,8,12,16,20","1,8,20","1,8,20"
73,6,0.976804091897281,0.16280068198288,-1645.32841566846,-1620.04076707792,FALSE,FALSE,FALSE,"8,1,20,2,3,4","1,8,20","1,8,12,16,20","1,8,20","1,8,20"
73,7,0.976880994508277,0.139554427786897,-1644.98884587769,-1615.48658918874,FALSE,FALSE,FALSE,"8,1,20,2,3,4,5","1,8,20","1,8,12,16,20","1,8,20","1,8,20"
73,8,0.976944499974099,0.122118062496762,-1644.36418287699,-1610.64731808961,FALSE,FALSE,FALSE,"8,1,20,2,3,4,5,6","1,8,20","1,8,12,16,20","1,8,20","1,8,20"
73,9,0.977018830521781,0.108557647835753,-1643.97877865627,-1606.04730577047,FALSE,FALSE,FALSE,"8,1,20,2,3,4,5,6,7","1,8,20","1,8,12,16,20","1,8,20","1,8,20"
73,10,0.977076983330951,0.0977076983330951,-1643.24560953074,-1601.09952854652,FALSE,FALSE,FALSE,"8,1,20,2,3,4,5,6,7,9","1,8,20","1,8,12,16,20","1,8,20","1,8,20"
73,11,0.977118954087923,0.0888289958261749,-1642.16192058164,-1595.801231499,FALSE,FALSE,FALSE,"8,1,20,2,3,4,5,6,7,9,10","1,8,20","1,8,12,16,20","1,8,20","1,8,20"
73,12,0.977147809196817,0.0814289840997347,-1640.79286461261,-1590.21756743154,FALSE,FALSE,FALSE,"8,1,20,2,3,4,5,6,7,9,10,11","1,8,20","1,8,12,16,20","1,8,20","1,8,20"
73,13,0.977180458948306,0.0751677276114081,-1639.50774350432,-1584.71783822483,FALSE,FALSE,FALSE,"8,1,20,2,3,4,5,6,7,9,10,11,12","1,8,20","1,8,12,16,20","1,8,20","1,8,20"
73,14,0.977203363585625,0.069800240256116,-1638.00986008918,-1579.00534671127,FALSE,FALSE,FALSE,"8,1,20,2,3,4,5,6,7,9,10,11,12,13","1,8,20","1,8,12,16,20","1,8,20","1,8,20"
73,15,0.977222263723779,0.0651481509149186,-1636.42456989475,-1573.20544841842,FALSE,FALSE,FALSE,"8,1,20,2,3,4,5,6,7,9,10,11,12,13,14","1,8,20","1,8,12,16,20","1,8,20","1,8,20"
73,16,0.977232000706475,0.0610770000441547,-1634.63835462614,-1567.20462505138,FALSE,FALSE,FALSE,"8,1,20,2,3,4,5,6,7,9,10,11,12,13,14,15","1,8,20","1,8,12,16,20","1,8,20","1,8,20"
73,17,0.977233430542285,0.0574843194436638,-1632.66975573194,-1561.02141805876,FALSE,FALSE,FALSE,"8,1,20,2,3,4,5,6,7,9,10,11,12,13,14,15,16","1,8,20","1,8,12,16,20","1,8,20","1,8,20"
73,18,0.977233816156153,0.0542907675642307,-1630.6782246656,-1554.815278894,FALSE,FALSE,FALSE,"8,1,20,2,3,4,5,6,7,9,10,11,12,13,14,15,16,17","1,8,20","1,8,12,16,20","1,8,20","1,8,20"
73,19,0.977234059952852,0.0514333715764659,-1628.68357905453,-1548.60602518451,FALSE,FALSE,FALSE,"8,1,20,2,3,4,5,6,7,9,10,11,12,13,14,15,16,17,18","1,8,20","1,8,12,16,20","1,8,20","1,8,20"
73,20,0.977234222909272,0.0488617111454636,-1626.68715801947,-1542.39499605103,FALSE,FALSE,FALSE,"8,1,20,2,3,4,5,6,7,9,10,11,12,13,14,15,16,17,18,19","1,8,20","1,8,12,16,20","1,8,20","1,8,20"
74,1,0.776026570570564,0.776026570570564,-100.570133670775,-96.3555255723529,TRUE,FALSE,FALSE,"14","14","1","4","4,14,20"
74,2,0.917410086750032,0.458705043375016,-597.390068044934,-588.96085184809,FALSE,FALSE,FALSE,"14,20","14","1,4","4,14","4,14,20"
74,3,0.989074647762384,0.329691549254128,-1606.79085582547,-1594.1470315302,FALSE,FALSE,FALSE,"14,20,4","14","1,4,5","4,14,16","4,14,20"
74,4,0.989267034277254,0.247316758569314,-1613.67388984007,-1596.81545744638,FALSE,FALSE,TRUE,"14,20,4,1","14","1,4,5,8","4,14,16,20","4,14,20"
74,5,0.989349495214169,0.197869899042834,-1615.53020238973,-1594.45716189762,FALSE,FALSE,FALSE,"14,20,4,1,2","14","1,4,5,8,10","4,14,16,20","4,14,20"
74,6,0.989437034171496,0.164906172361916,-1617.65679986227,-1592.36915127173,FALSE,FALSE,FALSE,"14,20,4,1,2,3","14","1,4,5,8,10,14","4,14,16,20","4,14,20"
74,7,0.989503420534853,0.141357631504979,-1618.80912733796,-1589.306870649,FALSE,FALSE,FALSE,"14,20,4,1,2,3,5","14","1,4,5,8,10,14,16","4,14,16,20","4,14,20"
74,8,0.989553810230755,0.123694226278844,-1619.21519850154,-1585.49833371416,FALSE,TRUE,FALSE,"14,20,4,1,2,3,5,6","14","1,4,5,8,10,14,16,20","4,14,16,20","4,14,20"
74,9,0.989592536954582,0.109954726328287,-1619.07227211304,-1581.14079922724,FALSE,FALSE,FALSE,"14,20,4,1,2,3,5,6,7","14","1,4,5,8,10,14,16,20","4,14,16,20","4,14,20"
74,10,0.989617875973803,0.0989617875973803,-1618.29110496822,-1576.145023984,FALSE,FALSE,FALSE,"14,20,4,1,2,3,5,6,7,8","14","1,4,5,8,10,14,16,20","4,14,16,20","4,14,20"
74,11,0.989641320115625,0.0899673927377841,-1617.42144455909,-1571.06075547645,FALSE,FALSE,FALSE,"14,20,4,1,2,3,5,6,7,8,9","14","1,4,5,8,10,14,16,20","4,14,16,20","4,14,20"
74,12,0.989661323931093,0.0824717769942578,-1616.38793620867,-1565.8126390276,FALSE,FALSE,FALSE,"14,20,4,1,2,3,5,6,7,8,9,10","14","1,4,5,8,10,14,16,20","4,14,16,20","4,14,20"
74,13,0.989676274952429,0.0761289442271099,-1615.11152219756,-1560.32161691808,FALSE,FALSE,FALSE,"14,20,4,1,2,3,5,6,7,8,9,10,11","14","1,4,5,8,10,14,16,20","4,14,16,20","4,14,20"
74,14,0.989688361275504,0.0706920258053932,-1613.69723149696,-1554.69271811905,FALSE,FALSE,FALSE,"14,20,4,1,2,3,5,6,7,8,9,10,11,12","14","1,4,5,8,10,14,16,20","4,14,16,20","4,14,20"
74,15,0.989696857267888,0.0659797904845259,-1612.10936261185,-1548.89024113552,FALSE,FALSE,FALSE,"14,20,4,1,2,3,5,6,7,8,9,10,11,12,13","14","1,4,5,8,10,14,16,20","4,14,16,20","4,14,20"
74,16,0.989700593456806,0.0618562870910504,-1610.29070856612,-1542.85697899136,FALSE,FALSE,FALSE,"14,20,4,1,2,3,5,6,7,8,9,10,11,12,13,15","14","1,4,5,8,10,14,16,20","4,14,16,20","4,14,20"
74,17,0.989701979095006,0.0582177634761768,-1608.35798095756,-1536.70964328439,FALSE,FALSE,FALSE,"14,20,4,1,2,3,5,6,7,8,9,10,11,12,13,15,16","14","1,4,5,8,10,14,16,20","4,14,16,20","4,14,20"
74,18,0.989703457214248,0.0549835254007916,-1606.42975325955,-1530.56680748795,FALSE,FALSE,FALSE,"14,20,4,1,2,3,5,6,7,8,9,10,11,12,13,15,16,17","14","1,4,5,8,10,14,16,20","4,14,16,20","4,14,20"
74,19,0.989703842984023,0.0520896759465275,-1604.44848658634,-1524.37093271632,FALSE,FALSE,FALSE,"14,20,4,1,2,3,5,6,7,8,9,10,11,12,13,15,16,17,18","14","1,4,5,8,10,14,16,20","4,14,16,20","4,14,20"
74,20,0.989703940565369,0.0494851970282684,-1602.45322533538,-1518.16106336693,FALSE,FALSE,FALSE,"14,20,4,1,2,3,5,6,7,8,9,10,11,12,13,15,16,17,18,19","14","1,4,5,8,10,14,16,20","4,14,16,20","4,14,20"
75,1,0.737875506696829,0.737875506696829,272.024472520664,276.239080619086,TRUE,FALSE,FALSE,"19","16","10","13","15,16,19"
75,2,0.960470232550645,0.480235116275322,-671.858308371281,-663.429092174437,FALSE,FALSE,FALSE,"19,16","16","10,13","13,15","15,16,19"
75,3,0.994256895957868,0.331418965319289,-1634.38538654364,-1621.74156224837,FALSE,FALSE,FALSE,"19,16,15","16","10,13,15","13,15,16","15,16,19"
75,4,0.994458582073361,0.24861464551834,-1650.26009984792,-1633.40166745423,FALSE,FALSE,TRUE,"19,16,15,1","16","10,13,15,16","13,15,16,19","15,16,19"
75,5,0.99450176424776,0.198900352849552,-1652.17167134193,-1631.09863084982,FALSE,TRUE,FALSE,"19,16,15,1,2","16","10,13,15,16,19","13,15,16,19","15,16,19"
75,6,0.994519072576359,0.165753178762726,-1651.74814330613,-1626.4604947156,FALSE,FALSE,FALSE,"19,16,15,1,2,3","16","10,13,15,16,19","13,15,16,19","15,16,19"
75,7,0.994538998719875,0.142076999817125,-1651.56922678079,-1622.06697009184,FALSE,FALSE,FALSE,"19,16,15,1,2,3,4","16","10,13,15,16,19","13,15,16,19","15,16,19"
75,8,0.994552197554367,0.124319024694296,-1650.77915238442,-1617.06228759704,FALSE,FALSE,FALSE,"19,16,15,1,2,3,4,5","16","10,13,15,16,19","13,15,16,19","15,16,19"
75,9,0.994562029462425,0.110506892162492,-1649.6823414135,-1611.75086852771,FALSE,FALSE,FALSE,"19,16,15,1,2,3,4,5,6","16","10,13,15,16,19","13,15,16,19","15,16,19"
75,10,0.994570173564207,0.0994570173564207,-1648.43172082561,-1606.28563984139,FALSE,FALSE,FALSE,"19,16,15,1,2,3,4,5,6,7","16","10,13,15,16,19","13,15,16,19","15,16,19"
75,11,0.9945774483394,0.0904161316672182,-1647.10206019438,-1600.74137111174,FALSE,FALSE,FALSE,"19,16,15,1,2,3,4,5,6,7,8","16","10,13,15,16,19","13,15,16,19","15,16,19"
75,12,0.994582930098252,0.082881910841521,-1645.60777520365,-1595.03247802258,FALSE,FALSE,FALSE,"19,16,15,1,2,3,4,5,6,7,8,9","16","10,13,15,16,19","13,15,16,19","15,16,19"
75,13,0.994588709175046,0.0765068237826959,-1644.1414734696,-1589.35156819011,FALSE,FALSE,FALSE,"19,16,15,1,2,3,4,5,6,7,8,9,10","16","10,13,15,16,19","13,15,16,19","15,16,19"
75,14,0.994591592551196,0.0710422566107997,-1642.40796668824,-1583.40345331033,FALSE,FALSE,FALSE,"19,16,15,1,2,3,4,5,6,7,8,9,10,11","16","10,13,15,16,19","13,15,16,19","15,16,19"
75,15,0.994594180999143,0.0663062787332762,-1640.64732250428,-1577.42820102795,FALSE,FALSE,FALSE,"19,16,15,1,2,3,4,5,6,7,8,9,10,11,12","16","10,13,15,16,19","13,15,16,19","15,16,19"
75,16,0.99459625466952,0.062162265916845,-1638.83915913512,-1571.40542956037,FALSE,FALSE,FALSE,"19,16,15,1,2,3,4,5,6,7,8,9,10,11,12,13","16","10,13,15,16,19","13,15,16,19","15,16,19"
75,17,0.994598565346323,0.0585057979615484,-1637.05300812628,-1565.4046704531,FALSE,FALSE,FALSE,"19,16,15,1,2,3,4,5,6,7,8,9,10,11,12,13,14","16","10,13,15,16,19","13,15,16,19","15,16,19"
75,18,0.994599580063365,0.0552555322257425,-1635.1469472768,-1559.2840015052,FALSE,FALSE,FALSE,"19,16,15,1,2,3,4,5,6,7,8,9,10,11,12,13,14,17","16","10,13,15,16,19","13,15,16,19","15,16,19"
75,19,0.994600600064548,0.0523474000033973,-1633.24139340634,-1553.16383953632,FALSE,FALSE,FALSE,"19,16,15,1,2,3,4,5,6,7,8,9,10,11,12,13,14,17,18","16","10,13,15,16,19","13,15,16,19","15,16,19"
75,20,0.994600742724756,0.0497300371362378,-1631.25460432738,-1546.96244235894,FALSE,FALSE,FALSE,"19,16,15,1,2,3,4,5,6,7,8,9,10,11,12,13,14,17,18,20","16","10,13,15,16,19","13,15,16,19","15,16,19"
76,1,0.68575237645546,0.68575237645546,77.1178575413082,81.3324656397304,TRUE,FALSE,FALSE,"14","14","1","2","2,8,14"
76,2,0.861749265338795,0.430874632669398,-331.438307828589,-323.009091631745,FALSE,FALSE,FALSE,"14,8","14","1,2","2,8","2,8,14"
76,3,0.98908988099796,0.32969662699932,-1599.12743132689,-1586.48360703163,FALSE,FALSE,TRUE,"14,8,2","14","1,2,8","2,8,14","2,8,14"
76,4,0.989136958558378,0.247284239639595,-1599.28961783643,-1582.43118544274,FALSE,TRUE,FALSE,"14,8,2,1","14","1,2,8,14","2,8,14","2,8,14"
76,5,0.98917106812492,0.197834213624984,-1598.86207019733,-1577.78902970522,FALSE,FALSE,FALSE,"14,8,2,1,3","14","1,2,8,14","2,8,14","2,8,14"
76,6,0.989205674104475,0.164867612350746,-1598.46247701242,-1573.17482842189,FALSE,FALSE,FALSE,"14,8,2,1,3,4","14","1,2,8,14","2,8,14","2,8,14"
76,7,0.989231019921181,0.141318717131597,-1597.63789178457,-1568.13563509561,FALSE,FALSE,FALSE,"14,8,2,1,3,4,5","14","1,2,8,14","2,8,14","2,8,14"
76,8,0.989245276091952,0.123655659511494,-1596.30023934634,-1562.58337455896,FALSE,FALSE,FALSE,"14,8,2,1,3,4,5,6","14","1,2,8,14","2,8,14","2,8,14"
76,9,0.989256384907503,0.109917376100834,-1594.81696840805,-1556.88549552225,FALSE,FALSE,FALSE,"14,8,2,1,3,4,5,6,7","14","1,2,8,14","2,8,14","2,8,14"
76,10,0.989267369931914,0.0989267369931914,-1593.32846496096,-1551.18238397673,FALSE,FALSE,FALSE,"14,8,2,1,3,4,5,6,7,9","14","1,2,8,14","2,8,14","2,8,14"
76,11,0.989277735699707,0.0899343396090643,-1591.81160733495,-1545.45091825231,FALSE,FALSE,FALSE,"14,8,2,1,3,4,5,6,7,9,10","14","1,2,8,14","2,8,14","2,8,14"
76,12,0.989283356315232,0.082440279692936,-1590.07377626903,-1539.49847908796,FALSE,FALSE,FALSE,"14,8,2,1,3,4,5,6,7,9,10,11","14","1,2,8,14","2,8,14","2,8,14"
76,13,0.989289157515649,0.0760991659627422,-1588.34451267332,-1533.55460739383,FALSE,FALSE,FALSE,"14,8,2,1,3,4,5,6,7,9,10,11,12","14","1,2,8,14","2,8,14","2,8,14"
76,14,0.989292607588666,0.0706637576849047,-1586.50559378311,-1527.5010804052,FALSE,FALSE,FALSE,"14,8,2,1,3,4,5,6,7,9,10,11,12,13","14","1,2,8,14","2,8,14","2,8,14"
76,15,0.989294377963592,0.0659529585309062,-1584.58827130312,-1521.36914982679,FALSE,FALSE,FALSE,"14,8,2,1,3,4,5,6,7,9,10,11,12,13,15","14","1,2,8,14","2,8,14","2,8,14"
76,16,0.989295641665099,0.0618309776040687,-1582.64729524834,-1515.21356567359,FALSE,FALSE,FALSE,"14,8,2,1,3,4,5,6,7,9,10,11,12,13,15,16","14","1,2,8,14","2,8,14","2,8,14"
76,17,0.98929710896447,0.0581939475861453,-1580.71583742056,-1509.06749974738,FALSE,FALSE,FALSE,"14,8,2,1,3,4,5,6,7,9,10,11,12,13,15,16,17","14","1,2,8,14","2,8,14","2,8,14"
76,18,0.989298585310138,0.0549610325172299,-1578.78481165823,-1502.92186588663,FALSE,FALSE,FALSE,"14,8,2,1,3,4,5,6,7,9,10,11,12,13,15,16,17,18","14","1,2,8,14","2,8,14","2,8,14"
76,19,0.989299118913981,0.0520683746796832,-1576.80974374254,-1496.73218987252,FALSE,FALSE,FALSE,"14,8,2,1,3,4,5,6,7,9,10,11,12,13,15,16,17,18,19","14","1,2,8,14","2,8,14","2,8,14"
76,20,0.989299459176978,0.0494649729588489,-1574.82564282621,-1490.53348085776,FALSE,FALSE,FALSE,"14,8,2,1,3,4,5,6,7,9,10,11,12,13,15,16,17,18,19,20","14","1,2,8,14","2,8,14","2,8,14"
77,1,0.774222296172048,0.774222296172048,-142.891415672467,-138.676807574045,TRUE,FALSE,FALSE,"3","3","3","3","3,9,17"
77,2,0.902493243735669,0.451246621867834,-560.70603227578,-552.276816078935,FALSE,FALSE,FALSE,"3,9","3","3,8","3,9","3,9,17"
77,3,0.98890991991031,0.329636639970103,-1645.64135602183,-1632.99753172656,FALSE,FALSE,TRUE,"3,9,17","3","3,8,9","3,9,17","3,9,17"
77,4,0.988975430076527,0.247243857519132,-1646.60366190507,-1629.74522951138,FALSE,FALSE,FALSE,"3,9,17,1","3","3,8,9,13","3,9,17","3,9,17"
77,5,0.989038647235771,0.197807729447154,-1647.47901693844,-1626.40597644633,FALSE,FALSE,FALSE,"3,9,17,1,2","3","3,8,9,13,17","3,9,17","3,9,17"
77,6,0.989083327466219,0.16484722124437,-1647.52126215736,-1622.23361356683,FALSE,TRUE,FALSE,"3,9,17,1,2,4","3","3,8,9,13,17,19","3,9,17","3,9,17"
77,7,0.989108347004679,0.14130119242924,-1646.66850977174,-1617.16625308278,FALSE,FALSE,FALSE,"3,9,17,1,2,4,5","3","3,8,9,13,17,19","3,9,17","3,9,17"
77,8,0.989124514292096,0.123640564286512,-1645.4112482001,-1611.69438341273,FALSE,FALSE,FALSE,"3,9,17,1,2,4,5,6","3","3,8,9,13,17,19","3,9,17","3,9,17"
77,9,0.989133810188517,0.109903756687613,-1643.83880940525,-1605.90733651945,FALSE,FALSE,FALSE,"3,9,17,1,2,4,5,6,7","3","3,8,9,13,17,19","3,9,17","3,9,17"
77,10,0.989142280639616,0.0989142280639616,-1642.22872318466,-1600.08264220044,FALSE,FALSE,FALSE,"3,9,17,1,2,4,5,6,7,8","3","3,8,9,13,17,19","3,9,17","3,9,17"
77,11,0.989150316616335,0.0899227560560305,-1640.59891842087,-1594.23822933822,FALSE,FALSE,FALSE,"3,9,17,1,2,4,5,6,7,8,10","3","3,8,9,13,17,19","3,9,17","3,9,17"
77,12,0.989158076701302,0.0824298397251085,-1638.95666441044,-1588.38136722937,FALSE,FALSE,FALSE,"3,9,17,1,2,4,5,6,7,8,10,11","3","3,8,9,13,17,19","3,9,17","3,9,17"
77,13,0.98916474671024,0.0760895959007877,-1637.26436173074,-1582.47445645125,FALSE,FALSE,FALSE,"3,9,17,1,2,4,5,6,7,8,10,11,12","3","3,8,9,13,17,19","3,9,17","3,9,17"
77,14,0.989168877133321,0.0706549197952372,-1635.45499920061,-1576.4504858227,FALSE,FALSE,FALSE,"3,9,17,1,2,4,5,6,7,8,10,11,12,13","3","3,8,9,13,17,19","3,9,17","3,9,17"
77,15,0.989170762816526,0.0659447175211017,-1633.5420560734,-1570.32293459707,FALSE,FALSE,FALSE,"3,9,17,1,2,4,5,6,7,8,10,11,12,13,14","3","3,8,9,13,17,19","3,9,17","3,9,17"
77,16,0.989171518103123,0.0618232198814452,-1631.57692985648,-1564.14320028172,FALSE,FALSE,FALSE,"3,9,17,1,2,4,5,6,7,8,10,11,12,13,14,15","3","3,8,9,13,17,19","3,9,17","3,9,17"
77,17,0.989171793195669,0.0581865760703334,-1629.58963228524,-1557.94129461206,FALSE,FALSE,FALSE,"3,9,17,1,2,4,5,6,7,8,10,11,12,13,14,15,16","3","3,8,9,13,17,19","3,9,17","3,9,17"
77,18,0.989171840601442,0.0549539911445246,-1627.59182128468,-1551.72887551308,FALSE,FALSE,FALSE,"3,9,17,1,2,4,5,6,7,8,10,11,12,13,14,15,16,18","3","3,8,9,13,17,19","3,9,17","3,9,17"
77,19,0.98917187388588,0.0520616775729411,-1625.59335822592,-1545.5158043559,FALSE,FALSE,FALSE,"3,9,17,1,2,4,5,6,7,8,10,11,12,13,14,15,16,18,19","3","3,8,9,13,17,19","3,9,17","3,9,17"
77,20,0.989171888654913,0.0494585944327456,-1623.59404020185,-1539.3018782334,FALSE,FALSE,FALSE,"3,9,17,1,2,4,5,6,7,8,10,11,12,13,14,15,16,18,19,20","3","3,8,9,13,17,19","3,9,17","3,9,17"
78,1,0.72843559508321,0.72843559508321,351.675718039894,355.890326138316,TRUE,FALSE,FALSE,"4","4","1","4","4,12,13"
78,2,0.91516270977833,0.457581354889165,-228.056352344698,-219.627136147854,FALSE,FALSE,FALSE,"4,13","4","1,4","4,12","4,12,13"
78,3,0.994965741585852,0.331655247195284,-1638.29083242648,-1625.64700813121,FALSE,FALSE,TRUE,"4,13,12","4","1,4,12","4,12,13","4,12,13"
78,4,0.995012287763736,0.248753071940934,-1640.93527953053,-1624.07684713685,FALSE,TRUE,FALSE,"4,13,12,1","4","1,4,12,13","4,12,13","4,12,13"
78,5,0.995032043102391,0.199006408620478,-1640.91961270981,-1619.8465722177,FALSE,FALSE,FALSE,"4,13,12,1,2","4","1,4,12,13","4,12,13","4,12,13"
78,6,0.995048923786079,0.16584148729768,-1640.62146205293,-1615.3338134624,FALSE,FALSE,FALSE,"4,13,12,1,2,3","4","1,4,12,13","4,12,13","4,12,13"
78,7,0.995064543693159,0.142152077670451,-1640.20138100266,-1610.6991243137,FALSE,FALSE,FALSE,"4,13,12,1,2,3,5","4","1,4,12,13","4,12,13","4,12,13"
78,8,0.995073346498485,0.124384168312311,-1639.0939696916,-1605.37710490422,FALSE,FALSE,FALSE,"4,13,12,1,2,3,5,6","4","1,4,12,13","4,12,13","4,12,13"
78,9,0.995081881098357,0.110564653455373,-1637.96088683911,-1600.02941395331,FALSE,FALSE,FALSE,"4,13,12,1,2,3,5,6,7","4","1,4,12,13","4,12,13","4,12,13"
78,10,0.995085948594344,0.0995085948594344,-1636.37457945143,-1594.22849846721,FALSE,FALSE,FALSE,"4,13,12,1,2,3,5,6,7,8","4","1,4,12,13","4,12,13","4,12,13"
78,11,0.995089555431687,0.0904626868574261,-1634.74170642818,-1588.38101734554,FALSE,FALSE,FALSE,"4,13,12,1,2,3,5,6,7,8,9","4","1,4,12,13","4,12,13","4,12,13"
78,12,0.995093749797644,0.0829244791498037,-1633.16897510776,-1582.59367792669,FALSE,FALSE,FALSE,"4,13,12,1,2,3,5,6,7,8,9,10","4","1,4,12,13","4,12,13","4,12,13"
78,13,0.995095096182264,0.076545776629405,-1631.30620510396,-1576.51629982447,FALSE,FALSE,FALSE,"4,13,12,1,2,3,5,6,7,8,9,10,11","4","1,4,12,13","4,12,13","4,12,13"
78,14,0.995096450589119,0.0710783178992228,-1629.44429077678,-1570.43977739887,FALSE,FALSE,FALSE,"4,13,12,1,2,3,5,6,7,8,9,10,11,14","4","1,4,12,13","4,12,13","4,12,13"
78,15,0.995097860880708,0.0663398573920472,-1627.58811459844,-1564.36899312211,FALSE,FALSE,FALSE,"4,13,12,1,2,3,5,6,7,8,9,10,11,14,15","4","1,4,12,13","4,12,13","4,12,13"
78,16,0.995098623969705,0.0621936639981066,-1625.66595290309,-1558.23222332833,FALSE,FALSE,FALSE,"4,13,12,1,2,3,5,6,7,8,9,10,11,14,15,16","4","1,4,12,13","4,12,13","4,12,13"
78,17,0.995099510099723,0.0585352652999837,-1623.75635712061,-1552.10801944743,FALSE,FALSE,FALSE,"4,13,12,1,2,3,5,6,7,8,9,10,11,14,15,16,17","4","1,4,12,13","4,12,13","4,12,13"
78,18,0.995100101019585,0.0552833389455325,-1621.81665267317,-1545.95370690157,FALSE,FALSE,FALSE,"4,13,12,1,2,3,5,6,7,8,9,10,11,14,15,16,17,18","4","1,4,12,13","4,12,13","4,12,13"
78,19,0.995100422681552,0.0523737064569238,-1619.84947707697,-1539.77192320695,FALSE,FALSE,FALSE,"4,13,12,1,2,3,5,6,7,8,9,10,11,14,15,16,17,18,19","4","1,4,12,13","4,12,13","4,12,13"
78,20,0.995100727910172,0.0497550363955086,-1617.88062651173,-1533.58846454329,FALSE,FALSE,FALSE,"4,13,12,1,2,3,5,6,7,8,9,10,11,14,15,16,17,18,19,20","4","1,4,12,13","4,12,13","4,12,13"
79,1,0.374353938922554,0.374353938922554,211.424886123319,215.639494221741,FALSE,FALSE,FALSE,"7","2","1","2","2,7,9"
79,2,0.678655366542285,0.339327683271142,-119.71043481489,-111.281218618046,FALSE,FALSE,FALSE,"7,9","2,7","1,2","2,7","2,7,9"
79,3,0.983958563186121,0.327986187728707,-1616.37993298219,-1603.73610868692,TRUE,FALSE,TRUE,"7,9,2","2,7,9","1,2,6","2,7,9","2,7,9"
79,4,0.984111717244375,0.246027929311094,-1619.1765686837,-1602.31813629001,FALSE,FALSE,FALSE,"7,9,2,1","2,7,9","1,2,6,7","2,7,9","2,7,9"
79,5,0.984193242532974,0.196838648506595,-1619.74875246454,-1598.67571197243,FALSE,FALSE,FALSE,"7,9,2,1,3","2,7,9","1,2,6,7,9","2,7,9","2,7,9"
79,6,0.984294943097917,0.164049157182986,-1620.97614257469,-1595.68849398416,FALSE,FALSE,FALSE,"7,9,2,1,3,4","2,7,9","1,2,6,7,9,12","2,7,9","2,7,9"
79,7,0.984368315356259,0.140624045050894,-1621.31755999094,-1591.81530330198,FALSE,FALSE,FALSE,"7,9,2,1,3,4,5","2,7,9","1,2,6,7,9,12,15","2,7,9","2,7,9"
79,8,0.984423793417752,0.123052974177219,-1621.09525523896,-1587.37839045159,FALSE,FALSE,FALSE,"7,9,2,1,3,4,5,6","2,7,9","1,2,6,7,9,12,15,18","2,7,9","2,7,9"
79,9,0.984494278317347,0.109388253146372,-1621.36297234512,-1583.43149945932,FALSE,TRUE,FALSE,"7,9,2,1,3,4,5,6,8","2,7,9","1,2,6,7,9,12,15,18,20","2,7,9","2,7,9"
79,10,0.984529932179122,0.0984529932179122,-1620.51399635749,-1578.36791537327,FALSE,FALSE,FALSE,"7,9,2,1,3,4,5,6,8,10","2,7,9","1,2,6,7,9,12,15,18,20","2,7,9","2,7,9"
79,11,0.984568229052015,0.0895062026410923,-1619.7533042442,-1573.39261516156,FALSE,FALSE,FALSE,"7,9,2,1,3,4,5,6,8,10,11","2,7,9","1,2,6,7,9,12,15,18,20","2,7,9","2,7,9"
79,12,0.984585498609126,0.0820487915507605,-1618.31316310577,-1567.73786592471,FALSE,FALSE,FALSE,"7,9,2,1,3,4,5,6,8,10,11,12","2,7,9","1,2,6,7,9,12,15,18,20","2,7,9","2,7,9"
79,13,0.984603675916834,0.0757387443012949,-1616.90312814359,-1562.1132228641,FALSE,FALSE,FALSE,"7,9,2,1,3,4,5,6,8,10,11,12,13","2,7,9","1,2,6,7,9,12,15,18,20","2,7,9","2,7,9"
79,14,0.984621298105538,0.0703300927218242,-1615.47574149064,-1556.47122811273,FALSE,FALSE,FALSE,"7,9,2,1,3,4,5,6,8,10,11,12,13,14","2,7,9","1,2,6,7,9,12,15,18,20","2,7,9","2,7,9"
79,15,0.984638412601372,0.0656425608400914,-1614.03248633577,-1550.81336485944,FALSE,FALSE,FALSE,"7,9,2,1,3,4,5,6,8,10,11,12,13,14,15","2,7,9","1,2,6,7,9,12,15,18,20","2,7,9","2,7,9"
79,16,0.984649437900105,0.0615405898687566,-1612.39147453383,-1544.95774495907,FALSE,FALSE,FALSE,"7,9,2,1,3,4,5,6,8,10,11,12,13,14,15,16","2,7,9","1,2,6,7,9,12,15,18,20","2,7,9","2,7,9"
79,17,0.984654820896131,0.0579208718174195,-1610.56684075306,-1538.91850307988,FALSE,FALSE,FALSE,"7,9,2,1,3,4,5,6,8,10,11,12,13,14,15,16,17","2,7,9","1,2,6,7,9,12,15,18,20","2,7,9","2,7,9"
79,18,0.984657865212305,0.054703214734017,-1608.66604514074,-1532.80309936914,FALSE,FALSE,FALSE,"7,9,2,1,3,4,5,6,8,10,11,12,13,14,15,16,17,18","2,7,9","1,2,6,7,9,12,15,18,20","2,7,9","2,7,9"
79,19,0.984658566988916,0.0518241351046798,-1606.68891655566,-1526.61136268564,FALSE,FALSE,FALSE,"7,9,2,1,3,4,5,6,8,10,11,12,13,14,15,16,17,18,19","2,7,9","1,2,6,7,9,12,15,18,20","2,7,9","2,7,9"
79,20,0.984658951107359,0.049232947555368,-1604.70143570079,-1520.40927373234,FALSE,FALSE,FALSE,"7,9,2,1,3,4,5,6,8,10,11,12,13,14,15,16,17,18,19,20","2,7,9","1,2,6,7,9,12,15,18,20","2,7,9","2,7,9"
80,1,0.652674441885235,0.652674441885235,-568.369759078655,-564.155150980232,TRUE,FALSE,FALSE,"8","8","5","7","7,8,14"
80,2,0.757577187411879,0.378788593705939,-746.159352490864,-737.730136294019,FALSE,FALSE,FALSE,"8,7","8","5,7","7,8","7,8,14"
80,3,0.955751553779853,0.318583851259951,-1594.5909044587,-1581.94708016343,FALSE,FALSE,TRUE,"8,7,14","8","5,7,8","7,8,14","7,8,14"
80,4,0.956195880916568,0.239048970229142,-1597.63710506223,-1580.77867266854,FALSE,FALSE,FALSE,"8,7,14,1","8","5,7,8,14","7,8,14","7,8,14"
80,5,0.956426737080508,0.191285347416102,-1598.27916981413,-1577.20612932202,FALSE,TRUE,FALSE,"8,7,14,1,2","8","5,7,8,14,19","7,8,14","7,8,14"
80,6,0.956534029032993,0.159422338172165,-1597.51185537487,-1572.22420678433,FALSE,FALSE,FALSE,"8,7,14,1,2,3","8","5,7,8,14,19","7,8,14","7,8,14"
80,7,0.956628748813916,0.136661249830559,-1596.60262977023,-1567.10037308127,FALSE,FALSE,FALSE,"8,7,14,1,2,3,4","8","5,7,8,14,19","7,8,14","7,8,14"
80,8,0.956685802925545,0.119585725365693,-1595.26080390456,-1561.54393911718,FALSE,FALSE,FALSE,"8,7,14,1,2,3,4,5","8","5,7,8,14,19","7,8,14","7,8,14"
80,9,0.956749439431366,0.106305493270152,-1593.99593583372,-1556.06446294792,FALSE,FALSE,FALSE,"8,7,14,1,2,3,4,5,6","8","5,7,8,14,19","7,8,14","7,8,14"
80,10,0.956803107698592,0.0956803107698592,-1592.6167554454,-1550.47067446118,FALSE,FALSE,FALSE,"8,7,14,1,2,3,4,5,6,9","8","5,7,8,14,19","7,8,14","7,8,14"
80,11,0.95684673688309,0.0869860669893719,-1591.12201438789,-1544.76132530525,FALSE,FALSE,FALSE,"8,7,14,1,2,3,4,5,6,9,10","8","5,7,8,14,19","7,8,14","7,8,14"
80,12,0.956889910711956,0.079740825892663,-1589.62250308056,-1539.04720589949,FALSE,FALSE,FALSE,"8,7,14,1,2,3,4,5,6,9,10,11","8","5,7,8,14,19","7,8,14","7,8,14"
80,13,0.956924119685579,0.0736095476681214,-1588.01942354891,-1533.22951826942,FALSE,FALSE,FALSE,"8,7,14,1,2,3,4,5,6,9,10,11,12","8","5,7,8,14,19","7,8,14","7,8,14"
80,14,0.956956156120596,0.0683540111514711,-1586.39142237722,-1527.38690899931,FALSE,FALSE,FALSE,"8,7,14,1,2,3,4,5,6,9,10,11,12,13","8","5,7,8,14,19","7,8,14","7,8,14"
80,15,0.95696674155648,0.063797782770432,-1584.51439858869,-1521.29527711236,FALSE,FALSE,FALSE,"8,7,14,1,2,3,4,5,6,9,10,11,12,13,15","8","5,7,8,14,19","7,8,14","7,8,14"
80,16,0.956968772895389,0.0598105483059618,-1582.53800111063,-1515.10427153588,FALSE,FALSE,FALSE,"8,7,14,1,2,3,4,5,6,9,10,11,12,13,15,16","8","5,7,8,14,19","7,8,14","7,8,14"
80,17,0.956971068588126,0.0562924157993015,-1580.56467655229,-1508.91633887911,FALSE,FALSE,FALSE,"8,7,14,1,2,3,4,5,6,9,10,11,12,13,15,16,17","8","5,7,8,14,19","7,8,14","7,8,14"
80,18,0.95697192276773,0.0531651068204294,-1578.57460229358,-1502.71165652198,FALSE,FALSE,FALSE,"8,7,14,1,2,3,4,5,6,9,10,11,12,13,15,16,17,18","8","5,7,8,14,19","7,8,14","7,8,14"
80,19,0.956972750515353,0.0503669868692291,-1576.58422107786,-1496.50666720784,FALSE,FALSE,FALSE,"8,7,14,1,2,3,4,5,6,9,10,11,12,13,15,16,17,18,19","8","5,7,8,14,19","7,8,14","7,8,14"
80,20,0.95697318181175,0.0478486590905875,-1574.58923300127,-1490.29707103282,FALSE,FALSE,FALSE,"8,7,14,1,2,3,4,5,6,9,10,11,12,13,15,16,17,18,19,20","8","5,7,8,14,19","7,8,14","7,8,14"
81,1,0.569639075885872,0.569639075885872,165.801453392052,170.016061490474,TRUE,FALSE,FALSE,"14","14","5","5","5,12,14"
81,2,0.715797358066899,0.357898679033449,-39.6668982947735,-31.2376820979291,FALSE,FALSE,FALSE,"14,12","14","5,8","5,12","5,12,14"
81,3,0.987374167534864,0.329124722511621,-1594.638198712,-1581.99437441673,FALSE,FALSE,FALSE,"14,12,5","14","5,8,12","5,12,14","5,12,14"
81,4,0.987694593247934,0.246923648311984,-1605.49128455559,-1588.63285216191,FALSE,FALSE,TRUE,"14,12,5,1","14","5,8,12,14","5,12,14,18","5,12,14"
81,5,0.987778241009964,0.197555648201993,-1606.90171066075,-1585.82867016864,FALSE,FALSE,FALSE,"14,12,5,1,2","14","5,8,12,14,17","5,12,14,18","5,12,14"
81,6,0.987828994053405,0.164638165675567,-1606.98237338232,-1581.69472479179,FALSE,TRUE,FALSE,"14,12,5,1,2,3","14","5,8,12,14,17,18","5,12,14,18","5,12,14"
81,7,0.987859676561169,0.14112281093731,-1606.24444027996,-1576.742183591,FALSE,FALSE,FALSE,"14,12,5,1,2,3,4","14","5,8,12,14,17,18","5,12,14,18","5,12,14"
81,8,0.987898780011557,0.123487347501445,-1605.85751761643,-1572.14065282905,FALSE,FALSE,FALSE,"14,12,5,1,2,3,4,6","14","5,8,12,14,17,18","5,12,14,18","5,12,14"
81,9,0.987925079206188,0.109769453245132,-1604.94533412288,-1567.01386123708,FALSE,FALSE,FALSE,"14,12,5,1,2,3,4,6,7","14","5,8,12,14,17,18","5,12,14,18","5,12,14"
81,10,0.987956573629892,0.0987956573629892,-1604.25116330722,-1562.105082323,FALSE,FALSE,FALSE,"14,12,5,1,2,3,4,6,7,8","14","5,8,12,14,17,18","5,12,14,18","5,12,14"
81,11,0.987981987431304,0.0898165443119367,-1603.30736825519,-1556.94667917254,FALSE,FALSE,FALSE,"14,12,5,1,2,3,4,6,7,8,9","14","5,8,12,14,17,18","5,12,14,18","5,12,14"
81,12,0.988003188155217,0.0823335990129347,-1602.19018667832,-1551.61488949725,FALSE,FALSE,FALSE,"14,12,5,1,2,3,4,6,7,8,9,10","14","5,8,12,14,17,18","5,12,14,18","5,12,14"
81,13,0.988023838303856,0.0760018337156812,-1601.05157976797,-1546.26167448848,FALSE,FALSE,FALSE,"14,12,5,1,2,3,4,6,7,8,9,10,11","14","5,8,12,14,17,18","5,12,14,18","5,12,14"
81,14,0.988039144567037,0.0705742246119312,-1599.69101889209,-1540.68650551418,FALSE,FALSE,FALSE,"14,12,5,1,2,3,4,6,7,8,9,10,11,13","14","5,8,12,14,17,18","5,12,14,18","5,12,14"
81,15,0.98804904461934,0.065869936307956,-1598.10504244499,-1534.88592096865,FALSE,FALSE,FALSE,"14,12,5,1,2,3,4,6,7,8,9,10,11,13,15","14","5,8,12,14,17,18","5,12,14,18","5,12,14"
81,16,0.988063151537665,0.0617539469711041,-1596.69559149914,-1529.26186192438,FALSE,FALSE,FALSE,"14,12,5,1,2,3,4,6,7,8,9,10,11,13,15,16","14","5,8,12,14,17,18","5,12,14,18","5,12,14"
81,17,0.988072569505155,0.0581219158532444,-1595.09023857795,-1523.44190090477,FALSE,FALSE,FALSE,"14,12,5,1,2,3,4,6,7,8,9,10,11,13,15,16,17","14","5,8,12,14,17,18","5,12,14,18","5,12,14"
81,18,0.988082411579887,0.0548934673099937,-1593.50299041202,-1517.64004464042,FALSE,FALSE,FALSE,"14,12,5,1,2,3,4,6,7,8,9,10,11,13,15,16,17,18","14","5,8,12,14,17,18","5,12,14,18","5,12,14"
81,19,0.988085026683553,0.052004475088608,-1591.61271859422,-1511.5351647242,FALSE,FALSE,FALSE,"14,12,5,1,2,3,4,6,7,8,9,10,11,13,15,16,17,18,19","14","5,8,12,14,17,18","5,12,14,18","5,12,14"
81,20,0.988086046182616,0.0494043023091308,-1589.65550268845,-1505.36334072001,FALSE,FALSE,FALSE,"14,12,5,1,2,3,4,6,7,8,9,10,11,13,15,16,17,18,19,20","14","5,8,12,14,17,18","5,12,14,18","5,12,14"
82,1,0.471755045031111,0.471755045031111,-113.913315982326,-109.698707883903,TRUE,FALSE,FALSE,"10","13","6","10","10,13,15"
82,2,0.661143911442218,0.330571955721109,-333.905619117669,-325.476402920824,FALSE,FALSE,FALSE,"10,13","13","6,7","10,13","10,13,15"
82,3,0.974329463482395,0.324776487827465,-1622.02142136024,-1609.37759706497,FALSE,FALSE,TRUE,"10,13,15","13","6,7,8","10,13,15","10,13,15"
82,4,0.974568430069663,0.243642107517416,-1624.69771253019,-1607.8392801365,FALSE,FALSE,FALSE,"10,13,15,1","13","6,7,8,10","10,13,15","10,13,15"
82,5,0.974859159431373,0.194971831886275,-1628.44654992233,-1607.37350943022,FALSE,FALSE,FALSE,"10,13,15,1,2","13","6,7,8,10,13","10,13,15","10,13,15"
82,6,0.975007262990302,0.162501210498384,-1629.40073745346,-1604.11308886293,FALSE,FALSE,FALSE,"10,13,15,1,2,3","13","6,7,8,10,13,15","10,13,15","10,13,15"
82,7,0.975128060460302,0.139304008637186,-1629.8232480293,-1600.32099134035,FALSE,FALSE,FALSE,"10,13,15,1,2,3,4","13","6,7,8,10,13,15,17","10,13,15","10,13,15"
82,8,0.975264415383098,0.121908051922887,-1630.57192917219,-1596.85506438481,FALSE,TRUE,FALSE,"10,13,15,1,2,3,4,5","13","6,7,8,10,13,15,17,19","10,13,15","10,13,15"
82,9,0.975346981796728,0.108371886866303,-1630.2437013187,-1592.3122284329,FALSE,FALSE,FALSE,"10,13,15,1,2,3,4,5,6","13","6,7,8,10,13,15,17,19","10,13,15","10,13,15"
82,10,0.97542387795987,0.097542387795987,-1629.80570758775,-1587.65962660353,FALSE,FALSE,FALSE,"10,13,15,1,2,3,4,5,6,7","13","6,7,8,10,13,15,17,19","10,13,15","10,13,15"
82,11,0.975481045050315,0.0886800950045741,-1628.97012405856,-1582.60943497592,FALSE,FALSE,FALSE,"10,13,15,1,2,3,4,5,6,7,8","13","6,7,8,10,13,15,17,19","10,13,15","10,13,15"
82,12,0.975541792306933,0.081295149358911,-1628.21044269873,-1577.63514551766,FALSE,FALSE,FALSE,"10,13,15,1,2,3,4,5,6,7,8,9","13","6,7,8,10,13,15,17,19","10,13,15","10,13,15"
82,13,0.97559626950809,0.0750458668852377,-1627.32536416427,-1572.53545888478,FALSE,FALSE,FALSE,"10,13,15,1,2,3,4,5,6,7,8,9,11","13","6,7,8,10,13,15,17,19","10,13,15","10,13,15"
82,14,0.975648335146128,0.069689166796152,-1626.39325947023,-1567.38874609232,FALSE,FALSE,FALSE,"10,13,15,1,2,3,4,5,6,7,8,9,11,12","13","6,7,8,10,13,15,17,19","10,13,15","10,13,15"
82,15,0.975678023943478,0.0650452015962319,-1625.00321591638,-1561.78409444005,FALSE,FALSE,FALSE,"10,13,15,1,2,3,4,5,6,7,8,9,11,12,14","13","6,7,8,10,13,15,17,19","10,13,15","10,13,15"
82,16,0.975710793623133,0.0609819246014458,-1623.67733415376,-1556.24360457901,FALSE,FALSE,FALSE,"10,13,15,1,2,3,4,5,6,7,8,9,11,12,14,16","13","6,7,8,10,13,15,17,19","10,13,15","10,13,15"
82,17,0.975733644412902,0.0573960967301707,-1622.14794535733,-1550.49960768416,FALSE,FALSE,FALSE,"10,13,15,1,2,3,4,5,6,7,8,9,11,12,14,16,17","13","6,7,8,10,13,15,17,19","10,13,15","10,13,15"
82,18,0.975746008073202,0.0542081115596224,-1620.40275929008,-1544.53981351848,FALSE,FALSE,FALSE,"10,13,15,1,2,3,4,5,6,7,8,9,11,12,14,16,17,18","13","6,7,8,10,13,15,17,19","10,13,15","10,13,15"
82,19,0.975746309749222,0.0513550689341696,-1618.40897842912,-1538.33142455909,FALSE,FALSE,FALSE,"10,13,15,1,2,3,4,5,6,7,8,9,11,12,14,16,17,18,19","13","6,7,8,10,13,15,17,19","10,13,15","10,13,15"
82,20,0.975746592725705,0.0487873296362852,-1616.41481214206,-1532.12265017361,FALSE,FALSE,FALSE,"10,13,15,1,2,3,4,5,6,7,8,9,11,12,14,16,17,18,19,20","13","6,7,8,10,13,15,17,19","10,13,15","10,13,15"
83,1,0.71609723718639,0.71609723718639,-26.1056804690593,-21.8910723706371,TRUE,FALSE,FALSE,"4","4","2","4","4,15,20"
83,2,0.862629029809117,0.431314514904559,-387.079039045009,-378.649822848164,FALSE,FALSE,FALSE,"4,15","4","2,4","4,15","4,15,20"
83,3,0.988962064549133,0.329654021516378,-1645.75256945711,-1633.10874516184,FALSE,FALSE,TRUE,"4,15,20","4","2,4,15","4,15,20","4,15,20"
83,4,0.989041316792764,0.247260329198191,-1647.35551351829,-1630.4970811246,FALSE,TRUE,FALSE,"4,15,20,1","4","2,4,15,20","4,15,20","4,15,20"
83,5,0.989073686389417,0.197814737277883,-1646.83459165239,-1625.76155116028,FALSE,FALSE,FALSE,"4,15,20,1,2","4","2,4,15,20","4,15,20","4,15,20"
83,6,0.989105751044068,0.164850958507345,-1646.30406236984,-1621.01641377931,FALSE,FALSE,FALSE,"4,15,20,1,2,3","4","2,4,15,20","4,15,20","4,15,20"
83,7,0.989132501245808,0.141304643035115,-1645.53329338429,-1616.03103669533,FALSE,FALSE,FALSE,"4,15,20,1,2,3,5","4","2,4,15,20","4,15,20","4,15,20"
83,8,0.989145895665498,0.123643236958187,-1644.14993393945,-1610.43306915207,FALSE,FALSE,FALSE,"4,15,20,1,2,3,5,6","4","2,4,15,20","4,15,20","4,15,20"
83,9,0.989158817445676,0.109906535271742,-1642.74553711228,-1604.81406422648,FALSE,FALSE,FALSE,"4,15,20,1,2,3,5,6,7","4","2,4,15,20","4,15,20","4,15,20"
83,10,0.989171803591624,0.0989171803591624,-1641.34482274591,-1599.19874176169,FALSE,FALSE,FALSE,"4,15,20,1,2,3,5,6,7,8","4","2,4,15,20","4,15,20","4,15,20"
83,11,0.989183534807841,0.0899257758916219,-1639.88681400371,-1593.52612492106,FALSE,FALSE,FALSE,"4,15,20,1,2,3,5,6,7,8,9","4","2,4,15,20","4,15,20","4,15,20"
83,12,0.989193394698349,0.0824327828915291,-1638.34280341531,-1587.76750623425,FALSE,FALSE,FALSE,"4,15,20,1,2,3,5,6,7,8,9,10","4","2,4,15,20","4,15,20","4,15,20"
83,13,0.989203311958897,0.0760925624583767,-1636.80186588731,-1582.01196060782,FALSE,FALSE,FALSE,"4,15,20,1,2,3,5,6,7,8,9,10,11","4","2,4,15,20","4,15,20","4,15,20"
83,14,0.989211500253096,0.0706579643037925,-1635.18121373786,-1576.17670035994,FALSE,FALSE,FALSE,"4,15,20,1,2,3,5,6,7,8,9,10,11,12","4","2,4,15,20","4,15,20","4,15,20"
83,15,0.989215186545208,0.0659476791030138,-1633.35208652469,-1570.13296504836,FALSE,FALSE,FALSE,"4,15,20,1,2,3,5,6,7,8,9,10,11,12,13","4","2,4,15,20","4,15,20","4,15,20"
83,16,0.989217320104292,0.0618260825065183,-1631.45101128413,-1564.01728170938,FALSE,FALSE,FALSE,"4,15,20,1,2,3,5,6,7,8,9,10,11,12,13,14","4","2,4,15,20","4,15,20","4,15,20"
83,17,0.98921861273281,0.0581893301607535,-1629.51095491672,-1557.86261724354,FALSE,FALSE,FALSE,"4,15,20,1,2,3,5,6,7,8,9,10,11,12,13,14,16","4","2,4,15,20","4,15,20","4,15,20"
83,18,0.989218714010899,0.0549565952228277,-1627.51565183383,-1551.65270606223,FALSE,FALSE,FALSE,"4,15,20,1,2,3,5,6,7,8,9,10,11,12,13,14,16,17","4","2,4,15,20","4,15,20","4,15,20"
83,19,0.98921876712205,0.0520641456380026,-1625.51811495751,-1545.44056108749,FALSE,FALSE,FALSE,"4,15,20,1,2,3,5,6,7,8,9,10,11,12,13,14,16,17,18","4","2,4,15,20","4,15,20","4,15,20"
83,20,0.989218804336428,0.0494609402168214,-1623.51984084744,-1539.227678879,FALSE,FALSE,FALSE,"4,15,20,1,2,3,5,6,7,8,9,10,11,12,13,14,16,17,18,19","4","2,4,15,20","4,15,20","4,15,20"
84,1,0.727157683737788,0.727157683737788,74.8095463134503,79.0241544118725,TRUE,FALSE,FALSE,"2","2","1","1","1,2,16"
84,2,0.90888939089282,0.45444469544641,-471.6003432342,-463.171127037355,FALSE,FALSE,FALSE,"2,1","2","1,2","1,2","1,2,16"
84,3,0.990855290990424,0.330285096996808,-1619.04973892967,-1606.40591463441,FALSE,FALSE,TRUE,"2,1,16","2","1,2,16","1,2,16","1,2,16"
84,4,0.990903159783626,0.247725789945907,-1619.67390766056,-1602.81547526687,FALSE,FALSE,FALSE,"2,1,16,3","2","1,2,16,17","1,2,16","1,2,16"
84,5,0.990960716892747,0.198192143378549,-1620.8475353058,-1599.77449481369,FALSE,TRUE,FALSE,"2,1,16,3,4","2","1,2,16,17,19","1,2,16","1,2,16"
84,6,0.990988472853449,0.165164745475575,-1620.38519384782,-1595.09754525728,FALSE,FALSE,FALSE,"2,1,16,3,4,5","2","1,2,16,17,19","1,2,16","1,2,16"
84,7,0.991013013693945,0.141573287670564,-1619.74868732571,-1590.24643063675,FALSE,FALSE,FALSE,"2,1,16,3,4,5,6","2","1,2,16,17,19","1,2,16","1,2,16"
84,8,0.991037220676364,0.123879652584545,-1619.09728415939,-1585.38041937202,FALSE,FALSE,FALSE,"2,1,16,3,4,5,6,7","2","1,2,16,17,19","1,2,16","1,2,16"
84,9,0.99105866612124,0.110117629569027,-1618.29507903982,-1580.36360615402,FALSE,FALSE,FALSE,"2,1,16,3,4,5,6,7,8","2","1,2,16,17,19","1,2,16","1,2,16"
84,10,0.991079011298682,0.0991079011298682,-1617.4340790858,-1575.28799810158,FALSE,FALSE,FALSE,"2,1,16,3,4,5,6,7,8,9","2","1,2,16,17,19","1,2,16","1,2,16"
84,11,0.991087623288661,0.0900988748444237,-1615.91699358057,-1569.55630449793,FALSE,FALSE,FALSE,"2,1,16,3,4,5,6,7,8,9,10","2","1,2,16,17,19","1,2,16","1,2,16"
84,12,0.991094123757553,0.0825911769797961,-1614.28181437405,-1563.70651719299,FALSE,FALSE,FALSE,"2,1,16,3,4,5,6,7,8,9,10,11","2","1,2,16,17,19","1,2,16","1,2,16"
84,13,0.991099689853249,0.0762384376810191,-1612.59440774777,-1557.80450246828,FALSE,FALSE,FALSE,"2,1,16,3,4,5,6,7,8,9,10,11,12","2","1,2,16,17,19","1,2,16","1,2,16"
84,14,0.991104985314423,0.0707932132367445,-1610.89198373362,-1551.88747035571,FALSE,FALSE,FALSE,"2,1,16,3,4,5,6,7,8,9,10,11,12,13","2","1,2,16,17,19","1,2,16","1,2,16"
84,15,0.991107803136489,0.0660738535424326,-1609.05040216148,-1545.83128068515,FALSE,FALSE,FALSE,"2,1,16,3,4,5,6,7,8,9,10,11,12,13,14","2","1,2,16,17,19","1,2,16","1,2,16"
84,16,0.991108469570543,0.0619442793481589,-1607.08787653584,-1539.65414696109,FALSE,FALSE,FALSE,"2,1,16,3,4,5,6,7,8,9,10,11,12,13,14,15","2","1,2,16,17,19","1,2,16","1,2,16"
84,17,0.991109048857547,0.058300532285738,-1605.12045281052,-1533.47211513734,FALSE,FALSE,FALSE,"2,1,16,3,4,5,6,7,8,9,10,11,12,13,14,15,17","2","1,2,16,17,19","1,2,16","1,2,16"
84,18,0.991109127305471,0.0550616181836373,-1603.1248645022,-1527.2619187306,FALSE,FALSE,FALSE,"2,1,16,3,4,5,6,7,8,9,10,11,12,13,14,15,17,18","2","1,2,16,17,19","1,2,16","1,2,16"
84,19,0.99110915359195,0.0521636396627342,-1601.12634278893,-1521.04878891891,FALSE,FALSE,FALSE,"2,1,16,3,4,5,6,7,8,9,10,11,12,13,14,15,17,18,19","2","1,2,16,17,19","1,2,16","1,2,16"
84,20,0.99110915569427,0.0495554577847135,-1599.12646101837,-1514.83429904992,FALSE,FALSE,FALSE,"2,1,16,3,4,5,6,7,8,9,10,11,12,13,14,15,17,18,19,20","2","1,2,16,17,19","1,2,16","1,2,16"
85,1,0.574525747421603,0.574525747421603,-78.5189852326382,-74.304377134216,TRUE,FALSE,FALSE,"10","10","4","4","4,10,12"
85,2,0.730314771753718,0.365157385876859,-304.49347403937,-296.064257842526,FALSE,FALSE,FALSE,"10,4","10","4,10","4,10","4,10,12"
85,3,0.978506501329243,0.326168833776414,-1567.24595183504,-1554.60212753978,FALSE,FALSE,TRUE,"10,4,12","10","4,10,12","4,10,12","4,10,12"
85,4,0.978599562768178,0.244649890692045,-1567.41552622807,-1550.55709383438,FALSE,TRUE,FALSE,"10,4,12,1","10","4,10,12,14","4,10,12","4,10,12"
85,5,0.978671438605602,0.19573428772112,-1567.09766031797,-1546.02461982586,FALSE,FALSE,FALSE,"10,4,12,1,2","10","4,10,12,14","4,10,12","4,10,12"
85,6,0.978727889616779,0.16312131493613,-1566.42278130463,-1541.1351327141,FALSE,FALSE,FALSE,"10,4,12,1,2,3","10","4,10,12,14","4,10,12","4,10,12"
85,7,0.9787885864253,0.1398269409179,-1565.85149634908,-1536.34923966012,FALSE,FALSE,FALSE,"10,4,12,1,2,3,5","10","4,10,12,14","4,10,12","4,10,12"
85,8,0.978834347935484,0.122354293491936,-1564.93136177349,-1531.21449698611,FALSE,FALSE,FALSE,"10,4,12,1,2,3,5,6","10","4,10,12,14","4,10,12","4,10,12"
85,9,0.978875917394949,0.108763990821661,-1563.91433017416,-1525.98285728836,FALSE,FALSE,FALSE,"10,4,12,1,2,3,5,6,7","10","4,10,12,14","4,10,12","4,10,12"
85,10,0.978903894066823,0.0978903894066823,-1562.57696757436,-1520.43088659014,FALSE,FALSE,FALSE,"10,4,12,1,2,3,5,6,7,8","10","4,10,12,14","4,10,12","4,10,12"
85,11,0.978927580213305,0.0889934163830277,-1561.13866966303,-1514.77798058038,FALSE,FALSE,FALSE,"10,4,12,1,2,3,5,6,7,8,9","10","4,10,12,14","4,10,12","4,10,12"
85,12,0.978948086133019,0.0815790071777516,-1559.62546481336,-1509.05016763229,FALSE,FALSE,FALSE,"10,4,12,1,2,3,5,6,7,8,9,11","10","4,10,12,14","4,10,12","4,10,12"
85,13,0.978963929783328,0.0753049176756406,-1558.00190600917,-1503.21200072968,FALSE,FALSE,FALSE,"10,4,12,1,2,3,5,6,7,8,9,11,13","10","4,10,12,14","4,10,12","4,10,12"
85,14,0.978969882798603,0.0699264201999002,-1556.14342145613,-1497.13890807822,FALSE,FALSE,FALSE,"10,4,12,1,2,3,5,6,7,8,9,11,13,14","10","4,10,12,14","4,10,12","4,10,12"
85,15,0.978976369430895,0.065265091295393,-1554.29766769309,-1491.07854621675,FALSE,FALSE,FALSE,"10,4,12,1,2,3,5,6,7,8,9,11,13,14,15","10","4,10,12,14","4,10,12","4,10,12"
85,16,0.978981489381447,0.0611863430863404,-1552.41944908748,-1484.98571951273,FALSE,FALSE,FALSE,"10,4,12,1,2,3,5,6,7,8,9,11,13,14,15,16","10","4,10,12,14","4,10,12","4,10,12"
85,17,0.97898706463537,0.0575874743903159,-1550.55209391628,-1478.9037562431,FALSE,FALSE,FALSE,"10,4,12,1,2,3,5,6,7,8,9,11,13,14,15,16,17","10","4,10,12,14","4,10,12","4,10,12"
85,18,0.978990311433662,0.0543883506352035,-1548.62935701874,-1472.76641124714,FALSE,FALSE,FALSE,"10,4,12,1,2,3,5,6,7,8,9,11,13,14,15,16,17,18","10","4,10,12,14","4,10,12","4,10,12"
85,19,0.978990949045202,0.0515258394234317,-1546.64453147535,-1466.56697760533,FALSE,FALSE,FALSE,"10,4,12,1,2,3,5,6,7,8,9,11,13,14,15,16,17,18,19","10","4,10,12,14","4,10,12","4,10,12"
85,20,0.978991561654877,0.0489495780827439,-1544.65911134877,-1460.36694938033,FALSE,FALSE,FALSE,"10,4,12,1,2,3,5,6,7,8,9,11,13,14,15,16,17,18,19,20","10","4,10,12,14","4,10,12","4,10,12"
86,1,0.720690010048209,0.720690010048209,313.148846399867,317.363454498289,TRUE,FALSE,FALSE,"20","20","4","10","10,14,20"
86,2,0.909908488843519,0.454954244421759,-250.599301477082,-242.170085280238,FALSE,FALSE,FALSE,"20,10","20","4,6","10,14","10,14,20"
86,3,0.993594649014886,0.331198216338295,-1570.44540743528,-1557.80158314001,FALSE,FALSE,FALSE,"20,10,14","20","4,6,10","10,14,19","10,14,20"
86,4,0.99370703043147,0.248426757607867,-1577.29573928126,-1560.43730688758,FALSE,FALSE,TRUE,"20,10,14,1","20","4,6,10,14","10,14,19,20","10,14,20"
86,5,0.993755814814759,0.198751162962952,-1579.18694350339,-1558.11390301128,FALSE,FALSE,FALSE,"20,10,14,1,2","20","4,6,10,14,16","10,14,19,20","10,14,20"
86,6,0.993790332219449,0.165631722036575,-1579.95857515602,-1554.67092656548,FALSE,FALSE,FALSE,"20,10,14,1,2,3","20","4,6,10,14,16,19","10,14,19,20","10,14,20"
86,7,0.993816956763806,0.141973850966258,-1580.10698201262,-1550.60472532367,FALSE,TRUE,FALSE,"20,10,14,1,2,3,4","20","4,6,10,14,16,19,20","10,14,19,20","10,14,20"
86,8,0.993840806881455,0.124230100860182,-1580.03938280693,-1546.32251801955,FALSE,FALSE,FALSE,"20,10,14,1,2,3,4,5","20","4,6,10,14,16,19,20","10,14,19,20","10,14,20"
86,9,0.993861934502484,0.110429103833609,-1579.75746018312,-1541.82598729732,FALSE,FALSE,FALSE,"20,10,14,1,2,3,4,5,6","20","4,6,10,14,16,19,20","10,14,19,20","10,14,20"
86,10,0.993874288474877,0.0993874288474877,-1578.76481513986,-1536.61873415564,FALSE,FALSE,FALSE,"20,10,14,1,2,3,4,5,6,7","20","4,6,10,14,16,19,20","10,14,19,20","10,14,20"
86,11,0.993885892603911,0.0903532629639919,-1577.71287920718,-1531.35219012454,FALSE,FALSE,FALSE,"20,10,14,1,2,3,4,5,6,7,8","20","4,6,10,14,16,19,20","10,14,19,20","10,14,20"
86,12,0.993895907770869,0.0828246589809057,-1576.5325719204,-1525.95727473933,FALSE,FALSE,FALSE,"20,10,14,1,2,3,4,5,6,7,8,9","20","4,6,10,14,16,19,20","10,14,19,20","10,14,20"
86,13,0.993906280122534,0.076454329240195,-1575.38291738193,-1520.59301210245,FALSE,FALSE,FALSE,"20,10,14,1,2,3,4,5,6,7,8,9,11","20","4,6,10,14,16,19,20","10,14,19,20","10,14,20"
86,14,0.993913703119715,0.0709938359371225,-1573.99235809517,-1514.98784471726,FALSE,FALSE,FALSE,"20,10,14,1,2,3,4,5,6,7,8,9,11,12","20","4,6,10,14,16,19,20","10,14,19,20","10,14,20"
86,15,0.993919185111294,0.0662612790074196,-1572.44291629284,-1509.22379481651,FALSE,FALSE,FALSE,"20,10,14,1,2,3,4,5,6,7,8,9,11,12,13","20","4,6,10,14,16,19,20","10,14,19,20","10,14,20"
86,16,0.993921175617333,0.0621200734760833,-1570.60661408131,-1503.17288450655,FALSE,FALSE,FALSE,"20,10,14,1,2,3,4,5,6,7,8,9,11,12,13,15","20","4,6,10,14,16,19,20","10,14,19,20","10,14,20"
86,17,0.993922330695952,0.0584660194527031,-1568.70163149766,-1497.05329382448,FALSE,FALSE,FALSE,"20,10,14,1,2,3,4,5,6,7,8,9,11,12,13,15,16","20","4,6,10,14,16,19,20","10,14,19,20","10,14,20"
86,18,0.993923007247551,0.0552179448470862,-1566.75729339897,-1490.89434762737,FALSE,FALSE,FALSE,"20,10,14,1,2,3,4,5,6,7,8,9,11,12,13,15,16,17","20","4,6,10,14,16,19,20","10,14,19,20","10,14,20"
86,19,0.993923015932099,0.0523117376806368,-1564.75800794267,-1484.68045407265,FALSE,FALSE,FALSE,"20,10,14,1,2,3,4,5,6,7,8,9,11,12,13,15,16,17,18","20","4,6,10,14,16,19,20","10,14,19,20","10,14,20"
86,20,0.993923022097548,0.0496961511048774,-1562.75851522167,-1478.46635325323,FALSE,FALSE,FALSE,"20,10,14,1,2,3,4,5,6,7,8,9,11,12,13,15,16,17,18,19","20","4,6,10,14,16,19,20","10,14,19,20","10,14,20"
87,1,0.481596812218458,0.481596812218458,-159.773640863887,-155.559032765465,TRUE,FALSE,FALSE,"6","17","4","4","4,6,17"
87,2,0.718211741544563,0.359105870772281,-462.572321826865,-454.14310563002,FALSE,FALSE,FALSE,"6,17","17","4,5","4,6","4,6,17"
87,3,0.975517657416113,0.325172552472038,-1682.17421458243,-1669.53039028716,FALSE,FALSE,TRUE,"6,17,4","17","4,5,6","4,6,17","4,6,17"
87,4,0.975664761506505,0.243916190376626,-1683.18756617411,-1666.32913378042,FALSE,FALSE,FALSE,"6,17,4,1","17","4,5,6,16","4,6,17","4,6,17"
87,5,0.975781892237091,0.195156378447418,-1683.59998399576,-1662.52694350365,FALSE,FALSE,FALSE,"6,17,4,1,2","17","4,5,6,16,17","4,6,17","4,6,17"
87,6,0.975910145178872,0.162651690863145,-1684.25489296425,-1658.96724437371,FALSE,TRUE,FALSE,"6,17,4,1,2,3","17","4,5,6,16,17,20","4,6,17","4,6,17"
87,7,0.9759618754595,0.139423125065643,-1683.32974175772,-1653.82748506876,FALSE,FALSE,FALSE,"6,17,4,1,2,3,5","17","4,5,6,16,17,20","4,6,17","4,6,17"
87,8,0.976003314773942,0.122000414346743,-1682.19243539435,-1648.47557060697,FALSE,FALSE,FALSE,"6,17,4,1,2,3,5,7","17","4,5,6,16,17,20","4,6,17","4,6,17"
87,9,0.976051102771012,0.108450122530112,-1681.18914896936,-1643.25767608356,FALSE,FALSE,FALSE,"6,17,4,1,2,3,5,7,8","17","4,5,6,16,17,20","4,6,17","4,6,17"
87,10,0.976084639089597,0.0976084639089597,-1679.8898038082,-1637.74372282398,FALSE,FALSE,FALSE,"6,17,4,1,2,3,5,7,8,9","17","4,5,6,16,17,20","4,6,17","4,6,17"
87,11,0.976114643789305,0.0887376948899368,-1678.51750785649,-1632.15681877385,FALSE,FALSE,FALSE,"6,17,4,1,2,3,5,7,8,9,10","17","4,5,6,16,17,20","4,6,17","4,6,17"
87,12,0.976128453812776,0.0813440378177314,-1676.80668121497,-1626.2313840339,FALSE,FALSE,FALSE,"6,17,4,1,2,3,5,7,8,9,10,11","17","4,5,6,16,17,20","4,6,17","4,6,17"
87,13,0.976140697932318,0.0750877459947936,-1675.06320545992,-1620.27330018043,FALSE,FALSE,FALSE,"6,17,4,1,2,3,5,7,8,9,10,11,12","17","4,5,6,16,17,20","4,6,17","4,6,17"
87,14,0.976153913615356,0.069725279543954,-1673.34023251714,-1614.33571913923,FALSE,FALSE,FALSE,"6,17,4,1,2,3,5,7,8,9,10,11,12,13","17","4,5,6,16,17,20","4,6,17","4,6,17"
87,15,0.976165911753065,0.0650777274502043,-1671.59187039504,-1608.37274891871,FALSE,FALSE,FALSE,"6,17,4,1,2,3,5,7,8,9,10,11,12,13,14","17","4,5,6,16,17,20","4,6,17","4,6,17"
87,16,0.97617525940865,0.0610109537130406,-1669.78800731096,-1602.35427773621,FALSE,FALSE,FALSE,"6,17,4,1,2,3,5,7,8,9,10,11,12,13,14,15","17","4,5,6,16,17,20","4,6,17","4,6,17"
87,17,0.976180899364053,0.0574224058449443,-1667.9063847399,-1596.25804706672,FALSE,FALSE,FALSE,"6,17,4,1,2,3,5,7,8,9,10,11,12,13,14,15,16","17","4,5,6,16,17,20","4,6,17","4,6,17"
87,18,0.976184682956201,0.0542324823864556,-1665.98581453753,-1590.12286876593,FALSE,FALSE,FALSE,"6,17,4,1,2,3,5,7,8,9,10,11,12,13,14,15,16,18","17","4,5,6,16,17,20","4,6,17","4,6,17"
87,19,0.976188442432905,0.0513783390754161,-1664.06475057402,-1583.987196704,FALSE,FALSE,FALSE,"6,17,4,1,2,3,5,7,8,9,10,11,12,13,14,15,16,18,19","17","4,5,6,16,17,20","4,6,17","4,6,17"
87,20,0.976190467065792,0.0488095233532896,-1662.10726604072,-1577.81510407228,FALSE,FALSE,FALSE,"6,17,4,1,2,3,5,7,8,9,10,11,12,13,14,15,16,18,19,20","17","4,5,6,16,17,20","4,6,17","4,6,17"
88,1,0.253031562677426,0.253031562677426,-223.732845476839,-219.518237378416,FALSE,FALSE,FALSE,"2","1","1","1","1,2,6"
88,2,0.680683982793499,0.34034199139675,-646.65368032402,-638.224464127175,FALSE,FALSE,FALSE,"2,1","1,2","1,2","1,2","1,2,6"
88,3,0.953051688415111,0.31768389613837,-1603.22068979459,-1590.57686549933,TRUE,FALSE,FALSE,"2,1,6","1,2,6","1,2,6","1,2,6","1,2,6"
88,4,0.953734867570862,0.238433716892716,-1608.55001225618,-1591.69157986249,FALSE,FALSE,TRUE,"2,1,6,3","1,2,6","1,2,6,9","1,2,6,20","1,2,6"
88,5,0.953940935870421,0.190788187174084,-1608.78202346712,-1587.70898297501,FALSE,TRUE,FALSE,"2,1,6,3,4","1,2,6","1,2,6,9,20","1,2,6,20","1,2,6"
88,6,0.95412467236512,0.15902077872752,-1608.78058717982,-1583.49293858929,FALSE,FALSE,FALSE,"2,1,6,3,4,5","1,2,6","1,2,6,9,20","1,2,6,20","1,2,6"
88,7,0.954261972823607,0.136323138974801,-1608.27928310211,-1578.77702641315,FALSE,FALSE,FALSE,"2,1,6,3,4,5,7","1,2,6","1,2,6,9,20","1,2,6,20","1,2,6"
88,8,0.954298196644447,0.119287274580556,-1606.6754323789,-1572.95856759152,FALSE,FALSE,FALSE,"2,1,6,3,4,5,7,8","1,2,6","1,2,6,9,20","1,2,6,20","1,2,6"
88,9,0.954321667364934,0.106035740818326,-1604.93227945785,-1567.00080657205,FALSE,FALSE,FALSE,"2,1,6,3,4,5,7,8,9","1,2,6","1,2,6,9,20","1,2,6,20","1,2,6"
88,10,0.954341270051565,0.0954341270051565,-1603.1468986538,-1561.00081766957,FALSE,FALSE,FALSE,"2,1,6,3,4,5,7,8,9,10","1,2,6","1,2,6,9,20","1,2,6,20","1,2,6"
88,11,0.954363710044804,0.0867603372768004,-1601.39269512456,-1555.03200604192,FALSE,FALSE,FALSE,"2,1,6,3,4,5,7,8,9,10,11","1,2,6","1,2,6,9,20","1,2,6,20","1,2,6"
88,12,0.954379302132576,0.079531608511048,-1599.56355423679,-1548.98825705572,FALSE,FALSE,FALSE,"2,1,6,3,4,5,7,8,9,10,11,12","1,2,6","1,2,6,9,20","1,2,6,20","1,2,6"
88,13,0.954385318388571,0.0734142552606593,-1597.629496375,-1542.83959109551,FALSE,FALSE,FALSE,"2,1,6,3,4,5,7,8,9,10,11,12,13","1,2,6","1,2,6,9,20","1,2,6,20","1,2,6"
88,14,0.954390137597563,0.0681707241141117,-1595.68232436169,-1536.67781098378,FALSE,FALSE,FALSE,"2,1,6,3,4,5,7,8,9,10,11,12,13,14","1,2,6","1,2,6,9,20","1,2,6,20","1,2,6"
88,15,0.954393289320735,0.063626219288049,-1593.71687645093,-1530.4977549746,FALSE,FALSE,FALSE,"2,1,6,3,4,5,7,8,9,10,11,12,13,14,15","1,2,6","1,2,6,9,20","1,2,6,20","1,2,6"
88,16,0.954395097744349,0.0596496936090218,-1591.7367031326,-1524.30297355785,FALSE,FALSE,FALSE,"2,1,6,3,4,5,7,8,9,10,11,12,13,14,15,16","1,2,6","1,2,6,9,20","1,2,6,20","1,2,6"
88,17,0.954396039806285,0.0561409435180167,-1589.74703175539,-1518.09869408222,FALSE,FALSE,FALSE,"2,1,6,3,4,5,7,8,9,10,11,12,13,14,15,16,17","1,2,6","1,2,6,9,20","1,2,6,20","1,2,6"
88,18,0.954396666090046,0.0530220370050025,-1587.75389835271,-1511.89095258111,FALSE,FALSE,FALSE,"2,1,6,3,4,5,7,8,9,10,11,12,13,14,15,16,17,18","1,2,6","1,2,6,9,20","1,2,6,20","1,2,6"
88,19,0.954396821252707,0.0502314116448793,-1585.75559957619,-1505.67804570617,FALSE,FALSE,FALSE,"2,1,6,3,4,5,7,8,9,10,11,12,13,14,15,16,17,18,19","1,2,6","1,2,6,9,20","1,2,6,20","1,2,6"
88,20,0.954396822200203,0.0477198411100102,-1583.75560996468,-1499.46344799624,FALSE,FALSE,FALSE,"2,1,6,3,4,5,7,8,9,10,11,12,13,14,15,16,17,18,19,20","1,2,6","1,2,6,9,20","1,2,6,20","1,2,6"
89,1,0.475023734874288,0.475023734874288,-95.0253345466851,-90.8107264482629,FALSE,FALSE,FALSE,"17","1","1","1","1,17,18"
89,2,0.851557270644566,0.425778635322283,-724.602249214187,-716.173033017342,FALSE,FALSE,FALSE,"17,18","1,17","1,3","1,3","1,17,18"
89,3,0.977122896115962,0.325707632038654,-1657.63357068682,-1644.98974639155,TRUE,FALSE,FALSE,"17,18,1","1,17,18","1,3,11","1,3,11","1,17,18"
89,4,0.977464034360287,0.244366008590072,-1663.14560774505,-1646.28717535136,FALSE,FALSE,FALSE,"17,18,1,2","1,17,18","1,3,11,16","1,3,11,17","1,17,18"
89,5,0.977764387814143,0.195552877562829,-1667.85428263132,-1646.78124213921,FALSE,FALSE,TRUE,"17,18,1,2,3","1,17,18","1,3,11,16,17","1,3,11,17,18","1,17,18"
89,6,0.977914652854501,0.16298577547575,-1669.24467892193,-1643.95703033139,FALSE,FALSE,FALSE,"17,18,1,2,3,4","1,17,18","1,3,11,16,17,18","1,3,11,17,18","1,17,18"
89,7,0.978010319458325,0.139715759922618,-1669.41522217692,-1639.91296548796,FALSE,TRUE,FALSE,"17,18,1,2,3,4,5","1,17,18","1,3,11,16,17,18,19","1,3,11,17,18","1,17,18"
89,8,0.978070977014811,0.122258872126851,-1668.79635573014,-1635.07949094277,FALSE,FALSE,FALSE,"17,18,1,2,3,4,5,6","1,17,18","1,3,11,16,17,18,19","1,3,11,17,18","1,17,18"
89,9,0.978133963602637,0.108681551511404,-1668.23456890174,-1630.30309601594,FALSE,FALSE,FALSE,"17,18,1,2,3,4,5,6,7","1,17,18","1,3,11,16,17,18,19","1,3,11,17,18","1,17,18"
89,10,0.978150291427779,0.0978150291427779,-1666.6080687909,-1624.46198780668,FALSE,FALSE,FALSE,"17,18,1,2,3,4,5,6,7,8","1,17,18","1,3,11,16,17,18,19","1,3,11,17,18","1,17,18"
89,11,0.978165790831996,0.0889241628029087,-1664.96287682253,-1618.60218773988,FALSE,FALSE,FALSE,"17,18,1,2,3,4,5,6,7,8,9","1,17,18","1,3,11,16,17,18,19","1,3,11,17,18","1,17,18"
89,12,0.978174604116189,0.0815145503430157,-1663.16474040563,-1612.58944322456,FALSE,FALSE,FALSE,"17,18,1,2,3,4,5,6,7,8,9,10","1,17,18","1,3,11,16,17,18,19","1,3,11,17,18","1,17,18"
89,13,0.978183686071078,0.0752448989285445,-1661.37284304551,-1606.58293776602,FALSE,FALSE,FALSE,"17,18,1,2,3,4,5,6,7,8,9,10,11","1,17,18","1,3,11,16,17,18,19","1,3,11,17,18","1,17,18"
89,14,0.97818949378415,0.0698706781274393,-1659.50596558542,-1600.50145220751,FALSE,FALSE,FALSE,"17,18,1,2,3,4,5,6,7,8,9,10,11,12","1,17,18","1,3,11,16,17,18,19","1,3,11,17,18","1,17,18"
89,15,0.978195511668228,0.0652130341112152,-1657.64394299843,-1594.4248215221,FALSE,FALSE,FALSE,"17,18,1,2,3,4,5,6,7,8,9,10,11,12,13","1,17,18","1,3,11,16,17,18,19","1,3,11,17,18","1,17,18"
89,16,0.978201217871363,0.0611375761169602,-1655.7748094015,-1588.34107982674,FALSE,FALSE,FALSE,"17,18,1,2,3,4,5,6,7,8,9,10,11,12,13,14","1,17,18","1,3,11,16,17,18,19","1,3,11,17,18","1,17,18"
89,17,0.9782042571347,0.0575414268902765,-1653.8445260309,-1582.19618835772,FALSE,FALSE,FALSE,"17,18,1,2,3,4,5,6,7,8,9,10,11,12,13,14,15","1,17,18","1,3,11,16,17,18,19","1,3,11,17,18","1,17,18"
89,18,0.978204535181634,0.0543446963989797,-1651.85090454044,-1575.98795876884,FALSE,FALSE,FALSE,"17,18,1,2,3,4,5,6,7,8,9,10,11,12,13,14,15,16","1,17,18","1,3,11,16,17,18,19","1,3,11,17,18","1,17,18"
89,19,0.978204729026657,0.0514844594224556,-1649.85535147209,-1569.77779760207,FALSE,FALSE,FALSE,"17,18,1,2,3,4,5,6,7,8,9,10,11,12,13,14,15,16,19","1,17,18","1,3,11,16,17,18,19","1,3,11,17,18","1,17,18"
89,20,0.978204729674577,0.0489102364837289,-1647.85536633586,-1563.56320436742,FALSE,FALSE,FALSE,"17,18,1,2,3,4,5,6,7,8,9,10,11,12,13,14,15,16,19,20","1,17,18","1,3,11,16,17,18,19","1,3,11,17,18","1,17,18"
90,1,0.554455152445639,0.554455152445639,-133.513584607952,-129.29897650953,TRUE,FALSE,FALSE,"17","17","2","13","13,15,17"
90,2,0.847293133757725,0.423646566878862,-666.90245109459,-658.473234897745,FALSE,FALSE,FALSE,"17,13","17","2,7","13,15","13,15,17"
90,3,0.979656246512051,0.326552082170684,-1672.77558405583,-1660.13175976057,FALSE,FALSE,TRUE,"17,13,15","17","2,7,10","13,15,17","13,15,17"
90,4,0.979900666724873,0.244975166681218,-1676.81921742397,-1659.96078503028,FALSE,FALSE,FALSE,"17,13,15,1","17","2,7,10,13","13,15,17","13,15,17"
90,5,0.98003953332905,0.19600790666581,-1678.28571402649,-1657.21267353438,FALSE,FALSE,FALSE,"17,13,15,1,2","17","2,7,10,13,15","13,15,17","13,15,17"
90,6,0.980206304976994,0.163367717496166,-1680.48081258139,-1655.19316399085,FALSE,FALSE,FALSE,"17,13,15,1,2,3","17","2,7,10,13,15,16","13,15,17","13,15,17"
90,7,0.98031492202541,0.140044988860773,-1681.23209673308,-1651.72984004412,FALSE,TRUE,FALSE,"17,13,15,1,2,3,4","17","2,7,10,13,15,16,17","13,15,17","13,15,17"
90,8,0.980372269554965,0.122546533694371,-1680.69084701162,-1646.97398222425,FALSE,FALSE,FALSE,"17,13,15,1,2,3,4,5","17","2,7,10,13,15,16,17","13,15,17","13,15,17"
90,9,0.980402238461782,0.108933582051309,-1679.45486324529,-1641.52339035949,FALSE,FALSE,FALSE,"17,13,15,1,2,3,4,5,6","17","2,7,10,13,15,16,17","13,15,17","13,15,17"
90,10,0.980417420534294,0.0980417420534294,-1677.84235536206,-1635.69627437784,FALSE,FALSE,FALSE,"17,13,15,1,2,3,4,5,6,7","17","2,7,10,13,15,16,17","13,15,17","13,15,17"
90,11,0.980432093416243,0.0891301903105676,-1676.21713698336,-1629.85644790072,FALSE,FALSE,FALSE,"17,13,15,1,2,3,4,5,6,7,8","17","2,7,10,13,15,16,17","13,15,17","13,15,17"
90,12,0.980444031106728,0.081703669258894,-1674.52226245238,-1623.94696527132,FALSE,FALSE,FALSE,"17,13,15,1,2,3,4,5,6,7,8,9","17","2,7,10,13,15,16,17","13,15,17","13,15,17"
90,13,0.980451858736521,0.0754193737489631,-1672.72243654831,-1617.93253126882,FALSE,FALSE,FALSE,"17,13,15,1,2,3,4,5,6,7,8,9,10","17","2,7,10,13,15,16,17","13,15,17","13,15,17"
90,14,0.980459224740806,0.0700328017672004,-1670.91087882371,-1611.9063654458,FALSE,FALSE,FALSE,"17,13,15,1,2,3,4,5,6,7,8,9,10,11","17","2,7,10,13,15,16,17","13,15,17","13,15,17"
90,15,0.980465137698575,0.0653643425132383,-1669.0621996513,-1605.84307817497,FALSE,FALSE,FALSE,"17,13,15,1,2,3,4,5,6,7,8,9,10,11,12","17","2,7,10,13,15,16,17","13,15,17","13,15,17"
90,16,0.980466340324955,0.0612791462703097,-1667.09298214114,-1599.65925256638,FALSE,FALSE,FALSE,"17,13,15,1,2,3,4,5,6,7,8,9,10,11,12,14","17","2,7,10,13,15,16,17","13,15,17","13,15,17"
90,17,0.98046687446616,0.0576745220274212,-1665.10665465608,-1593.45831698291,FALSE,FALSE,FALSE,"17,13,15,1,2,3,4,5,6,7,8,9,10,11,12,14,16","17","2,7,10,13,15,16,17","13,15,17","13,15,17"
90,18,0.980467118525303,0.0544703954736279,-1663.11290200925,-1587.24995623766,FALSE,FALSE,FALSE,"17,13,15,1,2,3,4,5,6,7,8,9,10,11,12,14,16,18","17","2,7,10,13,15,16,17","13,15,17","13,15,17"
90,19,0.980467214628615,0.0516035376120323,-1661.1153620546,-1581.03780818458,FALSE,FALSE,FALSE,"17,13,15,1,2,3,4,5,6,7,8,9,10,11,12,14,16,18,19","17","2,7,10,13,15,16,17","13,15,17","13,15,17"
90,20,0.980467215176792,0.0490233607588396,-1659.11537608683,-1574.82321411839,FALSE,FALSE,FALSE,"17,13,15,1,2,3,4,5,6,7,8,9,10,11,12,14,16,18,19,20","17","2,7,10,13,15,16,17","13,15,17","13,15,17"
91,1,0.294489011404377,0.294489011404377,274.782190621359,278.996798719781,FALSE,FALSE,FALSE,"5","5","1","5","5,16,19"
91,2,0.681678767824942,0.340839383912471,-121.148464281238,-112.719248084393,FALSE,FALSE,FALSE,"5,19","5,16","1,5","5,16","5,16,19"
91,3,0.983744891867869,0.327914963955956,-1606.47537978544,-1593.83155549017,TRUE,FALSE,TRUE,"5,19,16","5,16,19","1,5,13","5,16,19","5,16,19"
91,4,0.983915975661587,0.245978993915397,-1609.76573165121,-1592.90729925753,FALSE,FALSE,FALSE,"5,19,16,1","5,16,19","1,5,13,14","5,16,19","5,16,19"
91,5,0.984061720742506,0.196812344148501,-1612.31712461577,-1591.24408412366,FALSE,FALSE,FALSE,"5,19,16,1,2","5,16,19","1,5,13,14,16","5,16,19","5,16,19"
91,6,0.984145624788388,0.164024270798065,-1612.95623236182,-1587.66858377129,FALSE,TRUE,FALSE,"5,19,16,1,2,3","5,16,19","1,5,13,14,16,19","5,16,19","5,16,19"
91,7,0.984201183470184,0.140600169067169,-1612.71146574573,-1583.20920905678,FALSE,FALSE,FALSE,"5,19,16,1,2,3,4","5,16,19","1,5,13,14,16,19","5,16,19","5,16,19"
91,8,0.984222786320343,0.123027848290043,-1611.39561930734,-1577.67875451996,FALSE,FALSE,FALSE,"5,19,16,1,2,3,4,6","5,16,19","1,5,13,14,16,19","5,16,19","5,16,19"
91,9,0.98424748733271,0.109360831925857,-1610.17903928215,-1572.24756639635,FALSE,FALSE,FALSE,"5,19,16,1,2,3,4,6,7","5,16,19","1,5,13,14,16,19","5,16,19","5,16,19"
91,10,0.984262561682935,0.0984262561682935,-1608.65774283377,-1566.51166184954,FALSE,FALSE,FALSE,"5,19,16,1,2,3,4,6,7,8","5,16,19","1,5,13,14,16,19","5,16,19","5,16,19"
91,11,0.984272589123675,0.0894793262839705,-1606.97642991909,-1560.61574083644,FALSE,FALSE,FALSE,"5,19,16,1,2,3,4,6,7,8,9","5,16,19","1,5,13,14,16,19","5,16,19","5,16,19"
91,12,0.984281150720783,0.0820234292267319,-1605.24869114434,-1554.67339396327,FALSE,FALSE,FALSE,"5,19,16,1,2,3,4,6,7,8,9,10","5,16,19","1,5,13,14,16,19","5,16,19","5,16,19"
91,13,0.984288790308991,0.0757145223314609,-1603.49175745121,-1548.70185217172,FALSE,FALSE,FALSE,"5,19,16,1,2,3,4,6,7,8,9,10,11","5,16,19","1,5,13,14,16,19","5,16,19","5,16,19"
91,14,0.984292730726154,0.0703066236232967,-1601.61717463603,-1542.61266125812,FALSE,FALSE,FALSE,"5,19,16,1,2,3,4,6,7,8,9,10,11,12","5,16,19","1,5,13,14,16,19","5,16,19","5,16,19"
91,15,0.984296063456515,0.0656197375637677,-1599.72327468177,-1536.50415320544,FALSE,FALSE,FALSE,"5,19,16,1,2,3,4,6,7,8,9,10,11,12,13","5,16,19","1,5,13,14,16,19","5,16,19","5,16,19"
91,16,0.984298767654775,0.0615186729784235,-1597.80938147127,-1530.37565189651,FALSE,FALSE,FALSE,"5,19,16,1,2,3,4,6,7,8,9,10,11,12,13,14","5,16,19","1,5,13,14,16,19","5,16,19","5,16,19"
91,17,0.984300815800779,0.0579000479882811,-1595.87460818582,-1524.22627051264,FALSE,FALSE,FALSE,"5,19,16,1,2,3,4,6,7,8,9,10,11,12,13,14,15","5,16,19","1,5,13,14,16,19","5,16,19","5,16,19"
91,18,0.984301720978681,0.05468342894326,-1593.90343783667,-1518.04049206507,FALSE,FALSE,FALSE,"5,19,16,1,2,3,4,6,7,8,9,10,11,12,13,14,15,17","5,16,19","1,5,13,14,16,19","5,16,19","5,16,19"
91,19,0.9843020386733,0.0518053704564895,-1591.91355671126,-1511.83600284123,FALSE,FALSE,FALSE,"5,19,16,1,2,3,4,6,7,8,9,10,11,12,13,14,15,17,18","5,16,19","1,5,13,14,16,19","5,16,19","5,16,19"
91,20,0.98430222330318,0.049215111165159,-1589.91943744195,-1505.62727547351,FALSE,FALSE,FALSE,"5,19,16,1,2,3,4,6,7,8,9,10,11,12,13,14,15,17,18,20","5,16,19","1,5,13,14,16,19","5,16,19","5,16,19"
92,1,0.303463017182163,0.303463017182163,-73.2459361976438,-69.0313280992216,FALSE,FALSE,FALSE,"20","4","1","4","4,15,20"
92,2,0.809894791729765,0.404947395864883,-720.517557822456,-712.088341625611,FALSE,FALSE,FALSE,"20,4","4,15","1,4","4,15","4,15,20"
92,3,0.96950933607502,0.323169778691673,-1633.59611317911,-1620.95228888384,TRUE,FALSE,TRUE,"20,4,15","4,15,20","1,4,6","4,15,20","4,15,20"
92,4,0.969692015409622,0.242423003852406,-1634.60078332899,-1617.7423509353,FALSE,FALSE,FALSE,"20,4,15,1","4,15,20","1,4,6,9","4,15,20","4,15,20"
92,5,0.969813007430029,0.193962601486006,-1634.60082014883,-1613.52777965672,FALSE,FALSE,FALSE,"20,4,15,1,2","4,15,20","1,4,6,9,15","4,15,20","4,15,20"
92,6,0.969949761276285,0.161658293546048,-1634.87107856319,-1609.58342997266,FALSE,TRUE,FALSE,"20,4,15,1,2,3","4,15,20","1,4,6,9,15,20","4,15,20","4,15,20"
92,7,0.970044938039473,0.138577848291353,-1634.45721915275,-1604.9549624638,FALSE,FALSE,FALSE,"20,4,15,1,2,3,5","4,15,20","1,4,6,9,15,20","4,15,20","4,15,20"
92,8,0.970139326174947,0.121267415771868,-1634.03520214631,-1600.31833735894,FALSE,FALSE,FALSE,"20,4,15,1,2,3,5,6","4,15,20","1,4,6,9,15,20","4,15,20","4,15,20"
92,9,0.970185692207602,0.107798410245289,-1632.81217837201,-1594.88070548621,FALSE,FALSE,FALSE,"20,4,15,1,2,3,5,6,7","4,15,20","1,4,6,9,15,20","4,15,20","4,15,20"
92,10,0.970218973732946,0.0970218973732946,-1631.37063700521,-1589.22455602099,FALSE,FALSE,FALSE,"20,4,15,1,2,3,5,6,7,8","4,15,20","1,4,6,9,15,20","4,15,20","4,15,20"
92,11,0.97025418962882,0.0882049263298927,-1629.96223403894,-1583.60154495629,FALSE,FALSE,FALSE,"20,4,15,1,2,3,5,6,7,8,9","4,15,20","1,4,6,9,15,20","4,15,20","4,15,20"
92,12,0.970277216983777,0.0808564347486481,-1628.34945281773,-1577.77415563666,FALSE,FALSE,FALSE,"20,4,15,1,2,3,5,6,7,8,9,10","4,15,20","1,4,6,9,15,20","4,15,20","4,15,20"
92,13,0.970290404711547,0.0746377234393498,-1626.57134748799,-1571.7814422085,FALSE,FALSE,FALSE,"20,4,15,1,2,3,5,6,7,8,9,10,11","4,15,20","1,4,6,9,15,20","4,15,20","4,15,20"
92,14,0.970298907829386,0.0693070648449561,-1624.71447186948,-1565.70995849157,FALSE,FALSE,FALSE,"20,4,15,1,2,3,5,6,7,8,9,10,11,12","4,15,20","1,4,6,9,15,20","4,15,20","4,15,20"
92,15,0.970299860752022,0.0646866573834682,-1622.73051400554,-1559.51139252921,FALSE,FALSE,FALSE,"20,4,15,1,2,3,5,6,7,8,9,10,11,12,13","4,15,20","1,4,6,9,15,20","4,15,20","4,15,20"
92,16,0.970300716250579,0.0606437947656612,-1620.74491647805,-1553.3111869033,FALSE,FALSE,FALSE,"20,4,15,1,2,3,5,6,7,8,9,10,11,12,13,14","4,15,20","1,4,6,9,15,20","4,15,20","4,15,20"
92,17,0.970301531916193,0.0570765607009525,-1618.75864874213,-1547.11031106895,FALSE,FALSE,FALSE,"20,4,15,1,2,3,5,6,7,8,9,10,11,12,13,14,16","4,15,20","1,4,6,9,15,20","4,15,20","4,15,20"
92,18,0.970301853080551,0.0539056585044751,-1616.76405585764,-1540.90111008604,FALSE,FALSE,FALSE,"20,4,15,1,2,3,5,6,7,8,9,10,11,12,13,14,16,17","4,15,20","1,4,6,9,15,20","4,15,20","4,15,20"
92,19,0.97030198049986,0.0510685252894663,-1614.76620110231,-1534.68864723229,FALSE,FALSE,FALSE,"20,4,15,1,2,3,5,6,7,8,9,10,11,12,13,14,16,17,18","4,15,20","1,4,6,9,15,20","4,15,20","4,15,20"
92,20,0.970301982173425,0.0485150991086713,-1612.76622927868,-1528.47406731023,FALSE,FALSE,FALSE,"20,4,15,1,2,3,5,6,7,8,9,10,11,12,13,14,16,17,18,19","4,15,20","1,4,6,9,15,20","4,15,20","4,15,20"
93,1,0.818990019841687,0.818990019841687,-182.288419592471,-178.073811494049,TRUE,FALSE,FALSE,"12","12","5","9","9,12,14"
93,2,0.940402320176952,0.470201160088476,-735.756181878406,-727.326965681561,FALSE,FALSE,FALSE,"12,14","12","5,9","9,12","9,12,14"
93,3,0.990311685092845,0.330103895030948,-1642.10424866848,-1629.46042437322,FALSE,FALSE,TRUE,"12,14,9","12","5,9,12","9,12,14","9,12,14"
93,4,0.990427300071726,0.247606825017932,-1646.1068590425,-1629.24842664881,FALSE,TRUE,FALSE,"12,14,9,1","12","5,9,12,14","9,12,14","9,12,14"
93,5,0.990457038943182,0.198091407788636,-1645.66259365566,-1624.58955316355,FALSE,FALSE,FALSE,"12,14,9,1,2","12","5,9,12,14","9,12,14","9,12,14"
93,6,0.99047560467934,0.165079267446557,-1644.63628616228,-1619.34863757175,FALSE,FALSE,FALSE,"12,14,9,1,2,3","12","5,9,12,14","9,12,14","9,12,14"
93,7,0.990488894426576,0.141498413489511,-1643.33444217449,-1613.83218548553,FALSE,FALSE,FALSE,"12,14,9,1,2,3,4","12","5,9,12,14","9,12,14","9,12,14"
93,8,0.99050019188661,0.123812523985826,-1641.92870405745,-1608.21183927007,FALSE,FALSE,FALSE,"12,14,9,1,2,3,4,5","12","5,9,12,14","9,12,14","9,12,14"
93,9,0.990508425595649,0.11005649173285,-1640.36225382914,-1602.43078094334,FALSE,FALSE,FALSE,"12,14,9,1,2,3,4,5,6","12","5,9,12,14","9,12,14","9,12,14"
93,10,0.990517124246165,0.0990517124246165,-1638.82069405024,-1596.67461306602,FALSE,FALSE,FALSE,"12,14,9,1,2,3,4,5,6,7","12","5,9,12,14","9,12,14","9,12,14"
93,11,0.990522985596462,0.0900475441451329,-1637.12983879921,-1590.76914971657,FALSE,FALSE,FALSE,"12,14,9,1,2,3,4,5,6,7,8","12","5,9,12,14","9,12,14","9,12,14"
93,12,0.990527815831866,0.0825439846526555,-1635.38474327399,-1584.80944609293,FALSE,FALSE,FALSE,"12,14,9,1,2,3,4,5,6,7,8,10","12","5,9,12,14","9,12,14","9,12,14"
93,13,0.990533267017243,0.0761948666936341,-1633.67257311577,-1578.88266783628,FALSE,FALSE,FALSE,"12,14,9,1,2,3,4,5,6,7,8,10,11","12","5,9,12,14","9,12,14","9,12,14"
93,14,0.9905367949556,0.0707526282111143,-1631.85894131166,-1572.85442793375,FALSE,FALSE,FALSE,"12,14,9,1,2,3,4,5,6,7,8,10,11,13","12","5,9,12,14","9,12,14","9,12,14"
93,15,0.990540687046512,0.0660360458031008,-1630.06462699086,-1566.84550551452,FALSE,FALSE,FALSE,"12,14,9,1,2,3,4,5,6,7,8,10,11,13,15","12","5,9,12,14","9,12,14","9,12,14"
93,16,0.990542643214558,0.0619089152009098,-1628.16803673895,-1560.73430716419,FALSE,FALSE,FALSE,"12,14,9,1,2,3,4,5,6,7,8,10,11,13,15,16","12","5,9,12,14","9,12,14","9,12,14"
93,17,0.990543822450724,0.058267283673572,-1626.23038553885,-1554.58204786567,FALSE,FALSE,FALSE,"12,14,9,1,2,3,4,5,6,7,8,10,11,13,15,16,17","12","5,9,12,14","9,12,14","9,12,14"
93,18,0.990544046092503,0.0550302247829168,-1624.24221084686,-1548.37926507526,FALSE,FALSE,FALSE,"12,14,9,1,2,3,4,5,6,7,8,10,11,13,15,16,17,18","12","5,9,12,14","9,12,14","9,12,14"
93,19,0.990544247693408,0.0521339077733373,-1622.25287095878,-1542.17531708876,FALSE,FALSE,FALSE,"12,14,9,1,2,3,4,5,6,7,8,10,11,13,15,16,17,18,19","12","5,9,12,14","9,12,14","9,12,14"
93,20,0.990544267610168,0.0495272133805084,-1620.25392411565,-1535.96176214721,FALSE,FALSE,FALSE,"12,14,9,1,2,3,4,5,6,7,8,10,11,13,15,16,17,18,19,20","12","5,9,12,14","9,12,14","9,12,14"
94,1,0.743171275550563,0.743171275550563,-417.455343570043,-413.240735471621,TRUE,FALSE,FALSE,"9","9","1","9","9,11,15"
94,2,0.839524076588717,0.419762038294358,-650.588093307167,-642.158877110323,FALSE,FALSE,FALSE,"9,15","9","1,6","9,11","9,11,15"
94,3,0.977338756397373,0.325779585465791,-1627.33198648802,-1614.68816219275,FALSE,FALSE,TRUE,"9,15,11","9","1,6,9","9,11,15","9,11,15"
94,4,0.977557470017915,0.244389367504479,-1630.1811447171,-1613.32271232341,FALSE,FALSE,FALSE,"9,15,11,1","9","1,6,9,11","9,11,15","9,11,15"
94,5,0.97765610027822,0.195531220055644,-1630.38338366326,-1609.31034317115,FALSE,FALSE,FALSE,"9,15,11,1,2","9","1,6,9,11,12","9,11,15","9,11,15"
94,6,0.977751880339545,0.162958646723257,-1630.53130631731,-1605.24365772677,FALSE,FALSE,FALSE,"9,15,11,1,2,3","9","1,6,9,11,12,15","9,11,15","9,11,15"
94,7,0.9778377765284,0.139691110932629,-1630.46545701076,-1600.96320032181,FALSE,FALSE,FALSE,"9,15,11,1,2,3,4","9","1,6,9,11,12,15,16","9,11,15","9,11,15"
94,8,0.977944271677414,0.122243033959677,-1630.87387600353,-1597.15701121615,FALSE,TRUE,FALSE,"9,15,11,1,2,3,4,5","9","1,6,9,11,12,15,16,18","9,11,15","9,11,15"
94,9,0.978007792878498,0.108667532542055,-1630.3159695881,-1592.3844967023,FALSE,FALSE,FALSE,"9,15,11,1,2,3,4,5,6","9","1,6,9,11,12,15,16,18","9,11,15","9,11,15"
94,10,0.978050937467064,0.0978050937467064,-1629.29783931488,-1587.15175833066,FALSE,FALSE,FALSE,"9,15,11,1,2,3,4,5,6,7","9","1,6,9,11,12,15,16,18","9,11,15","9,11,15"
94,11,0.978091848389386,0.0889174407626715,-1628.2306604023,-1581.86997131966,FALSE,FALSE,FALSE,"9,15,11,1,2,3,4,5,6,7,8","9","1,6,9,11,12,15,16,18","9,11,15","9,11,15"
94,12,0.978131826170639,0.0815109855142199,-1627.14388900165,-1576.56859182059,FALSE,FALSE,FALSE,"9,15,11,1,2,3,4,5,6,7,8,10","9","1,6,9,11,12,15,16,18","9,11,15","9,11,15"
94,13,0.978164193642025,0.075243399510925,-1625.88449608515,-1571.09459080566,FALSE,FALSE,FALSE,"9,15,11,1,2,3,4,5,6,7,8,10,12","9","1,6,9,11,12,15,16,18","9,11,15","9,11,15"
94,14,0.978190012968154,0.069870715212011,-1624.47606120828,-1565.47154783037,FALSE,FALSE,FALSE,"9,15,11,1,2,3,4,5,6,7,8,10,12,13","9","1,6,9,11,12,15,16,18","9,11,15","9,11,15"
94,15,0.978206804587007,0.0652137869724671,-1622.86116199088,-1559.64204051455,FALSE,FALSE,FALSE,"9,15,11,1,2,3,4,5,6,7,8,10,12,13,14","9","1,6,9,11,12,15,16,18","9,11,15","9,11,15"
94,16,0.978222977093433,0.0611389360683396,-1621.23234459664,-1553.79861502188,FALSE,FALSE,FALSE,"9,15,11,1,2,3,4,5,6,7,8,10,12,13,14,16","9","1,6,9,11,12,15,16,18","9,11,15","9,11,15"
94,17,0.978229680697144,0.0575429223939496,-1619.38628289512,-1547.73794522195,FALSE,FALSE,FALSE,"9,15,11,1,2,3,4,5,6,7,8,10,12,13,14,16,17","9","1,6,9,11,12,15,16,18","9,11,15","9,11,15"
94,18,0.978235111662414,0.0543463950923563,-1617.51103170403,-1541.64808593243,FALSE,FALSE,FALSE,"9,15,11,1,2,3,4,5,6,7,8,10,12,13,14,16,17,18","9","1,6,9,11,12,15,16,18","9,11,15","9,11,15"
94,19,0.97823726632871,0.0514861719120374,-1615.56053282994,-1535.48297895992,FALSE,FALSE,FALSE,"9,15,11,1,2,3,4,5,6,7,8,10,12,13,14,16,17,18,19","9","1,6,9,11,12,15,16,18","9,11,15","9,11,15"
94,20,0.978237836407068,0.0489118918203534,-1613.57363058303,-1529.28146861459,FALSE,FALSE,FALSE,"9,15,11,1,2,3,4,5,6,7,8,10,12,13,14,16,17,18,19,20","9","1,6,9,11,12,15,16,18","9,11,15","9,11,15"
95,1,0.702599043743554,0.702599043743554,-147.887123286104,-143.672515187681,TRUE,FALSE,FALSE,"6","6","2","5","5,6,7"
95,2,0.817063959224127,0.408531979612063,-388.859454093788,-380.430237896944,FALSE,FALSE,FALSE,"6,5","6","2,5","5,6","5,6,7"
95,3,0.983410096879164,0.327803365626388,-1587.03061570401,-1574.38679140875,FALSE,FALSE,TRUE,"6,5,7","6","2,5,6","5,6,7","5,6,7"
95,4,0.983485079000645,0.245871269750161,-1587.29561035956,-1570.43717796587,FALSE,FALSE,FALSE,"6,5,7,1","6","2,5,6,7","5,6,7","5,6,7"
95,5,0.983565408573288,0.196713081714658,-1587.73357456236,-1566.66053407025,FALSE,TRUE,FALSE,"6,5,7,1,2","6","2,5,6,7,20","5,6,7","5,6,7"
95,6,0.983624903430607,0.163937483905101,-1587.54690855492,-1562.25925996439,FALSE,FALSE,FALSE,"6,5,7,1,2,3","6","2,5,6,7,20","5,6,7","5,6,7"
95,7,0.983683600122479,0.140526228588926,-1587.34238326014,-1557.84012657119,FALSE,FALSE,FALSE,"6,5,7,1,2,3,4","6","2,5,6,7,20","5,6,7","5,6,7"
95,8,0.983719901976779,0.122964987747097,-1586.45605717131,-1552.73919238393,FALSE,FALSE,FALSE,"6,5,7,1,2,3,4,8","6","2,5,6,7,20","5,6,7","5,6,7"
95,9,0.983750875572117,0.109305652841346,-1585.40823500913,-1547.47676212333,FALSE,FALSE,FALSE,"6,5,7,1,2,3,4,8,9","6","2,5,6,7,20","5,6,7","5,6,7"
95,10,0.983775907265348,0.0983775907265348,-1584.17907634781,-1542.03299536359,FALSE,FALSE,FALSE,"6,5,7,1,2,3,4,8,9,10","6","2,5,6,7,20","5,6,7","5,6,7"
95,11,0.983804471368113,0.0894367701243739,-1583.06015110907,-1536.69946202642,FALSE,FALSE,FALSE,"6,5,7,1,2,3,4,8,9,10,11","6","2,5,6,7,20","5,6,7","5,6,7"
95,12,0.98382902083272,0.08198575173606,-1581.81863483141,-1531.24333765034,FALSE,FALSE,FALSE,"6,5,7,1,2,3,4,8,9,10,11,12","6","2,5,6,7,20","5,6,7","5,6,7"
95,13,0.983839744310382,0.0756799803315679,-1580.15031031809,-1525.3604050386,FALSE,FALSE,FALSE,"6,5,7,1,2,3,4,8,9,10,11,12,13","6","2,5,6,7,20","5,6,7","5,6,7"
95,14,0.983845191403776,0.0702746565288411,-1578.31887236695,-1519.31435898904,FALSE,FALSE,FALSE,"6,5,7,1,2,3,4,8,9,10,11,12,13,14","6","2,5,6,7,20","5,6,7","5,6,7"
95,15,0.983849934319309,0.0655899956212872,-1576.4656897025,-1513.24656822617,FALSE,FALSE,FALSE,"6,5,7,1,2,3,4,8,9,10,11,12,13,14,15","6","2,5,6,7,20","5,6,7","5,6,7"
95,16,0.983853047256201,0.0614908154535126,-1574.56207435513,-1507.12834478038,FALSE,FALSE,FALSE,"6,5,7,1,2,3,4,8,9,10,11,12,13,14,15,16","6","2,5,6,7,20","5,6,7","5,6,7"
95,17,0.983856658187366,0.0578739210698451,-1572.67390149175,-1501.02556381857,FALSE,FALSE,FALSE,"6,5,7,1,2,3,4,8,9,10,11,12,13,14,15,16,17","6","2,5,6,7,20","5,6,7","5,6,7"
95,18,0.98385839606792,0.0546587997815511,-1570.7277309319,-1494.8647851603,FALSE,FALSE,FALSE,"6,5,7,1,2,3,4,8,9,10,11,12,13,14,15,16,17,18","6","2,5,6,7,20","5,6,7","5,6,7"
95,19,0.98385945256311,0.05178207645069,-1568.76045784589,-1488.68290397586,FALSE,FALSE,FALSE,"6,5,7,1,2,3,4,8,9,10,11,12,13,14,15,16,17,18,19","6","2,5,6,7,20","5,6,7","5,6,7"
95,20,0.983859462328907,0.0491929731164453,-1566.76076036969,-1482.46859840125,FALSE,FALSE,FALSE,"6,5,7,1,2,3,4,8,9,10,11,12,13,14,15,16,17,18,19,20","6","2,5,6,7,20","5,6,7","5,6,7"
96,1,0.555838289134702,0.555838289134702,81.6984668608124,85.9130749592346,TRUE,FALSE,FALSE,"10","10","7","7","7,10,12"
96,2,0.717080014245183,0.358540007122592,-141.813827122134,-133.384610925289,FALSE,FALSE,FALSE,"10,7","10","7,10","7,10","7,10,12"
96,3,0.986587758176309,0.32886258605877,-1664.31195861127,-1651.668134316,FALSE,FALSE,TRUE,"10,7,12","10","7,10,12","7,10,12","7,10,12"
96,4,0.986718311762932,0.246679577940733,-1667.2027569039,-1650.34432451022,FALSE,TRUE,FALSE,"10,7,12,1","10","7,10,12,13","7,10,12","7,10,12"
96,5,0.986757569012424,0.197351513802485,-1666.68281653659,-1645.60977604448,FALSE,FALSE,FALSE,"10,7,12,1,2","10","7,10,12,13","7,10,12","7,10,12"
96,6,0.98679939618232,0.164466566030387,-1666.26460187585,-1640.97695328532,FALSE,FALSE,FALSE,"10,7,12,1,2,3","10","7,10,12,13","7,10,12","7,10,12"
96,7,0.986839415905093,0.140977059415013,-1665.78273351889,-1636.28047682994,FALSE,FALSE,FALSE,"10,7,12,1,2,3,4","10","7,10,12,13","7,10,12","7,10,12"
96,8,0.986875234126819,0.123359404265852,-1665.14540298838,-1631.428538201,FALSE,FALSE,FALSE,"10,7,12,1,2,3,4,5","10","7,10,12,13","7,10,12","7,10,12"
96,9,0.986907488766174,0.109656387640686,-1664.37568542755,-1626.44421254175,FALSE,FALSE,FALSE,"10,7,12,1,2,3,4,5,6","10","7,10,12,13","7,10,12","7,10,12"
96,10,0.986922477899163,0.0986922477899163,-1662.94844490541,-1620.80236392119,FALSE,FALSE,FALSE,"10,7,12,1,2,3,4,5,6,8","10","7,10,12,13","7,10,12","7,10,12"
96,11,0.986931512531873,0.0897210465938067,-1661.29399029529,-1614.93330121264,FALSE,FALSE,FALSE,"10,7,12,1,2,3,4,5,6,8,9","10","7,10,12,13","7,10,12","7,10,12"
96,12,0.986941540021117,0.0822451283350931,-1659.67778904394,-1609.10249186287,FALSE,FALSE,FALSE,"10,7,12,1,2,3,4,5,6,8,9,11","10","7,10,12,13","7,10,12","7,10,12"
96,13,0.98694872514799,0.0759191327036916,-1657.95297862747,-1603.16307334798,FALSE,FALSE,FALSE,"10,7,12,1,2,3,4,5,6,8,9,11,13","10","7,10,12,13","7,10,12","7,10,12"
96,14,0.986953361858066,0.0704966687041476,-1656.13064456291,-1597.126131185,FALSE,FALSE,FALSE,"10,7,12,1,2,3,4,5,6,8,9,11,13,14","10","7,10,12,13","7,10,12","7,10,12"
96,15,0.986956510231305,0.065797100682087,-1654.2513175341,-1591.03219605776,FALSE,FALSE,FALSE,"10,7,12,1,2,3,4,5,6,8,9,11,13,14,15","10","7,10,12,13","7,10,12","7,10,12"
96,16,0.98695897082829,0.0616849356767681,-1652.34564923322,-1584.91191965846,FALSE,FALSE,FALSE,"10,7,12,1,2,3,4,5,6,8,9,11,13,14,15,16","10","7,10,12,13","7,10,12","7,10,12"
96,17,0.986960982565964,0.0580565283862332,-1650.42278627626,-1578.77444860309,FALSE,FALSE,FALSE,"10,7,12,1,2,3,4,5,6,8,9,11,13,14,15,16,17","10","7,10,12,13","7,10,12","7,10,12"
96,18,0.986961470845716,0.054831192824762,-1648.44151042083,-1572.57856464923,FALSE,FALSE,FALSE,"10,7,12,1,2,3,4,5,6,8,9,11,13,14,15,16,17,18","10","7,10,12,13","7,10,12","7,10,12"
96,19,0.98696197818199,0.0519453672727363,-1646.46096607179,-1566.38341220177,FALSE,FALSE,FALSE,"10,7,12,1,2,3,4,5,6,8,9,11,13,14,15,16,17,18,19","10","7,10,12,13","7,10,12","7,10,12"
96,20,0.986962203651993,0.0493481101825996,-1644.46961278047,-1560.17745081202,FALSE,FALSE,FALSE,"10,7,12,1,2,3,4,5,6,8,9,11,13,14,15,16,17,18,19,20","10","7,10,12,13","7,10,12","7,10,12"
97,1,0.541477345926063,0.541477345926063,-133.884701786397,-129.670093687975,FALSE,FALSE,FALSE,"14","6","3","6","6,14,20"
97,2,0.868684116447016,0.434342058223508,-757.086678848856,-748.657462652011,FALSE,FALSE,FALSE,"14,6","6,14","3,4","6,14","6,14,20"
97,3,0.977279748912621,0.325759916304207,-1632.2612289896,-1619.61740469433,TRUE,FALSE,TRUE,"14,6,20","6,14,20","3,4,6","6,14,20","6,14,20"
97,4,0.977509047740529,0.244377261935132,-1635.33299830787,-1618.47456591418,FALSE,FALSE,FALSE,"14,6,20,1","6,14,20","3,4,6,14","6,14,20","6,14,20"
97,5,0.977604956592306,0.195520991318461,-1635.46972260933,-1614.39668211722,FALSE,TRUE,FALSE,"14,6,20,1,2","6,14,20","3,4,6,14,20","6,14,20","6,14,20"
97,6,0.977651814277808,0.162941969046301,-1634.5169805642,-1609.22933197367,FALSE,FALSE,FALSE,"14,6,20,1,2,3","6,14,20","3,4,6,14,20","6,14,20","6,14,20"
97,7,0.977685118175049,0.139669302596436,-1633.26265042617,-1603.76039373722,FALSE,FALSE,FALSE,"14,6,20,1,2,3,4","6,14,20","3,4,6,14,20","6,14,20","6,14,20"
97,8,0.977714654126735,0.122214331765842,-1631.92488821124,-1598.20802342386,FALSE,FALSE,FALSE,"14,6,20,1,2,3,4,5","6,14,20","3,4,6,14,20","6,14,20","6,14,20"
97,9,0.977728089140237,0.108636454348915,-1630.22641067679,-1592.29493779099,FALSE,FALSE,FALSE,"14,6,20,1,2,3,4,5,7","6,14,20","3,4,6,14,20","6,14,20","6,14,20"
97,10,0.977746713874512,0.0977746713874512,-1628.64470720601,-1586.49862622179,FALSE,FALSE,FALSE,"14,6,20,1,2,3,4,5,7,8","6,14,20","3,4,6,14,20","6,14,20","6,14,20"
97,11,0.977762631853361,0.0888875119866692,-1627.00248975133,-1580.64180066868,FALSE,FALSE,FALSE,"14,6,20,1,2,3,4,5,7,8,9","6,14,20","3,4,6,14,20","6,14,20","6,14,20"
97,12,0.977777801969866,0.0814814834974889,-1625.34370129247,-1574.76840411141,FALSE,FALSE,FALSE,"14,6,20,1,2,3,4,5,7,8,9,10","6,14,20","3,4,6,14,20","6,14,20","6,14,20"
97,13,0.977785677811094,0.0752142829085457,-1623.52093932262,-1568.73103404313,FALSE,FALSE,FALSE,"14,6,20,1,2,3,4,5,7,8,9,10,11","6,14,20","3,4,6,14,20","6,14,20","6,14,20"
97,14,0.977793905950991,0.0698424218536422,-1621.70617261595,-1562.70165923804,FALSE,FALSE,FALSE,"14,6,20,1,2,3,4,5,7,8,9,10,11,12","6,14,20","3,4,6,14,20","6,14,20","6,14,20"
97,15,0.977797934803907,0.0651865289869271,-1619.79689587482,-1556.57777439849,FALSE,FALSE,FALSE,"14,6,20,1,2,3,4,5,7,8,9,10,11,12,13","6,14,20","3,4,6,14,20","6,14,20","6,14,20"
97,16,0.977802101888129,0.061112631368008,-1617.89074920089,-1550.45701962613,FALSE,FALSE,FALSE,"14,6,20,1,2,3,4,5,7,8,9,10,11,12,13,15","6,14,20","3,4,6,14,20","6,14,20","6,14,20"
97,17,0.977805938591873,0.0575179963877573,-1615.977177099,-1544.32883942582,FALSE,FALSE,FALSE,"14,6,20,1,2,3,4,5,7,8,9,10,11,12,13,15,16","6,14,20","3,4,6,14,20","6,14,20","6,14,20"
97,18,0.977807507200638,0.0543226392889243,-1614.01251682728,-1538.14957105568,FALSE,FALSE,FALSE,"14,6,20,1,2,3,4,5,7,8,9,10,11,12,13,15,16,17","6,14,20","3,4,6,14,20","6,14,20","6,14,20"
97,19,0.97780860517877,0.0514636107988826,-1612.03725504179,-1531.95970117177,FALSE,FALSE,FALSE,"14,6,20,1,2,3,4,5,7,8,9,10,11,12,13,15,16,17,18","6,14,20","3,4,6,14,20","6,14,20","6,14,20"
97,20,0.977808664876978,0.0488904332438489,-1610.03860011922,-1525.74643815077,FALSE,FALSE,FALSE,"14,6,20,1,2,3,4,5,7,8,9,10,11,12,13,15,16,17,18,19","6,14,20","3,4,6,14,20","6,14,20","6,14,20"
98,1,0.534507914101335,0.534507914101335,18.0559268392439,22.2705349376661,TRUE,FALSE,FALSE,"5","5","5","5","5,7,20"
98,2,0.752797174206442,0.376398587103221,-296.387042440196,-287.957826243352,FALSE,FALSE,FALSE,"5,20","5","5,6","5,7","5,7,20"
98,3,0.982958913488605,0.327652971162868,-1631.67797991403,-1619.03415561876,FALSE,FALSE,TRUE,"5,20,7","5","5,6,7","5,7,20","5,7,20"
98,4,0.983073830053653,0.245768457513413,-1633.06114992747,-1616.20271753378,FALSE,FALSE,FALSE,"5,20,7,1","5","5,6,7,8","5,7,20","5,7,20"
98,5,0.983161099090615,0.196632219818123,-1633.64575079085,-1612.57271029874,FALSE,FALSE,FALSE,"5,20,7,1,2","5","5,6,7,8,13","5,7,20","5,7,20"
98,6,0.983240464623136,0.163873410770523,-1634.00793453839,-1608.72028594785,FALSE,TRUE,FALSE,"5,20,7,1,2,3","5","5,6,7,8,13,20","5,7,20","5,7,20"
98,7,0.983287583358598,0.140469654765514,-1633.41564349305,-1603.9133868041,FALSE,FALSE,FALSE,"5,20,7,1,2,3,4","5","5,6,7,8,13,20","5,7,20","5,7,20"
98,8,0.98333877682516,0.122917347103145,-1632.94959385017,-1599.23272906279,FALSE,FALSE,FALSE,"5,20,7,1,2,3,4,6","5","5,6,7,8,13,20","5,7,20","5,7,20"
98,9,0.983367179907721,0.109263019989747,-1631.8026920823,-1593.8712191965,FALSE,FALSE,FALSE,"5,20,7,1,2,3,4,6,8","5","5,6,7,8,13,20","5,7,20","5,7,20"
98,10,0.983390684977457,0.0983390684977457,-1630.5097788435,-1588.36369785928,FALSE,FALSE,FALSE,"5,20,7,1,2,3,4,6,8,9","5","5,6,7,8,13,20","5,7,20","5,7,20"
98,11,0.983414980401189,0.0894013618546536,-1629.24169374246,-1582.88100465982,FALSE,FALSE,FALSE,"5,20,7,1,2,3,4,6,8,9,10","5","5,6,7,8,13,20","5,7,20","5,7,20"
98,12,0.983436207795164,0.0819530173162637,-1627.88206049231,-1577.30676331125,FALSE,FALSE,FALSE,"5,20,7,1,2,3,4,6,8,9,10,11","5","5,6,7,8,13,20","5,7,20","5,7,20"
98,13,0.983456703248453,0.0756505156344964,-1626.50112597206,-1571.71122069257,FALSE,FALSE,FALSE,"5,20,7,1,2,3,4,6,8,9,10,11,12","5","5,6,7,8,13,20","5,7,20","5,7,20"
98,14,0.98347476126823,0.070248197233445,-1625.04720463287,-1566.04269125496,FALSE,FALSE,FALSE,"5,20,7,1,2,3,4,6,8,9,10,11,12,13","5","5,6,7,8,13,20","5,7,20","5,7,20"
98,15,0.983478666368546,0.0655652444245697,-1623.16537423578,-1559.94625275945,FALSE,FALSE,FALSE,"5,20,7,1,2,3,4,6,8,9,10,11,12,13,14","5","5,6,7,8,13,20","5,7,20","5,7,20"
98,16,0.983479696258726,0.0614674810161704,-1621.19654370141,-1553.76281412665,FALSE,FALSE,FALSE,"5,20,7,1,2,3,4,6,8,9,10,11,12,13,14,15","5","5,6,7,8,13,20","5,7,20","5,7,20"
98,17,0.983480666295437,0.0578518038997316,-1619.22590348822,-1547.57756581505,FALSE,FALSE,FALSE,"5,20,7,1,2,3,4,6,8,9,10,11,12,13,14,15,16","5","5,6,7,8,13,20","5,7,20","5,7,20"
98,18,0.983481472762177,0.0546378595978987,-1617.25031386821,-1541.38736809661,FALSE,FALSE,FALSE,"5,20,7,1,2,3,4,6,8,9,10,11,12,13,14,15,16,17","5","5,6,7,8,13,20","5,7,20","5,7,20"
98,19,0.983482153616366,0.0517622186113877,-1615.2709230972,-1535.19336922718,FALSE,FALSE,FALSE,"5,20,7,1,2,3,4,6,8,9,10,11,12,13,14,15,16,17,18","5","5,6,7,8,13,20","5,7,20","5,7,20"
98,20,0.983482434670929,0.0491741217335464,-1613.27943077272,-1528.98726880427,FALSE,FALSE,FALSE,"5,20,7,1,2,3,4,6,8,9,10,11,12,13,14,15,16,17,18,19","5","5,6,7,8,13,20","5,7,20","5,7,20"
99,1,0.344373680138409,0.344373680138409,122.290884749889,126.505492848311,FALSE,FALSE,FALSE,"10","2","1","2","2,10,12"
99,2,0.723098182971379,0.361549091485689,-306.673115294613,-298.243899097768,FALSE,FALSE,FALSE,"10,2","2,10","1,2","2,10","2,10,12"
99,3,0.978738355101112,0.326246118367037,-1588.05224113302,-1575.40841683775,TRUE,FALSE,TRUE,"10,2,12","2,10,12","1,2,7","2,10,12","2,10,12"
99,4,0.978887143884067,0.244721785971017,-1589.56353662614,-1572.70510423245,FALSE,FALSE,FALSE,"10,2,12,1","2,10,12","1,2,7,10","2,10,12","2,10,12"
99,5,0.979093075958488,0.195818615191698,-1592.4644124132,-1571.39137192109,FALSE,FALSE,FALSE,"10,2,12,1,3","2,10,12","1,2,7,10,12","2,10,12","2,10,12"
99,6,0.979276081863982,0.163212680310664,-1594.86036202038,-1569.57271342984,FALSE,FALSE,FALSE,"10,2,12,1,3,4","2,10,12","1,2,7,10,12,15","2,10,12","2,10,12"
99,7,0.97945144507754,0.139921635011077,-1597.10930219447,-1567.60704550552,FALSE,FALSE,FALSE,"10,2,12,1,3,4,5","2,10,12","1,2,7,10,12,15,16","2,10,12","2,10,12"
99,8,0.97954284310612,0.122442855388265,-1597.33821557968,-1563.6213507923,FALSE,TRUE,FALSE,"10,2,12,1,3,4,5,6","2,10,12","1,2,7,10,12,15,16,17","2,10,12","2,10,12"
99,9,0.97960076906741,0.108844529896379,-1596.75601101349,-1558.82453812769,FALSE,FALSE,FALSE,"10,2,12,1,3,4,5,6,7","2,10,12","1,2,7,10,12,15,16,17","2,10,12","2,10,12"
99,10,0.979639137352044,0.0979639137352044,-1595.69733112826,-1553.55125014404,FALSE,FALSE,FALSE,"10,2,12,1,3,4,5,6,7,8","2,10,12","1,2,7,10,12,15,16,17","2,10,12","2,10,12"
99,11,0.979685698512484,0.0890623362284076,-1594.84203900509,-1548.48134992244,FALSE,FALSE,FALSE,"10,2,12,1,3,4,5,6,7,8,9","2,10,12","1,2,7,10,12,15,16,17","2,10,12","2,10,12"
99,12,0.979716287889727,0.0816430239908106,-1593.59550894907,-1543.02021176801,FALSE,FALSE,FALSE,"10,2,12,1,3,4,5,6,7,8,9,11","2,10,12","1,2,7,10,12,15,16,17","2,10,12","2,10,12"
99,13,0.979738200476544,0.0753644769597342,-1592.13595320709,-1537.3460479276,FALSE,FALSE,FALSE,"10,2,12,1,3,4,5,6,7,8,9,11,13","2,10,12","1,2,7,10,12,15,16,17","2,10,12","2,10,12"
99,14,0.979761845129459,0.0699829889378185,-1590.71977252132,-1531.71525914341,FALSE,FALSE,FALSE,"10,2,12,1,3,4,5,6,7,8,9,11,13,14","2,10,12","1,2,7,10,12,15,16,17","2,10,12","2,10,12"
99,15,0.979774420563027,0.0653182947042018,-1589.03055535412,-1525.81143387779,FALSE,FALSE,FALSE,"10,2,12,1,3,4,5,6,7,8,9,11,13,14,15","2,10,12","1,2,7,10,12,15,16,17","2,10,12","2,10,12"
99,16,0.979783920480321,0.0612364950300201,-1587.2654596017,-1519.83173002695,FALSE,FALSE,FALSE,"10,2,12,1,3,4,5,6,7,8,9,11,13,14,15,16","2,10,12","1,2,7,10,12,15,16,17","2,10,12","2,10,12"
99,17,0.979789277338482,0.0576346633728519,-1585.39796719328,-1513.7496295201,FALSE,FALSE,FALSE,"10,2,12,1,3,4,5,6,7,8,9,11,13,14,15,16,17","2,10,12","1,2,7,10,12,15,16,17","2,10,12","2,10,12"
99,18,0.979794194775363,0.0544330108208535,-1583.51963615305,-1507.65669038145,FALSE,FALSE,FALSE,"10,2,12,1,3,4,5,6,7,8,9,11,13,14,15,16,17,18","2,10,12","1,2,7,10,12,15,16,17","2,10,12","2,10,12"
99,19,0.979796787744375,0.0515682519865461,-1581.5838042318,-1501.50625036178,FALSE,FALSE,FALSE,"10,2,12,1,3,4,5,6,7,8,9,11,13,14,15,16,17,18,19","2,10,12","1,2,7,10,12,15,16,17","2,10,12","2,10,12"
99,20,0.979796818833448,0.0489898409416724,-1579.58457364155,-1495.2924116731,FALSE,FALSE,FALSE,"10,2,12,1,3,4,5,6,7,8,9,11,13,14,15,16,17,18,19,20","2,10,12","1,2,7,10,12,15,16,17","2,10,12","2,10,12"
100,1,0.489074901593509,0.489074901593509,-54.6564540985084,-50.4418460000863,TRUE,FALSE,FALSE,"8","8","1","8","8,17,19"
100,2,0.685825975902384,0.342912987951192,-295.794429968988,-287.365213772144,FALSE,FALSE,FALSE,"8,19","8","1,8","8,17","8,17,19"
100,3,0.977618790298546,0.325872930099516,-1614.6570774913,-1602.01325319603,FALSE,FALSE,TRUE,"8,19,17","8","1,8,16","8,17,19","8,17,19"
100,4,0.977832614716821,0.244458153679205,-1617.45691596896,-1600.59848357527,FALSE,FALSE,FALSE,"8,19,17,1","8","1,8,16,17","8,17,19","8,17,19"
100,5,0.97799557859928,0.195599115719856,-1619.14625163508,-1598.07321114297,FALSE,TRUE,FALSE,"8,19,17,1,2","8","1,8,16,17,19","8,17,19","8,17,19"
100,6,0.978067089771284,0.163011181628547,-1618.77382510158,-1593.48617651104,FALSE,FALSE,FALSE,"8,19,17,1,2,3","8","1,8,16,17,19","8,17,19","8,17,19"
100,7,0.978147149034976,0.139735307004997,-1618.60225860888,-1589.10000191993,FALSE,FALSE,FALSE,"8,19,17,1,2,3,4","8","1,8,16,17,19","8,17,19","8,17,19"
100,8,0.978212839787737,0.122276604973467,-1618.10754700374,-1584.39068221636,FALSE,FALSE,FALSE,"8,19,17,1,2,3,4,5","8","1,8,16,17,19","8,17,19","8,17,19"
100,9,0.978259829408763,0.108695536600974,-1617.18709032543,-1579.25561743963,FALSE,FALSE,FALSE,"8,19,17,1,2,3,4,5,6","8","1,8,16,17,19","8,17,19","8,17,19"
100,10,0.97829956108503,0.097829956108503,-1616.101711179,-1573.95563019478,FALSE,FALSE,FALSE,"8,19,17,1,2,3,4,5,6,7","8","1,8,16,17,19","8,17,19","8,17,19"
100,11,0.978335741492157,0.0889396128629234,-1614.93603996883,-1568.57535088619,FALSE,FALSE,FALSE,"8,19,17,1,2,3,4,5,6,7,9","8","1,8,16,17,19","8,17,19","8,17,19"
100,12,0.978369101195361,0.0815307584329468,-1613.70655824101,-1563.13126105994,FALSE,FALSE,FALSE,"8,19,17,1,2,3,4,5,6,7,9,10","8","1,8,16,17,19","8,17,19","8,17,19"
100,13,0.978398046634116,0.0752613882026243,-1612.37608249459,-1557.5861772151,FALSE,FALSE,FALSE,"8,19,17,1,2,3,4,5,6,7,9,10,11","8","1,8,16,17,19","8,17,19","8,17,19"
100,14,0.978422055136088,0.0698872896525777,-1610.93209363473,-1551.92758025682,FALSE,FALSE,FALSE,"8,19,17,1,2,3,4,5,6,7,9,10,11,12","8","1,8,16,17,19","8,17,19","8,17,19"
100,15,0.978438966529675,0.0652292644353116,-1609.324114844,-1546.10499336767,FALSE,FALSE,FALSE,"8,19,17,1,2,3,4,5,6,7,9,10,11,12,13","8","1,8,16,17,19","8,17,19","8,17,19"
100,16,0.978457244368591,0.061153577773037,-1607.74815737931,-1540.31442780455,FALSE,FALSE,FALSE,"8,19,17,1,2,3,4,5,6,7,9,10,11,12,13,14","8","1,8,16,17,19","8,17,19","8,17,19"
100,17,0.978471151882733,0.0575571265813372,-1606.07105026963,-1534.42271259646,FALSE,FALSE,FALSE,"8,19,17,1,2,3,4,5,6,7,9,10,11,12,13,14,15","8","1,8,16,17,19","8,17,19","8,17,19"
100,18,0.978483236993142,0.0543601798329523,-1604.35180155671,-1528.48885578511,FALSE,FALSE,FALSE,"8,19,17,1,2,3,4,5,6,7,9,10,11,12,13,14,15,16","8","1,8,16,17,19","8,17,19","8,17,19"
100,19,0.978485914499851,0.0514992586578869,-1602.41402451548,-1522.33647064546,FALSE,FALSE,FALSE,"8,19,17,1,2,3,4,5,6,7,9,10,11,12,13,14,15,16,18","8","1,8,16,17,19","8,17,19","8,17,19"
100,20,0.978486508744107,0.0489243254372054,-1600.42783529223,-1516.13567332378,FALSE,FALSE,FALSE,"8,19,17,1,2,3,4,5,6,7,9,10,11,12,13,14,15,16,18,20","8","1,8,16,17,19","8,17,19","8,17,19"
