"iteration","p","R2","M_p","AIC","BIC","selected_by_Mp","selected_by_AIC","selected_by_BIC","subset_p","subset_Mp","subset_AIC","subset_BIC","support_true"
1,1,0.314372715359197,0.314372715359197,98.9580488108218,103.172656909244,FALSE,FALSE,FALSE,"1","1","1","1","1,3,7"
1,2,0.671038236519828,0.335519118259914,-266.238271008885,-257.809054812041,FALSE,FALSE,FALSE,"1,3","1,2","1,3","1,3","1,3,7"
1,3,0.976893532253471,0.325631177417824,-1592.15274911932,-1579.50892482406,FALSE,TRUE,TRUE,"1,3,7","1,2,3","1,3,7","1,3,7","1,3,7"
1,4,0.976971081242258,0.244242770310565,-1591.83365108416,-1574.97521869048,FALSE,FALSE,FALSE,"1,3,7,2","1,2,3,4","1,3,7","1,3,7","1,3,7"
1,5,0.977058633967037,0.195411726793407,-1591.73820379769,-1570.66516330558,FALSE,FALSE,FALSE,"1,3,7,2,4","1,2,3,4,5","1,3,7","1,3,7","1,3,7"
1,6,0.97713587712437,0.162855979520728,-1591.42453511721,-1566.13688652667,FALSE,FALSE,FALSE,"1,3,7,2,4,5","1,2,3,4,5,6","1,3,7","1,3,7","1,3,7"
1,7,0.977168558964136,0.139595508423448,-1590.13974338998,-1560.63748670102,FALSE,FALSE,FALSE,"1,3,7,2,4,5,6","1,2,3,4,5,6,7","1,3,7","1,3,7","1,3,7"
1,8,0.977201037481063,0.122150129685133,-1588.85151711717,-1555.13465232979,FALSE,FALSE,FALSE,"1,3,7,2,4,5,6,8","1,2,3,4,5,6,7,8","1,3,7","1,3,7","1,3,7"
1,9,0.97723188671929,0.108581320746588,-1587.52852441682,-1549.59705153102,FALSE,FALSE,FALSE,"1,3,7,2,4,5,6,8,9","1,2,3,4,5,6,7,8,9","1,3,7","1,3,7","1,3,7"
1,10,0.977250898546338,0.0977250898546338,-1585.94620876469,-1543.80012778047,FALSE,FALSE,FALSE,"1,3,7,2,4,5,6,8,9,10","1,2,3,4,5,6,7,8,9,10","1,3,7","1,3,7","1,3,7"
1,11,0.977277717016385,0.0888434288196713,-1584.53599668271,-1538.17530760006,FALSE,FALSE,FALSE,"1,3,7,2,4,5,6,8,9,10,11","1,2,3,4,5,6,7,8,9,10,11","1,3,7","1,3,7","1,3,7"
1,12,0.977293313684071,0.0814411094736725,-1582.87931656293,-1532.30401938187,FALSE,FALSE,FALSE,"1,3,7,2,4,5,6,8,9,10,11,12","1,2,3,4,5,6,7,8,9,10,11,12","1,3,7","1,3,7","1,3,7"
1,13,0.977305215671393,0.0751773242824148,-1581.14146638817,-1526.35156110868,FALSE,FALSE,FALSE,"1,3,7,2,4,5,6,8,9,10,11,12,13","1,2,3,4,5,6,7,8,9,10,11,12,13","1,3,7","1,3,7","1,3,7"
1,14,0.977308001541988,0.0698077143958563,-1579.20284704631,-1520.1983336684,FALSE,FALSE,FALSE,"1,3,7,2,4,5,6,8,9,10,11,12,13,14","1,2,3,4,5,6,7,8,9,10,11,12,13,15","1,3,7","1,3,7","1,3,7"
1,15,0.977313586505534,0.065154239100369,-1577.32592238841,-1514.10680091207,FALSE,FALSE,FALSE,"1,3,7,2,4,5,6,8,9,10,11,12,13,14,15","1,2,3,4,5,6,7,8,9,10,11,12,13,15,16","1,3,7","1,3,7","1,3,7"
1,16,0.977315334067371,0.0610822083792107,-1575.36443947594,-1507.93070990118,FALSE,FALSE,FALSE,"1,3,7,2,4,5,6,8,9,10,11,12,13,14,15,16","1,2,3,4,5,6,7,8,9,10,11,12,13,15,16,17","1,3,7","1,3,7","1,3,7"
1,17,0.977316916661661,0.0574892303918624,-1573.39932316128,-1501.7509854881,FALSE,FALSE,FALSE,"1,3,7,2,4,5,6,8,9,10,11,12,13,14,15,16,17","1,2,3,4,5,6,7,8,9,10,11,12,13,15,16,17,18","1,3,7","1,3,7","1,3,7"
1,18,0.977317644066181,0.0542954246703434,-1571.41535749341,-1495.55241172181,FALSE,FALSE,FALSE,"1,3,7,2,4,5,6,8,9,10,11,12,13,14,15,16,17,18","1,2,3,4,5,6,7,8,9,10,11,12,13,15,16,17,18,19","1,3,7","1,3,7","1,3,7"
1,19,0.977318040742394,0.0514377916180208,-1569.42410172798,-1489.34654785796,TRUE,FALSE,FALSE,"1,3,7,2,4,5,6,8,9,10,11,12,13,14,15,16,17,18,19","1,2,3,4,5,6,7,8,9,10,11,12,13,15,16,17,18,19,20","1,3,7","1,3,7","1,3,7"
1,20,0.977318158179892,0.0488659079089946,-1567.42669052113,-1483.13452855268,FALSE,FALSE,FALSE,"1,3,7,2,4,5,6,8,9,10,11,12,13,14,15,16,17,18,19,20","1,2,3,4,5,6,7,8,9,10,11,12,13,15,16,17,18,19,20","1,3,7","1,3,7","1,3,7"
2,1,0.584737252040195,0.584737252040195,475.384677973171,479.599286071593,FALSE,FALSE,FALSE,"16","1","1","1","1,4,16"
2,2,0.953236254162432,0.476618127081216,-614.516925214889,-606.087709018045,FALSE,FALSE,FALSE,"16,4","1,2","1,4","1,4","1,4,16"
2,3,0.993807524921738,0.331269174973913,-1623.40361684396,-1610.75979254869,FALSE,FALSE,TRUE,"16,4,1","1,2,3","1,4,8","1,4,16","1,4,16"
2,4,0.993877541825892,0.248469385456473,-1627.08920662112,-1610.23077422743,FALSE,FALSE,FALSE,"16,4,1,2","1,2,3,4","1,4,8,9","1,4,16","1,4,16"
2,5,0.993919092899127,0.198783818579825,-1628.49410624269,-1607.42106575058,FALSE,TRUE,FALSE,"16,4,1,2,3","1,2,3,4,5","1,4,8,9,16","1,4,16","1,4,16"
2,6,0.993939141130749,0.165656523521792,-1628.14528695983,-1602.8576383693,FALSE,FALSE,FALSE,"16,4,1,2,3,5","1,2,3,4,5,6","1,4,8,9,16","1,4,16","1,4,16"
2,7,0.993957939564037,0.141993991366291,-1627.69850300055,-1598.19624631159,FALSE,FALSE,FALSE,"16,4,1,2,3,5,6","1,2,3,4,5,6,7","1,4,8,9,16","1,4,16","1,4,16"
2,8,0.993968385449329,0.124246048181166,-1626.56368182227,-1592.8468170349,FALSE,FALSE,FALSE,"16,4,1,2,3,5,6,7","1,2,3,4,5,6,7,8","1,4,8,9,16","1,4,16","1,4,16"
2,9,0.993977859239484,0.110441984359943,-1625.34964369568,-1587.41817080988,FALSE,FALSE,FALSE,"16,4,1,2,3,5,6,7,8","1,2,3,4,5,6,7,8,9","1,4,8,9,16","1,4,16","1,4,16"
2,10,0.993987416233639,0.0993987416233639,-1624.14376209382,-1581.9976811096,FALSE,FALSE,FALSE,"16,4,1,2,3,5,6,7,8,9","1,2,3,4,5,6,7,8,9,10","1,4,8,9,16","1,4,16","1,4,16"
2,11,0.993995567636715,0.0903632334215195,-1622.82208391998,-1576.46139483734,FALSE,FALSE,FALSE,"16,4,1,2,3,5,6,7,8,9,10","1,2,3,4,5,6,7,8,9,10,12","1,4,8,9,16","1,4,16","1,4,16"
2,12,0.994000522963943,0.082833376913662,-1621.23489339275,-1570.65959621168,FALSE,FALSE,FALSE,"16,4,1,2,3,5,6,7,8,9,10,11","1,2,3,4,5,6,7,8,9,10,12,13","1,4,8,9,16","1,4,16","1,4,16"
2,13,0.994004562208308,0.0764618894006391,-1619.57163980368,-1564.78173452419,FALSE,FALSE,FALSE,"16,4,1,2,3,5,6,7,8,9,10,11,12","1,2,3,4,5,6,7,8,9,10,12,13,14","1,4,8,9,16","1,4,16","1,4,16"
2,14,0.994008234487721,0.0710005881776944,-1617.87798978661,-1558.8734764087,FALSE,FALSE,FALSE,"16,4,1,2,3,5,6,7,8,9,10,11,12,13","1,2,3,4,5,6,7,8,9,10,12,13,14,15","1,4,8,9,16","1,4,16","1,4,16"
2,15,0.994011327464486,0.0662674218309657,-1616.13615871339,-1552.91703723706,FALSE,FALSE,FALSE,"16,4,1,2,3,5,6,7,8,9,10,11,12,13,14","1,2,3,4,5,6,7,8,9,10,12,13,14,15,16","1,4,8,9,16","1,4,16","1,4,16"
2,16,0.994013323110236,0.0621258326943898,-1614.30280485441,-1546.86907527965,FALSE,FALSE,FALSE,"16,4,1,2,3,5,6,7,8,9,10,11,12,13,14,15","1,2,3,4,5,6,7,8,9,10,12,13,14,15,16,17","1,4,8,9,16","1,4,16","1,4,16"
2,17,0.994015176459147,0.0584714809681851,-1612.45761827454,-1540.80928060136,FALSE,FALSE,FALSE,"16,4,1,2,3,5,6,7,8,9,10,11,12,13,14,15,17","1,2,3,4,5,6,7,8,9,10,12,13,14,15,16,17,18","1,4,8,9,16","1,4,16","1,4,16"
2,18,0.994016202665607,0.0552231223703115,-1610.54335968732,-1534.68041391572,FALSE,FALSE,FALSE,"16,4,1,2,3,5,6,7,8,9,10,11,12,13,14,15,17,18","1,2,3,4,5,6,7,8,9,10,12,13,14,15,16,17,18,19","1,4,8,9,16","1,4,16","1,4,16"
2,19,0.994016340284692,0.052316649488668,-1608.55485912987,-1528.47730525985,TRUE,FALSE,FALSE,"16,4,1,2,3,5,6,7,8,9,10,11,12,13,14,15,17,18,19","1,2,3,4,5,6,7,8,9,10,12,13,14,15,16,17,18,19,20","1,4,8,9,16","1,4,16","1,4,16"
2,20,0.994016394536593,0.0497008197268297,-1606.55939248816,-1522.26723051972,FALSE,FALSE,FALSE,"16,4,1,2,3,5,6,7,8,9,10,11,12,13,14,15,17,18,19,20","1,2,3,4,5,6,7,8,9,10,12,13,14,15,16,17,18,19,20","1,4,8,9,16","1,4,16","1,4,16"
3,1,0.450764391148961,0.450764391148961,270.341330494151,274.555938592573,FALSE,FALSE,FALSE,"1","1","1","1","1,9,17"
3,2,0.853680314450294,0.426840157225147,-389.025496728541,-380.596280531697,FALSE,FALSE,FALSE,"1,17","1,2","1,2","1,2","1,9,17"
3,3,0.987370119772923,0.329123373257641,-1611.88969768477,-1599.2458733895,FALSE,FALSE,FALSE,"1,17,9","1,2,3","1,2,4","1,2,9","1,9,17"
3,4,0.987569873804962,0.24689246845124,-1617.86089527531,-1601.00246288162,FALSE,FALSE,TRUE,"1,17,9,2","1,2,3,4","1,2,4,7","1,2,9,17","1,9,17"
3,5,0.987675416215928,0.197535083243186,-1620.1244495875,-1599.05140909539,FALSE,FALSE,FALSE,"1,17,9,2,3","1,2,3,4,5","1,2,4,7,9","1,2,9,17","1,9,17"
3,6,0.987767010148682,0.16462783502478,-1621.85423001463,-1596.56658142409,FALSE,FALSE,FALSE,"1,17,9,2,3,4","1,2,3,4,5,6","1,2,4,7,9,16","1,2,9,17","1,9,17"
3,7,0.987815870810146,0.141116552972878,-1621.85531485185,-1592.35305816289,FALSE,TRUE,FALSE,"1,17,9,2,3,4,5","1,2,3,4,5,6,7","1,2,4,7,9,16,17","1,2,9,17","1,9,17"
3,8,0.987858796867252,0.123482349608407,-1621.61998145926,-1587.90311667188,FALSE,FALSE,FALSE,"1,17,9,2,3,4,5,6","1,2,3,4,5,6,7,9","1,2,4,7,9,16,17","1,2,9,17","1,9,17"
3,9,0.987902940280426,0.109766993364492,-1621.4412118935,-1583.5097390077,FALSE,FALSE,FALSE,"1,17,9,2,3,4,5,6,7","1,2,3,4,5,6,7,9,10","1,2,4,7,9,16,17","1,2,9,17","1,9,17"
3,10,0.98793556229234,0.098793556229234,-1620.79137786875,-1578.64529688453,FALSE,FALSE,FALSE,"1,17,9,2,3,4,5,6,7,8","1,2,3,4,5,6,7,9,10,11","1,2,4,7,9,16,17","1,2,9,17","1,9,17"
3,11,0.987964425027327,0.089814947729757,-1619.98900166958,-1573.62831258694,FALSE,FALSE,FALSE,"1,17,9,2,3,4,5,6,7,8,10","1,2,3,4,5,6,7,9,10,11,12","1,2,4,7,9,16,17","1,2,9,17","1,9,17"
3,12,0.987977336751528,0.082331444729294,-1618.52568791077,-1567.9503907297,FALSE,FALSE,FALSE,"1,17,9,2,3,4,5,6,7,8,10,11","1,2,3,4,5,6,7,9,10,11,12,13","1,2,4,7,9,16,17","1,2,9,17","1,9,17"
3,13,0.987986822959502,0.0759989863815001,-1616.92035721927,-1562.13045193978,FALSE,FALSE,FALSE,"1,17,9,2,3,4,5,6,7,8,10,11,12","1,2,3,4,5,6,7,9,10,11,12,13,14","1,2,4,7,9,16,17","1,2,9,17","1,9,17"
3,14,0.987994336149623,0.0705710240106873,-1615.23316125508,-1556.22864787717,FALSE,FALSE,FALSE,"1,17,9,2,3,4,5,6,7,8,10,11,12,13","1,2,3,4,5,6,7,9,10,11,12,13,14,15","1,2,4,7,9,16,17","1,2,9,17","1,9,17"
3,15,0.988000413057456,0.0658666942038304,-1613.4863103688,-1550.26718889247,FALSE,FALSE,FALSE,"1,17,9,2,3,4,5,6,7,8,10,11,12,13,14","1,2,3,4,5,6,7,9,10,11,12,13,14,15,16","1,2,4,7,9,16,17","1,2,9,17","1,9,17"
3,16,0.988004964475149,0.0617503102796968,-1611.67599527647,-1544.24226570172,FALSE,FALSE,FALSE,"1,17,9,2,3,4,5,6,7,8,10,11,12,13,14,15","1,2,3,4,5,6,7,9,10,11,12,13,14,15,16,17","1,2,4,7,9,16,17","1,2,9,17","1,9,17"
3,17,0.988008750250303,0.0581181617794296,-1609.83382610114,-1538.18548842796,FALSE,FALSE,FALSE,"1,17,9,2,3,4,5,6,7,8,10,11,12,13,14,15,16","1,2,3,4,5,6,7,9,10,11,12,13,14,15,16,17,18","1,2,4,7,9,16,17","1,2,9,17","1,9,17"
3,18,0.988009923715047,0.0548894402063915,-1607.88275853895,-1532.01981276735,FALSE,FALSE,FALSE,"1,17,9,2,3,4,5,6,7,8,10,11,12,13,14,15,16,18","1,2,3,4,5,6,7,9,10,11,12,13,14,15,16,17,18,19","1,2,4,7,9,16,17","1,2,9,17","1,9,17"
3,19,0.988010592312259,0.0520005574901189,-1605.91064059066,-1525.83308672064,TRUE,FALSE,FALSE,"1,17,9,2,3,4,5,6,7,8,10,11,12,13,14,15,16,18,19","1,2,3,4,5,6,7,9,10,11,12,13,14,15,16,17,18,19,20","1,2,4,7,9,16,17","1,2,9,17","1,9,17"
3,20,0.988011174138702,0.0494005587069351,-1603.93490536574,-1519.64274339729,FALSE,FALSE,FALSE,"1,17,9,2,3,4,5,6,7,8,10,11,12,13,14,15,16,18,19,20","1,2,3,4,5,6,7,9,10,11,12,13,14,15,16,17,18,19,20","1,2,4,7,9,16,17","1,2,9,17","1,9,17"
4,1,0.572283165819926,0.572283165819926,100.316867810631,104.531475909053,FALSE,FALSE,FALSE,"18","1","1","1","1,10,18"
4,2,0.879573860978982,0.439786930489491,-531.395513903509,-522.966297706665,FALSE,FALSE,FALSE,"18,10","1,2","1,9","1,10","1,10,18"
4,3,0.985631979865839,0.328543993288613,-1592.41136287176,-1579.7675385765,FALSE,FALSE,TRUE,"18,10,1","1,2,3","1,9,10","1,10,18","1,10,18"
4,4,0.985775993298691,0.246443998324673,-1595.44824436188,-1578.58981196819,FALSE,FALSE,FALSE,"18,10,1,2","1,2,3,4","1,9,10,13","1,10,18","1,10,18"
4,5,0.98583007587029,0.197166015174058,-1595.35296961194,-1574.27992911983,FALSE,FALSE,FALSE,"18,10,1,2,3","1,2,3,4,5","1,9,10,13,14","1,10,18","1,10,18"
4,6,0.985912001766463,0.164318666961077,-1596.252196408,-1570.96454781747,FALSE,TRUE,FALSE,"18,10,1,2,3,4","1,2,3,4,5,6","1,9,10,13,14,18","1,10,18","1,10,18"
4,7,0.985953285498382,0.140850469356912,-1595.71955674458,-1566.21730005563,FALSE,FALSE,FALSE,"18,10,1,2,3,4,5","1,2,3,4,5,6,7","1,9,10,13,14,18","1,10,18","1,10,18"
4,8,0.985995783873097,0.123249472984137,-1595.23460121118,-1561.5177364238,FALSE,FALSE,FALSE,"18,10,1,2,3,4,5,6","1,2,3,4,5,6,7,8","1,9,10,13,14,18","1,10,18","1,10,18"
4,9,0.986032464770754,0.109559162752306,-1594.5459570221,-1556.6144841363,FALSE,FALSE,FALSE,"18,10,1,2,3,4,5,6,7","1,2,3,4,5,6,7,8,9","1,9,10,13,14,18","1,10,18","1,10,18"
4,10,0.986059937771456,0.0986059937771455,-1593.53038463605,-1551.38430365183,FALSE,FALSE,FALSE,"18,10,1,2,3,4,5,6,7,8","1,2,3,4,5,6,7,8,9,10","1,9,10,13,14,18","1,10,18","1,10,18"
4,11,0.986096710688353,0.089645155517123,-1592.85109267742,-1546.49040359478,FALSE,FALSE,FALSE,"18,10,1,2,3,4,5,6,7,8,9","1,2,3,4,5,6,7,8,9,10,11","1,9,10,13,14,18","1,10,18","1,10,18"
4,12,0.986111176451477,0.0821759313709564,-1591.37159158669,-1540.79629440563,FALSE,FALSE,FALSE,"18,10,1,2,3,4,5,6,7,8,9,11","1,2,3,4,5,6,7,8,9,10,11,12","1,9,10,13,14,18","1,10,18","1,10,18"
4,13,0.986138329046747,0.0758567945420575,-1590.35004636464,-1535.56014108515,FALSE,FALSE,FALSE,"18,10,1,2,3,4,5,6,7,8,9,11,12","1,2,3,4,5,6,7,8,9,10,11,12,13","1,9,10,13,14,18","1,10,18","1,10,18"
4,14,0.986149098700833,0.0704392213357738,-1588.73866617699,-1529.73415279908,FALSE,FALSE,FALSE,"18,10,1,2,3,4,5,6,7,8,9,11,12,13","1,2,3,4,5,6,7,8,9,10,11,12,13,14","1,9,10,13,14,18","1,10,18","1,10,18"
4,15,0.986155868841117,0.0657437245894078,-1586.98311941709,-1523.76399794075,FALSE,FALSE,FALSE,"18,10,1,2,3,4,5,6,7,8,9,11,12,13,14","1,2,3,4,5,6,7,8,9,10,11,12,13,14,15","1,9,10,13,14,18","1,10,18","1,10,18"
4,16,0.986160499495634,0.0616350312184771,-1585.15038990444,-1517.71666032968,FALSE,FALSE,FALSE,"18,10,1,2,3,4,5,6,7,8,9,11,12,13,14,15","1,2,3,4,5,6,7,8,9,10,11,12,13,14,15,16","1,9,10,13,14,18","1,10,18","1,10,18"
4,17,0.98616385001492,0.0580096382361718,-1583.27145370033,-1511.62311602715,FALSE,FALSE,FALSE,"18,10,1,2,3,4,5,6,7,8,9,11,12,13,14,15,16","1,2,3,4,5,6,7,8,9,10,11,12,13,14,15,16,17","1,9,10,13,14,18","1,10,18","1,10,18"
4,18,0.986165356101382,0.0547869642278545,-1581.32588244096,-1505.46293666936,FALSE,FALSE,FALSE,"18,10,1,2,3,4,5,6,7,8,9,11,12,13,14,15,16,17","1,2,3,4,5,6,7,8,9,10,11,12,13,14,15,16,17,18","1,9,10,13,14,18","1,10,18","1,10,18"
4,19,0.986166014667156,0.0519034744561661,-1579.34968433475,-1499.27213046472,TRUE,FALSE,FALSE,"18,10,1,2,3,4,5,6,7,8,9,11,12,13,14,15,16,17,19","1,2,3,4,5,6,7,8,9,10,11,12,13,14,15,16,17,18,19","1,9,10,13,14,18","1,10,18","1,10,18"
4,20,0.986166347546383,0.0493083173773191,-1577.36171569172,-1493.06955372328,FALSE,FALSE,FALSE,"18,10,1,2,3,4,5,6,7,8,9,11,12,13,14,15,16,17,19,20","1,2,3,4,5,6,7,8,9,10,11,12,13,14,15,16,17,18,19","1,9,10,13,14,18","1,10,18","1,10,18"
5,1,0.499150420104831,0.499150420104831,27.7762205257358,31.9908286241579,FALSE,FALSE,FALSE,"16","16","9","16","16,19,20"
5,2,0.784660161628454,0.392330080814227,-392.267975704115,-383.83875950727,TRUE,FALSE,FALSE,"16,19","16,19","9,16","16,19","16,19,20"
5,3,0.982421754862464,0.327473918287488,-1643.0456547379,-1630.40183044263,FALSE,FALSE,TRUE,"16,19,20","16,19","9,16,19","16,19,20","16,19,20"
5,4,0.98255229776794,0.245638074441985,-1644.77270624493,-1627.91427385125,FALSE,TRUE,FALSE,"16,19,20,1","16,19","9,16,19,20","16,19,20","16,19,20"
5,5,0.982610335899592,0.196522067179918,-1644.43868135891,-1623.3656408668,FALSE,FALSE,FALSE,"16,19,20,1,2","16,19","9,16,19,20","16,19,20","16,19,20"
5,6,0.982687988368146,0.163781331394691,-1644.67640033145,-1619.38875174092,FALSE,FALSE,FALSE,"16,19,20,1,2,3","16,19","9,16,19,20","16,19,20","16,19,20"
5,7,0.982750779833131,0.14039296854759,-1644.49322024225,-1614.9909635533,FALSE,FALSE,FALSE,"16,19,20,1,2,3,4","16,19","9,16,19,20","16,19,20","16,19,20"
5,8,0.982788695258763,0.122848586907345,-1643.59347745053,-1609.87661266315,FALSE,FALSE,FALSE,"16,19,20,1,2,3,4,5","16,19","9,16,19,20","16,19,20","16,19,20"
5,9,0.982802841641769,0.109200315737974,-1642.00460839125,-1604.07313550545,FALSE,FALSE,FALSE,"16,19,20,1,2,3,4,5,6","16,19","9,16,19,20","16,19,20","16,19,20"
5,10,0.982827694777291,0.0982827694777291,-1640.7277252882,-1598.58164430397,FALSE,FALSE,FALSE,"16,19,20,1,2,3,4,5,6,7","16,19","9,16,19,20","16,19,20","16,19,20"
5,11,0.982838888846599,0.0893489898951454,-1639.05376536478,-1592.69307628214,FALSE,FALSE,FALSE,"16,19,20,1,2,3,4,5,6,7,8","16,19","9,16,19,20","16,19,20","16,19,20"
5,12,0.982860490453124,0.0819050408710937,-1637.68353849833,-1587.10824131726,FALSE,FALSE,FALSE,"16,19,20,1,2,3,4,5,6,7,8,9","16,19","9,16,19,20","16,19,20","16,19,20"
5,13,0.982869214622138,0.0756053242017029,-1635.93810792125,-1581.14820264177,FALSE,FALSE,FALSE,"16,19,20,1,2,3,4,5,6,7,8,9,10","16,19","9,16,19,20","16,19,20","16,19,20"
5,14,0.982873513746917,0.0702052509819227,-1634.06360316932,-1575.05908979141,FALSE,FALSE,FALSE,"16,19,20,1,2,3,4,5,6,7,8,9,10,11","16,19","9,16,19,20","16,19,20","16,19,20"
5,15,0.9828758638245,0.0655250575883,-1632.13221732638,-1568.91309585005,FALSE,FALSE,FALSE,"16,19,20,1,2,3,4,5,6,7,8,9,10,11,12","16,19","9,16,19,20","16,19,20","16,19,20"
5,16,0.982877632345746,0.0614298520216091,-1630.18385825464,-1562.75012867989,FALSE,FALSE,FALSE,"16,19,20,1,2,3,4,5,6,7,8,9,10,11,12,13","16,19","9,16,19,20","16,19,20","16,19,20"
5,17,0.982880701691723,0.057816511864219,-1628.27349600732,-1556.62515833415,FALSE,FALSE,FALSE,"16,19,20,1,2,3,4,5,6,7,8,9,10,11,12,13,14","16,19","9,16,19,20","16,19,20","16,19,20"
5,18,0.98288177613975,0.054604543118875,-1626.3048781857,-1550.4419324141,FALSE,FALSE,FALSE,"16,19,20,1,2,3,4,5,6,7,8,9,10,11,12,13,14,15","16,19","9,16,19,20","16,19,20","16,19,20"
5,19,0.982882003314275,0.0517306317533829,-1624.31151368813,-1544.2339598181,FALSE,FALSE,FALSE,"16,19,20,1,2,3,4,5,6,7,8,9,10,11,12,13,14,15,17","16,19","9,16,19,20","16,19,20","16,19,20"
5,20,0.982882203460795,0.0491441101730397,-1622.31735980709,-1538.02519783865,FALSE,FALSE,FALSE,"16,19,20,1,2,3,4,5,6,7,8,9,10,11,12,13,14,15,17,18","16,19","9,16,19,20","16,19,20","16,19,20"
6,1,0.808410166173158,0.808410166173158,-474.392380837971,-470.177772739549,FALSE,FALSE,FALSE,"17","11","8","11","11,13,17"
6,2,0.911274147732844,0.455637073866422,-857.295131121838,-848.865914924994,TRUE,FALSE,FALSE,"17,11","11,17","8,10","11,13","11,13,17"
6,3,0.980138652025253,0.326712884008418,-1603.68301813904,-1591.03919384378,FALSE,FALSE,TRUE,"17,11,13","11,17","8,10,11","11,13,17","11,13,17"
6,4,0.980269864503656,0.245067466125914,-1604.99718945319,-1588.1387570595,FALSE,FALSE,FALSE,"17,11,13,1","11,17","8,10,11,13","11,13,17","11,13,17"
6,5,0.980457182661727,0.196091436532345,-1607.76687354967,-1586.69383305756,FALSE,TRUE,FALSE,"17,11,13,1,2","11,17","8,10,11,13,17","11,13,17","11,13,17"
6,6,0.980522225606537,0.163420370934423,-1607.4337628039,-1582.14611421336,FALSE,FALSE,FALSE,"17,11,13,1,2,3","11,17","8,10,11,13,17","11,13,17","11,13,17"
6,7,0.980578181975184,0.140082597425026,-1606.87224592836,-1577.36998923941,FALSE,FALSE,FALSE,"17,11,13,1,2,3,4","11,17","8,10,11,13,17","11,13,17","11,13,17"
6,8,0.980654816756905,0.122581852094613,-1606.84905298175,-1573.13218819437,FALSE,FALSE,FALSE,"17,11,13,1,2,3,4,5","11,17","8,10,11,13,17","11,13,17","11,13,17"
6,9,0.980692180532797,0.108965797836977,-1605.8156994234,-1567.8842265376,FALSE,FALSE,FALSE,"17,11,13,1,2,3,4,5,6","11,17","8,10,11,13,17","11,13,17","11,13,17"
6,10,0.980759862675754,0.0980759862675754,-1605.57149189962,-1563.4254109154,FALSE,FALSE,FALSE,"17,11,13,1,2,3,4,5,6,7","11,17","8,10,11,13,17","11,13,17","11,13,17"
6,11,0.980781337795542,0.0891619397995947,-1604.12988483655,-1557.76919575391,FALSE,FALSE,FALSE,"17,11,13,1,2,3,4,5,6,7,8","11,17","8,10,11,13,17","11,13,17","11,13,17"
6,12,0.980797897485704,0.0817331581238086,-1602.56089372741,-1551.98559654634,FALSE,FALSE,FALSE,"17,11,13,1,2,3,4,5,6,7,8,9","11,17","8,10,11,13,17","11,13,17","11,13,17"
6,13,0.98081097116461,0.075446997781893,-1600.90143277775,-1546.11152749826,FALSE,FALSE,FALSE,"17,11,13,1,2,3,4,5,6,7,8,9,10","11,17","8,10,11,13,17","11,13,17","11,13,17"
6,14,0.980823309788537,0.0700588078420383,-1599.22303822811,-1540.2185248502,FALSE,FALSE,FALSE,"17,11,13,1,2,3,4,5,6,7,8,9,10,12","11,17","8,10,11,13,17","11,13,17","11,13,17"
6,15,0.980831710703314,0.0653887807135543,-1597.44212596839,-1534.22300449205,FALSE,FALSE,FALSE,"17,11,13,1,2,3,4,5,6,7,8,9,10,12,14","11,17","8,10,11,13,17","11,13,17","11,13,17"
6,16,0.980836568908799,0.0613022855567999,-1595.56886709718,-1528.13513752243,FALSE,FALSE,FALSE,"17,11,13,1,2,3,4,5,6,7,8,9,10,12,14,15","11,17","8,10,11,13,17","11,13,17","11,13,17"
6,17,0.980838358889174,0.0576963740523043,-1593.61557230278,-1521.9672346296,FALSE,FALSE,FALSE,"17,11,13,1,2,3,4,5,6,7,8,9,10,12,14,15,16","11,17","8,10,11,13,17","11,13,17","11,13,17"
6,18,0.980840671339817,0.0544911484077676,-1591.67591656494,-1515.81297079335,FALSE,FALSE,FALSE,"17,11,13,1,2,3,4,5,6,7,8,9,10,12,14,15,16,18","11,17","8,10,11,13,17","11,13,17","11,13,17"
6,19,0.980842472526295,0.0516232880276997,-1589.72292424409,-1509.64537037407,FALSE,FALSE,FALSE,"17,11,13,1,2,3,4,5,6,7,8,9,10,12,14,15,16,18,19","11,17","8,10,11,13,17","11,13,17","11,13,17"
6,20,0.980842477921095,0.0490421238960547,-1587.72306504515,-1503.43090307671,FALSE,FALSE,FALSE,"17,11,13,1,2,3,4,5,6,7,8,9,10,12,14,15,16,18,19,20","11,17","8,10,11,13,17","11,13,17","11,13,17"
7,1,0.400169806874733,0.400169806874733,474.24077653246,478.455384630882,FALSE,FALSE,FALSE,"13","1","2","5","5,13,18"
7,2,0.806836191993888,0.403418095996944,-90.3132377844167,-81.8840215875723,FALSE,FALSE,FALSE,"13,18","1,2","2,5","5,13","5,13,18"
7,3,0.990547304420319,0.330182434806773,-1596.93255164019,-1584.28872734492,FALSE,FALSE,FALSE,"13,18,5","1,2,3","2,5,8","5,13,17","5,13,18"
7,4,0.990684118829629,0.247671029707407,-1602.22222706595,-1585.36379467226,FALSE,FALSE,TRUE,"13,18,5,1","1,2,3,4","2,5,8,13","5,13,17,18","5,13,18"
7,5,0.990785642421716,0.198157128484343,-1605.70108836423,-1584.62804787212,FALSE,FALSE,FALSE,"13,18,5,1,2","1,2,3,4,5","2,5,8,13,17","5,13,17,18","5,13,18"
7,6,0.990828575452893,0.165138095908816,-1606.03621389325,-1580.74856530272,FALSE,TRUE,FALSE,"13,18,5,1,2,3","1,2,3,4,5,6","2,5,8,13,17,18","5,13,17,18","5,13,18"
7,7,0.990838591479479,0.141548370211354,-1604.58255757868,-1575.08030088972,FALSE,FALSE,FALSE,"13,18,5,1,2,3,4","1,2,3,4,5,6,7","2,5,8,13,17,18","5,13,17,18","5,13,18"
7,8,0.990857994874931,0.123857249359366,-1603.64265506085,-1569.92579027347,FALSE,FALSE,FALSE,"13,18,5,1,2,3,4,6","1,2,3,4,5,6,7,8","2,5,8,13,17,18","5,13,17,18","5,13,18"
7,9,0.990866680547715,0.110096297838635,-1602.11792286805,-1564.18644998225,FALSE,FALSE,FALSE,"13,18,5,1,2,3,4,6,7","1,2,3,4,5,6,7,8,9","2,5,8,13,17,18","5,13,17,18","5,13,18"
7,10,0.990874737269198,0.0990874737269198,-1600.55917958365,-1558.41309859943,FALSE,FALSE,FALSE,"13,18,5,1,2,3,4,6,7,8","1,2,3,4,5,6,7,8,9,10","2,5,8,13,17,18","5,13,17,18","5,13,18"
7,11,0.990880522657944,0.0900800475143585,-1598.87627858954,-1552.5155895069,FALSE,FALSE,FALSE,"13,18,5,1,2,3,4,6,7,8,9","1,2,3,4,5,6,7,8,9,10,11","2,5,8,13,17,18","5,13,17,18","5,13,18"
7,12,0.990887527684981,0.0825739606404151,-1597.26049572013,-1546.68519853906,FALSE,FALSE,FALSE,"13,18,5,1,2,3,4,6,7,8,9,10","1,2,3,4,5,6,7,8,9,10,11,12","2,5,8,13,17,18","5,13,17,18","5,13,18"
7,13,0.990889367669243,0.0762222590514802,-1595.361465577,-1540.57156029751,FALSE,FALSE,FALSE,"13,18,5,1,2,3,4,6,7,8,9,10,11","1,2,3,4,5,6,7,8,9,10,11,12,13","2,5,8,13,17,18","5,13,17,18","5,13,18"
7,14,0.990890402165304,0.0707778858689503,-1593.41824290928,-1534.41372953137,FALSE,FALSE,FALSE,"13,18,5,1,2,3,4,6,7,8,9,10,11,12","1,2,3,4,5,6,7,8,9,10,11,12,13,14","2,5,8,13,17,18","5,13,17,18","5,13,18"
7,15,0.990891567884998,0.0660594378589999,-1591.48223005273,-1528.26310857639,FALSE,FALSE,FALSE,"13,18,5,1,2,3,4,6,7,8,9,10,11,12,14","1,2,3,4,5,6,7,8,9,10,11,12,13,14,15","2,5,8,13,17,18","5,13,17,18","5,13,18"
7,16,0.990892725011254,0.0619307953132034,-1589.54575359595,-1522.11202402119,FALSE,FALSE,FALSE,"13,18,5,1,2,3,4,6,7,8,9,10,11,12,14,15","1,2,3,4,5,6,7,8,9,10,11,12,13,14,15,17","2,5,8,13,17,18","5,13,17,18","5,13,18"
7,17,0.990893876556782,0.0582878750915754,-1587.60897878338,-1515.96064111021,FALSE,FALSE,FALSE,"13,18,5,1,2,3,4,6,7,8,9,10,11,12,14,15,16","1,2,3,4,5,6,7,8,9,10,11,12,13,14,15,17,18","2,5,8,13,17,18","5,13,17,18","5,13,18"
7,18,0.990894269634984,0.055049681646388,-1585.63056242919,-1509.76761665759,FALSE,FALSE,FALSE,"13,18,5,1,2,3,4,6,7,8,9,10,11,12,14,15,16,17","1,2,3,4,5,6,7,8,9,10,11,12,13,14,15,17,18,19","2,5,8,13,17,18","5,13,17,18","5,13,18"
7,19,0.990894644924566,0.0521523497328719,-1583.65117018391,-1503.57361631389,TRUE,FALSE,FALSE,"13,18,5,1,2,3,4,6,7,8,9,10,11,12,14,15,16,17,19","1,2,3,4,5,6,7,8,9,10,11,12,13,14,15,17,18,19,20","2,5,8,13,17,18","5,13,17,18","5,13,18"
7,20,0.990894745949572,0.0495447372974786,-1581.6567177746,-1497.36455580616,FALSE,FALSE,FALSE,"13,18,5,1,2,3,4,6,7,8,9,10,11,12,14,15,16,17,19,20","1,2,3,4,5,6,7,8,9,10,11,12,13,14,15,17,18,19,20","2,5,8,13,17,18","5,13,17,18","5,13,18"
8,1,0.506664346254352,0.506664346254352,146.672216801808,150.88682490023,FALSE,FALSE,FALSE,"20","1","1","1","1,17,20"
8,2,0.643572901942437,0.321786450971219,-13.8578112991618,-5.42859510231745,TRUE,FALSE,FALSE,"20,17","1,20","1,16","1,17","1,17,20"
8,3,0.985211853175529,0.32840395105851,-1603.00968918306,-1590.3658648878,FALSE,FALSE,FALSE,"20,17,1","1,20","1,16,17","1,17,19","1,17,20"
8,4,0.985451097853609,0.246362774463402,-1609.16490554971,-1592.30647315603,FALSE,FALSE,TRUE,"20,17,1,2","1,20","1,16,17,18","1,17,19,20","1,17,20"
8,5,0.985574201157112,0.197114840231422,-1611.41357904836,-1590.34053855624,FALSE,FALSE,FALSE,"20,17,1,2,3","1,20","1,16,17,18,19","1,17,19,20","1,17,20"
8,6,0.985654826524277,0.164275804420713,-1612.21590276971,-1586.92825417918,FALSE,TRUE,FALSE,"20,17,1,2,3,4","1,20","1,16,17,18,19,20","1,17,19,20","1,17,20"
8,7,0.985685653360304,0.140812236194329,-1611.29152608063,-1581.78926939168,FALSE,FALSE,FALSE,"20,17,1,2,3,4,5","1,20","1,16,17,18,19,20","1,17,19,20","1,17,20"
8,8,0.98572783524996,0.123215979406245,-1610.7671143291,-1577.05024954172,FALSE,FALSE,FALSE,"20,17,1,2,3,4,5,6","1,20","1,16,17,18,19,20","1,17,19,20","1,17,20"
8,9,0.9857661757302,0.109529575081133,-1610.1121125094,-1572.1806396236,FALSE,FALSE,FALSE,"20,17,1,2,3,4,5,6,7","1,20","1,16,17,18,19,20","1,17,19,20","1,17,20"
8,10,0.985788925723018,0.0985788925723018,-1608.91190434664,-1566.76582336242,FALSE,FALSE,FALSE,"20,17,1,2,3,4,5,6,7,8","1,20","1,16,17,18,19,20","1,17,19,20","1,17,20"
8,11,0.985794927139235,0.0896177206490213,-1607.12310174356,-1560.76241266092,FALSE,FALSE,FALSE,"20,17,1,2,3,4,5,6,7,8,9","1,20","1,16,17,18,19,20","1,17,19,20","1,17,20"
8,12,0.985798149852444,0.082149845821037,-1605.23654990623,-1554.66125272517,FALSE,FALSE,FALSE,"20,17,1,2,3,4,5,6,7,8,9,10","1,20","1,16,17,18,19,20","1,17,19,20","1,17,20"
8,13,0.985800225980726,0.075830786613902,-1603.30964883446,-1548.51974355497,FALSE,FALSE,FALSE,"20,17,1,2,3,4,5,6,7,8,9,10,11","1,20","1,16,17,18,19,20","1,17,19,20","1,17,20"
8,14,0.985802610242106,0.0704144721601504,-1601.39361008508,-1542.38909670717,FALSE,FALSE,FALSE,"20,17,1,2,3,4,5,6,7,8,9,10,11,12","1,20","1,16,17,18,19,20","1,17,19,20","1,17,20"
8,15,0.985803925540799,0.06572026170272,-1599.4399340801,-1536.22081260376,FALSE,FALSE,FALSE,"20,17,1,2,3,4,5,6,7,8,9,10,11,12,13","1,20","1,16,17,18,19,20","1,17,19,20","1,17,20"
8,16,0.985805045307905,0.0616128153317441,-1597.47937495772,-1530.04564538297,FALSE,FALSE,FALSE,"20,17,1,2,3,4,5,6,7,8,9,10,11,12,13,14","1,20","1,16,17,18,19,20","1,17,19,20","1,17,20"
8,17,0.985805791884987,0.0579885759932345,-1595.5056729182,-1523.85733524503,FALSE,FALSE,FALSE,"20,17,1,2,3,4,5,6,7,8,9,10,11,12,13,14,15","1,20","1,16,17,18,19,20","1,17,19,20","1,17,20"
8,18,0.985806548336942,0.0547670304631634,-1593.53232012905,-1517.66937435745,FALSE,FALSE,FALSE,"20,17,1,2,3,4,5,6,7,8,9,10,11,12,13,14,15,16","1,20","1,16,17,18,19,20","1,17,19,20","1,17,20"
8,19,0.985807247927498,0.0518845919961841,-1591.55696557168,-1511.47941170166,FALSE,FALSE,FALSE,"20,17,1,2,3,4,5,6,7,8,9,10,11,12,13,14,15,16,18","1,20","1,16,17,18,19,20","1,17,19,20","1,17,20"
8,20,0.985807256856645,0.0492903628428322,-1589.55728013893,-1505.26511817048,FALSE,FALSE,FALSE,"20,17,1,2,3,4,5,6,7,8,9,10,11,12,13,14,15,16,18,19","1,20","1,16,17,18,19,20","1,17,19,20","1,17,20"
9,1,0.581277269478226,0.581277269478226,97.055579288287,101.270187386709,FALSE,FALSE,FALSE,"13","4","2","4","4,11,13"
9,2,0.674479034399628,0.337239517199814,-26.8354656396125,-18.4062494427681,TRUE,FALSE,FALSE,"13,4","4,13","2,4","4,11","4,11,13"
9,3,0.986768673281471,0.328922891093824,-1626.25527356661,-1613.61144927134,FALSE,FALSE,TRUE,"13,4,11","4,13","2,4,8","4,11,13","4,11,13"
9,4,0.986855071053226,0.246713767763306,-1627.53087423767,-1610.67244184398,FALSE,FALSE,FALSE,"13,4,11,1","4,13","2,4,8,11","4,11,13","4,11,13"
9,5,0.986921521336301,0.19738430426726,-1628.06488607524,-1606.99184558313,FALSE,FALSE,FALSE,"13,4,11,1,2","4,13","2,4,8,11,12","4,11,13","4,11,13"
9,6,0.986981692561139,0.16449694876019,-1628.37058499268,-1603.08293640215,FALSE,TRUE,FALSE,"13,4,11,1,2,3","4,13","2,4,8,11,12,13","4,11,13","4,11,13"
9,7,0.987009912344864,0.141001416049266,-1627.4556113735,-1597.95335468454,FALSE,FALSE,FALSE,"13,4,11,1,2,3,5","4,13","2,4,8,11,12,13","4,11,13","4,11,13"
9,8,0.987031920001502,0.123378990000188,-1626.30342398509,-1592.58655919771,FALSE,FALSE,FALSE,"13,4,11,1,2,3,5,6","4,13","2,4,8,11,12,13","4,11,13","4,11,13"
9,9,0.987049798754575,0.109672199861619,-1624.99323654406,-1587.06176365826,FALSE,FALSE,FALSE,"13,4,11,1,2,3,5,6,7","4,13","2,4,8,11,12,13","4,11,13","4,11,13"
9,10,0.987073104903708,0.0987073104903708,-1623.89388455834,-1581.74780357411,FALSE,FALSE,FALSE,"13,4,11,1,2,3,5,6,7,8","4,13","2,4,8,11,12,13","4,11,13","4,11,13"
9,11,0.987087007975321,0.089735182543211,-1622.4319315277,-1576.07124244506,FALSE,FALSE,FALSE,"13,4,11,1,2,3,5,6,7,8,9","4,13","2,4,8,11,12,13","4,11,13","4,11,13"
9,12,0.987104974018621,0.0822587478348851,-1621.12807356378,-1570.55277638271,FALSE,FALSE,FALSE,"13,4,11,1,2,3,5,6,7,8,9,10","4,13","2,4,8,11,12,13","4,11,13","4,11,13"
9,13,0.987118705988709,0.0759322081529776,-1619.66080947763,-1564.87090419814,FALSE,FALSE,FALSE,"13,4,11,1,2,3,5,6,7,8,9,10,12","4,13","2,4,8,11,12,13","4,11,13","4,11,13"
9,14,0.987129967748869,0.0705092834106335,-1618.09813688995,-1559.09362351204,FALSE,FALSE,FALSE,"13,4,11,1,2,3,5,6,7,8,9,10,12,14","4,13","2,4,8,11,12,13","4,11,13","4,11,13"
9,15,0.987139659527583,0.0658093106351722,-1616.47480376831,-1553.25568229197,FALSE,FALSE,FALSE,"13,4,11,1,2,3,5,6,7,8,9,10,12,14,15","4,13","2,4,8,11,12,13","4,11,13","4,11,13"
9,16,0.98714973911158,0.0616968586944737,-1614.86684378214,-1547.43311420738,FALSE,FALSE,FALSE,"13,4,11,1,2,3,5,6,7,8,9,10,12,14,15,16","4,13","2,4,8,11,12,13","4,11,13","4,11,13"
9,17,0.987155432595771,0.0580679666232807,-1613.08842472519,-1541.44008705201,FALSE,FALSE,FALSE,"13,4,11,1,2,3,5,6,7,8,9,10,12,14,15,16,17","4,13","2,4,8,11,12,13","4,11,13","4,11,13"
9,18,0.987158336090205,0.0548421297827892,-1611.20146172195,-1535.33851595035,FALSE,FALSE,FALSE,"13,4,11,1,2,3,5,6,7,8,9,10,12,14,15,16,17,18","4,13","2,4,8,11,12,13","4,11,13","4,11,13"
9,19,0.987159608283208,0.0519557688570109,-1609.2509979827,-1529.17344411268,FALSE,FALSE,FALSE,"13,4,11,1,2,3,5,6,7,8,9,10,12,14,15,16,17,18,19","4,13","2,4,8,11,12,13","4,11,13","4,11,13"
9,20,0.987159773003267,0.0493579886501633,-1607.25741216066,-1522.96525019222,FALSE,FALSE,FALSE,"13,4,11,1,2,3,5,6,7,8,9,10,12,14,15,16,17,18,19,20","4,13","2,4,8,11,12,13","4,11,13","4,11,13"
10,1,0.54676943468043,0.54676943468043,-103.460881428967,-99.2462733305451,FALSE,FALSE,FALSE,"2","2","2","2","2,3,9"
10,2,0.775915994615513,0.387957997307757,-453.650863741962,-445.221647545118,TRUE,FALSE,FALSE,"2,3","2,9","2,3","2,3","2,3,9"
10,3,0.978289454017027,0.326096484672342,-1618.76230029132,-1606.11847599606,FALSE,FALSE,FALSE,"2,3,9","2,9","2,3,6","2,3,8","2,3,9"
10,4,0.978563970119334,0.244640992529834,-1623.12479374673,-1606.26636135304,FALSE,FALSE,TRUE,"2,3,9,1","2,9","2,3,6,8","2,3,8,9","2,3,9"
10,5,0.978691279794061,0.195738255958812,-1624.10317239936,-1603.03013190725,FALSE,FALSE,FALSE,"2,3,9,1,4","2,9","2,3,6,8,9","2,3,8,9","2,3,9"
10,6,0.978791430169212,0.163131905028202,-1624.45869788776,-1599.17104929722,FALSE,TRUE,FALSE,"2,3,9,1,4,5","2,9","2,3,6,8,9,19","2,3,8,9","2,3,9"
10,7,0.978852929668795,0.139836132809828,-1623.91067789719,-1594.40842120823,FALSE,FALSE,FALSE,"2,3,9,1,4,5,6","2,9","2,3,6,8,9,19","2,3,8,9","2,3,9"
10,8,0.978913660941284,0.122364207617661,-1623.34867012246,-1589.63180533508,FALSE,FALSE,FALSE,"2,3,9,1,4,5,6,7","2,9","2,3,6,8,9,19","2,3,8,9","2,3,9"
10,9,0.978962270972306,0.10877358566359,-1622.5026434875,-1584.5711706017,FALSE,FALSE,FALSE,"2,3,9,1,4,5,6,7,8","2,9","2,3,6,8,9,19","2,3,8,9","2,3,9"
10,10,0.979012600101586,0.0979012600101586,-1621.70024013094,-1579.55415914671,FALSE,FALSE,FALSE,"2,3,9,1,4,5,6,7,8,10","2,9","2,3,6,8,9,19","2,3,8,9","2,3,9"
10,11,0.979067476567259,0.0890061342333872,-1621.00931926703,-1574.64863018439,FALSE,FALSE,FALSE,"2,3,9,1,4,5,6,7,8,10,11","2,9","2,3,6,8,9,19","2,3,8,9","2,3,9"
10,12,0.979101893337999,0.0815918244448333,-1619.8320842703,-1569.25678708923,FALSE,FALSE,FALSE,"2,3,9,1,4,5,6,7,8,10,11,12","2,9","2,3,6,8,9,19","2,3,8,9","2,3,9"
10,13,0.979110015271314,0.0753161550208703,-1618.02644426969,-1563.2365389902,FALSE,FALSE,FALSE,"2,3,9,1,4,5,6,7,8,10,11,12,13","2,9","2,3,6,8,9,19","2,3,8,9","2,3,9"
10,14,0.979116323990312,0.0699368802850223,-1616.17746572517,-1557.17295234726,FALSE,FALSE,FALSE,"2,3,9,1,4,5,6,7,8,10,11,12,13,14","2,9","2,3,6,8,9,19","2,3,8,9","2,3,9"
10,15,0.979118368390164,0.0652745578926776,-1614.22641543895,-1551.00729396261,FALSE,FALSE,FALSE,"2,3,9,1,4,5,6,7,8,10,11,12,13,14,15","2,9","2,3,6,8,9,19","2,3,8,9","2,3,9"
10,16,0.979121128817508,0.0611950705510942,-1612.29251683053,-1544.85878725578,FALSE,FALSE,FALSE,"2,3,9,1,4,5,6,7,8,10,11,12,13,14,15,16","2,9","2,3,6,8,9,19","2,3,8,9","2,3,9"
10,17,0.97912185162141,0.0575954030365535,-1610.3098265885,-1538.66148891532,FALSE,FALSE,FALSE,"2,3,9,1,4,5,6,7,8,10,11,12,13,14,15,16,17","2,9","2,3,6,8,9,19","2,3,8,9","2,3,9"
10,18,0.979121983863443,0.0543956657701913,-1608.31299359474,-1532.45004782314,FALSE,FALSE,FALSE,"2,3,9,1,4,5,6,7,8,10,11,12,13,14,15,16,17,18","2,9","2,3,6,8,9,19","2,3,8,9","2,3,9"
10,19,0.979122080798531,0.0515327410946595,-1606.31531506322,-1526.2377611932,FALSE,FALSE,FALSE,"2,3,9,1,4,5,6,7,8,10,11,12,13,14,15,16,17,18,19","2,9","2,3,6,8,9,19","2,3,8,9","2,3,9"
10,20,0.979122168630821,0.048956108431541,-1604.31741854091,-1520.02525657247,FALSE,FALSE,FALSE,"2,3,9,1,4,5,6,7,8,10,11,12,13,14,15,16,17,18,19,20","2,9","2,3,6,8,9,19","2,3,8,9","2,3,9"
11,1,0.275387011465407,0.275387011465407,-180.000231969164,-175.785623870742,FALSE,FALSE,FALSE,"11","1","3","3","3,11,12"
11,2,0.70064652606809,0.350323263034045,-620.006552563726,-611.577336366881,FALSE,FALSE,FALSE,"11,12","1,2","3,5","3,11","3,11,12"
11,3,0.962145699072666,0.320715233024222,-1651.94678153974,-1639.30295724448,FALSE,FALSE,TRUE,"11,12,3","1,2,3","3,5,11","3,11,12","3,11,12"
11,4,0.96230700514327,0.240576751285817,-1652.08195148935,-1635.22351909566,FALSE,TRUE,FALSE,"11,12,3,1","1,2,3,4","3,5,11,12","3,11,12","3,11,12"
11,5,0.962409526208106,0.192481905241621,-1651.44375282571,-1630.3707123336,FALSE,FALSE,FALSE,"11,12,3,1,2","1,2,3,4,5","3,5,11,12","3,11,12","3,11,12"
11,6,0.962561954561655,0.160426992426943,-1651.47536113713,-1626.1877125466,FALSE,FALSE,FALSE,"11,12,3,1,2,4","1,2,3,4,5,6","3,5,11,12","3,11,12","3,11,12"
11,7,0.962626221726617,0.137518031675231,-1650.33441225475,-1620.83215556579,FALSE,FALSE,FALSE,"11,12,3,1,2,4,5","1,2,3,4,5,6,8","3,5,11,12","3,11,12","3,11,12"
11,8,0.962689811611597,0.12033622645145,-1649.18586542722,-1615.46900063984,FALSE,FALSE,FALSE,"11,12,3,1,2,4,5,6","1,2,3,4,5,6,8,9","3,5,11,12","3,11,12","3,11,12"
11,9,0.962756501290712,0.106972944587857,-1648.08038452479,-1610.14891163899,FALSE,FALSE,FALSE,"11,12,3,1,2,4,5,6,7","1,2,3,4,5,6,8,9,10","3,5,11,12","3,11,12","3,11,12"
11,10,0.962818041124183,0.0962818041124183,-1646.90725008253,-1604.7611690983,FALSE,FALSE,FALSE,"11,12,3,1,2,4,5,6,7,8","1,2,3,4,5,6,8,9,10,11","3,5,11,12","3,11,12","3,11,12"
11,11,0.962843737133014,0.087531248830274,-1645.25291358175,-1598.89222449911,FALSE,FALSE,FALSE,"11,12,3,1,2,4,5,6,7,8,9","1,2,3,4,5,6,8,9,10,11,12","3,5,11,12","3,11,12","3,11,12"
11,12,0.962884257104309,0.0802403547586924,-1643.79847546471,-1593.22317828364,FALSE,FALSE,FALSE,"11,12,3,1,2,4,5,6,7,8,9,10","1,2,3,4,5,6,8,9,10,11,12,13","3,5,11,12","3,11,12","3,11,12"
11,13,0.962898877787629,0.0740691444452022,-1641.99547494034,-1587.20556966085,FALSE,FALSE,FALSE,"11,12,3,1,2,4,5,6,7,8,9,10,13","1,2,3,4,5,6,8,9,10,11,12,13,14","3,5,11,12","3,11,12","3,11,12"
11,14,0.962915108300899,0.0687796505929214,-1640.21425625334,-1581.20974287543,FALSE,FALSE,FALSE,"11,12,3,1,2,4,5,6,7,8,9,10,13,14","1,2,3,4,5,6,8,9,10,11,12,13,14,15","3,5,11,12","3,11,12","3,11,12"
11,15,0.962925913144193,0.0641950608762795,-1638.35995463782,-1575.14083316148,FALSE,FALSE,FALSE,"11,12,3,1,2,4,5,6,7,8,9,10,13,14,15","1,2,3,4,5,6,8,9,10,11,12,13,14,15,16","3,5,11,12","3,11,12","3,11,12"
11,16,0.962933192834577,0.0601833245521611,-1636.45814188662,-1569.02441231186,FALSE,FALSE,FALSE,"11,12,3,1,2,4,5,6,7,8,9,10,13,14,15,16","1,2,3,4,5,6,8,9,10,11,12,13,14,15,16,17","3,5,11,12","3,11,12","3,11,12"
11,17,0.962934251006125,0.0566431912356544,-1634.47241593304,-1562.82407825986,FALSE,FALSE,FALSE,"11,12,3,1,2,4,5,6,7,8,9,10,13,14,15,16,17","1,2,3,4,5,6,8,9,10,11,12,13,14,15,16,17,18","3,5,11,12","3,11,12","3,11,12"
11,18,0.962934681712303,0.0534963712062391,-1632.47822599614,-1556.61528022454,FALSE,FALSE,FALSE,"11,12,3,1,2,4,5,6,7,8,9,10,13,14,15,16,17,18","1,2,3,4,5,6,8,9,10,11,12,13,14,15,16,17,18,19","3,5,11,12","3,11,12","3,11,12"
11,19,0.96293474834957,0.0506807762289247,-1630.47912491364,-1550.40157104361,TRUE,FALSE,FALSE,"11,12,3,1,2,4,5,6,7,8,9,10,13,14,15,16,17,18,19","1,2,3,4,5,6,8,9,10,11,12,13,14,15,16,17,18,19,20","3,5,11,12","3,11,12","3,11,12"
11,20,0.96293474835977,0.0481467374179885,-1628.47912505123,-1544.18696308278,FALSE,FALSE,FALSE,"11,12,3,1,2,4,5,6,7,8,9,10,13,14,15,16,17,18,19,20","1,2,3,4,5,6,8,9,10,11,12,13,14,15,16,17,18,19,20","3,5,11,12","3,11,12","3,11,12"
12,1,0.502639879177451,0.502639879177451,303.975452913936,308.190061012358,FALSE,FALSE,FALSE,"18","9","2","2","2,9,18"
12,2,0.797146994647715,0.398573497323857,-142.440920939828,-134.011704742983,TRUE,FALSE,FALSE,"18,9","9,18","2,9","2,9","2,9,18"
12,3,0.98899535956579,0.329665119855263,-1597.52320278201,-1584.87937848674,FALSE,FALSE,TRUE,"18,9,2","9,18","2,9,17","2,9,18","2,9,18"
12,4,0.989039657051354,0.247259914262838,-1597.53993754787,-1580.68150515418,FALSE,FALSE,FALSE,"18,9,2,1","9,18","2,9,17,18","2,9,18","2,9,18"
12,5,0.989106731263952,0.19782134625279,-1598.60919786911,-1577.536157377,FALSE,TRUE,FALSE,"18,9,2,1,3","9,18","2,9,17,18,19","2,9,18","2,9,18"
12,6,0.989122156560398,0.164853692760066,-1597.31771927592,-1572.03007068538,FALSE,FALSE,FALSE,"18,9,2,1,3,4","9,18","2,9,17,18,19","2,9,18","2,9,18"
12,7,0.989145590499091,0.141306512928442,-1596.39602201055,-1566.89376532159,FALSE,FALSE,FALSE,"18,9,2,1,3,4,5","9,18","2,9,17,18,19","2,9,18","2,9,18"
12,8,0.989160579759845,0.123645072469981,-1595.0869679301,-1561.37010314273,FALSE,FALSE,FALSE,"18,9,2,1,3,4,5,6","9,18","2,9,17,18,19","2,9,18","2,9,18"
12,9,0.989170378655951,0.109907819850661,-1593.53917513716,-1555.60770225136,FALSE,FALSE,FALSE,"18,9,2,1,3,4,5,6,7","9,18","2,9,17,18,19","2,9,18","2,9,18"
12,10,0.989178118584395,0.0989178118584395,-1591.89665280784,-1549.75057182362,FALSE,FALSE,FALSE,"18,9,2,1,3,4,5,6,7,8","9,18","2,9,17,18,19","2,9,18","2,9,18"
12,11,0.989186354650078,0.0899260322409162,-1590.27732604821,-1543.91663696557,FALSE,FALSE,FALSE,"18,9,2,1,3,4,5,6,7,8,10","9,18","2,9,17,18,19","2,9,18","2,9,18"
12,12,0.989192238081955,0.0824326865068296,-1588.54943747693,-1537.97414029587,FALSE,FALSE,FALSE,"18,9,2,1,3,4,5,6,7,8,10,11","9,18","2,9,17,18,19","2,9,18","2,9,18"
12,13,0.989196031055882,0.076092002388914,-1586.72494280737,-1531.93503752788,FALSE,FALSE,FALSE,"18,9,2,1,3,4,5,6,7,8,10,11,12","9,18","2,9,17,18,19","2,9,18","2,9,18"
12,14,0.989198392420086,0.0706570280300061,-1584.8342370079,-1525.82972362999,FALSE,FALSE,FALSE,"18,9,2,1,3,4,5,6,7,8,10,11,12,13","9,18","2,9,17,18,19","2,9,18","2,9,18"
12,15,0.989200505189383,0.0659467003459589,-1582.93204540977,-1519.71292393344,FALSE,FALSE,FALSE,"18,9,2,1,3,4,5,6,7,8,10,11,12,13,14","9,18","2,9,17,18,19","2,9,18","2,9,18"
12,16,0.989201771044639,0.06182511069029,-1580.99065599631,-1513.55692642156,FALSE,FALSE,FALSE,"18,9,2,1,3,4,5,6,7,8,10,11,12,13,14,15","9,18","2,9,17,18,19","2,9,18","2,9,18"
12,17,0.98920294720449,0.0581884086590876,-1579.0451197382,-1507.39678206503,FALSE,FALSE,FALSE,"18,9,2,1,3,4,5,6,7,8,10,11,12,13,14,15,16","9,18","2,9,17,18,19","2,9,18","2,9,18"
12,18,0.989203329551427,0.0549557405306348,-1577.06282613061,-1501.19988035901,FALSE,FALSE,FALSE,"18,9,2,1,3,4,5,6,7,8,10,11,12,13,14,15,16,17","9,18","2,9,17,18,19","2,9,18","2,9,18"
12,19,0.989203609435416,0.0520633478650219,-1575.07578788668,-1494.99823401665,FALSE,FALSE,FALSE,"18,9,2,1,3,4,5,6,7,8,10,11,12,13,14,15,16,17,19","9,18","2,9,17,18,19","2,9,18","2,9,18"
12,20,0.989203775491879,0.0494601887745939,-1573.08347831517,-1488.79131634673,FALSE,FALSE,FALSE,"18,9,2,1,3,4,5,6,7,8,10,11,12,13,14,15,16,17,19,20","9,18","2,9,17,18,19","2,9,18","2,9,18"
13,1,0.721933651754399,0.721933651754399,-158.823387429085,-154.608779330663,FALSE,FALSE,FALSE,"15","9","6","6","6,9,15"
13,2,0.887945075554768,0.443972537777384,-611.258687452523,-602.829471255678,TRUE,FALSE,FALSE,"15,9","9,15","6,9","6,9","6,9,15"
13,3,0.983740515700686,0.327913505233562,-1574.41506755999,-1561.77124326472,FALSE,FALSE,FALSE,"15,9,6","9,15","6,9,15","6,9,15","6,9,15"
13,4,0.98404545387786,0.246011363469465,-1581.88135543813,-1565.02292304444,FALSE,TRUE,TRUE,"15,9,6,1","9,15","6,9,15,20","6,9,15,20","6,9,15"
13,5,0.98410749117052,0.196821498234104,-1581.82933371191,-1560.7562932198,FALSE,FALSE,FALSE,"15,9,6,1,2","9,15","6,9,15,20","6,9,15,20","6,9,15"
13,6,0.984170594007391,0.164028432334565,-1581.81858689729,-1556.53093830676,FALSE,FALSE,FALSE,"15,9,6,1,2,3","9,15","6,9,15,20","6,9,15,20","6,9,15"
13,7,0.984233607205278,0.140604801029325,-1581.81294323101,-1552.31068654205,FALSE,FALSE,FALSE,"15,9,6,1,2,3,4","9,15","6,9,15,20","6,9,15,20","6,9,15"
13,8,0.984275170956737,0.123034396369592,-1581.13279597627,-1547.41593118889,FALSE,FALSE,FALSE,"15,9,6,1,2,3,4,5","9,15","6,9,15,20","6,9,15,20","6,9,15"
13,9,0.984310508829827,0.109367834314425,-1580.25769340377,-1542.32622051797,FALSE,FALSE,FALSE,"15,9,6,1,2,3,4,5,7","9,15","6,9,15,20","6,9,15,20","6,9,15"
13,10,0.98435601405093,0.098435601405093,-1579.70998205092,-1537.5639010667,FALSE,FALSE,FALSE,"15,9,6,1,2,3,4,5,7,8","9,15","6,9,15,20","6,9,15,20","6,9,15"
13,11,0.984390849214641,0.089490077201331,-1578.82459587137,-1532.46390678873,FALSE,FALSE,FALSE,"15,9,6,1,2,3,4,5,7,8,10","9,15","6,9,15,20","6,9,15,20","6,9,15"
13,12,0.984427641963102,0.0820356368302585,-1578.00455049596,-1527.42925331489,FALSE,FALSE,FALSE,"15,9,6,1,2,3,4,5,7,8,10,11","9,15","6,9,15,20","6,9,15,20","6,9,15"
13,13,0.984458901482822,0.0757276078063709,-1577.00924536757,-1522.21934008808,FALSE,FALSE,FALSE,"15,9,6,1,2,3,4,5,7,8,10,11,12","9,15","6,9,15,20","6,9,15,20","6,9,15"
13,14,0.984481004983518,0.070320071784537,-1575.72088213078,-1516.71636875287,FALSE,FALSE,FALSE,"15,9,6,1,2,3,4,5,7,8,10,11,12,13","9,15","6,9,15,20","6,9,15,20","6,9,15"
13,15,0.984484533639178,0.0656323022426119,-1573.83458333644,-1510.61546186011,FALSE,FALSE,FALSE,"15,9,6,1,2,3,4,5,7,8,10,11,12,13,14","9,15","6,9,15,20","6,9,15,20","6,9,15"
13,16,0.984486439436814,0.0615304024648008,-1571.89600316898,-1504.46227359423,FALSE,FALSE,FALSE,"15,9,6,1,2,3,4,5,7,8,10,11,12,13,14,16","9,15","6,9,15,20","6,9,15,20","6,9,15"
13,17,0.984487914621605,0.0579110538012709,-1569.94355043988,-1498.2952127667,FALSE,FALSE,FALSE,"15,9,6,1,2,3,4,5,7,8,10,11,12,13,14,16,17","9,15","6,9,15,20","6,9,15,20","6,9,15"
13,18,0.98448933584237,0.0546938519912428,-1567.98936265148,-1492.12641687988,FALSE,FALSE,FALSE,"15,9,6,1,2,3,4,5,7,8,10,11,12,13,14,16,17,18","9,15","6,9,15,20","6,9,15,20","6,9,15"
13,19,0.984490442547653,0.0518152864498765,-1566.02503954953,-1485.94748567951,FALSE,FALSE,FALSE,"15,9,6,1,2,3,4,5,7,8,10,11,12,13,14,16,17,18,19","9,15","6,9,15,20","6,9,15,20","6,9,15"
13,20,0.984491111722414,0.0492245555861207,-1564.04661299544,-1479.75445102699,FALSE,FALSE,FALSE,"15,9,6,1,2,3,4,5,7,8,10,11,12,13,14,16,17,18,19,20","9,15","6,9,15,20","6,9,15,20","6,9,15"
14,1,0.767407613950353,0.767407613950353,-301.898804132093,-297.684196033671,FALSE,FALSE,FALSE,"15","15","8","15","15,17,18"
14,2,0.891237973707402,0.445618986853701,-679.961431632723,-671.532215435878,TRUE,FALSE,FALSE,"15,18","15,18","8,11","15,17","15,17,18"
14,3,0.981946834915896,0.327315611638632,-1575.88204669599,-1563.23822240072,FALSE,FALSE,TRUE,"15,18,17","15,18","8,11,14","15,17,18","15,17,18"
14,4,0.982136525806737,0.245534131451684,-1579.1635167443,-1562.30508435061,FALSE,FALSE,FALSE,"15,18,17,1","15,18","8,11,14,15","15,17,18","15,17,18"
14,5,0.982247790689088,0.196449558137818,-1580.28756866117,-1559.21452816905,FALSE,FALSE,FALSE,"15,18,17,1,2","15,18","8,11,14,15,17","15,17,18","15,17,18"
14,6,0.982367551546149,0.163727925257692,-1581.67212349144,-1556.38447490091,FALSE,FALSE,FALSE,"15,18,17,1,2,3","15,18","8,11,14,15,17,18","15,17,18","15,17,18"
14,7,0.982442155645709,0.140348879377958,-1581.79214595719,-1552.28988926823,FALSE,TRUE,FALSE,"15,18,17,1,2,3,4","15,18","8,11,14,15,17,18,19","15,17,18","15,17,18"
14,8,0.982510945177346,0.122813868147168,-1581.75493358148,-1548.03806879411,FALSE,FALSE,FALSE,"15,18,17,1,2,3,4,5","15,18","8,11,14,15,17,18,19","15,17,18","15,17,18"
14,9,0.982578317490437,0.109175368610049,-1581.68478101177,-1543.75330812597,FALSE,FALSE,FALSE,"15,18,17,1,2,3,4,5,6","15,18","8,11,14,15,17,18,19","15,17,18","15,17,18"
14,10,0.98262120670918,0.098262120670918,-1580.91721359986,-1538.77113261564,FALSE,FALSE,FALSE,"15,18,17,1,2,3,4,5,6,7","15,18","8,11,14,15,17,18,19","15,17,18","15,17,18"
14,11,0.98266026944439,0.0893327517676718,-1580.04234068953,-1533.68165160688,FALSE,FALSE,FALSE,"15,18,17,1,2,3,4,5,6,7,8","15,18","8,11,14,15,17,18,19","15,17,18","15,17,18"
14,12,0.982695069840814,0.0818912558200678,-1579.04683625712,-1528.47153907605,FALSE,FALSE,FALSE,"15,18,17,1,2,3,4,5,6,7,8,9","15,18","8,11,14,15,17,18,19","15,17,18","15,17,18"
14,13,0.982732697980904,0.075594822921608,-1578.13522866276,-1523.34532338327,FALSE,FALSE,FALSE,"15,18,17,1,2,3,4,5,6,7,8,9,10","15,18","8,11,14,15,17,18,19","15,17,18","15,17,18"
14,14,0.982750900727844,0.0701964929091317,-1576.66259385573,-1517.65808047782,FALSE,FALSE,FALSE,"15,18,17,1,2,3,4,5,6,7,8,9,10,11","15,18","8,11,14,15,17,18,19","15,17,18","15,17,18"
14,15,0.982765503506354,0.0655177002337569,-1575.08606417714,-1511.86694270081,FALSE,FALSE,FALSE,"15,18,17,1,2,3,4,5,6,7,8,9,10,11,12","15,18","8,11,14,15,17,18,19","15,17,18","15,17,18"
14,16,0.982770859074976,0.061423178692186,-1573.24146183874,-1505.80773226399,FALSE,FALSE,FALSE,"15,18,17,1,2,3,4,5,6,7,8,9,10,11,12,13","15,18","8,11,14,15,17,18,19","15,17,18","15,17,18"
14,17,0.982775193594354,0.0578103055055502,-1571.36726801588,-1499.71893034271,FALSE,FALSE,FALSE,"15,18,17,1,2,3,4,5,6,7,8,9,10,11,12,13,14","15,18","8,11,14,15,17,18,19","15,17,18","15,17,18"
14,18,0.982778837053138,0.0545988242807299,-1569.47304116919,-1493.61009539759,FALSE,FALSE,FALSE,"15,18,17,1,2,3,4,5,6,7,8,9,10,11,12,13,14,16","15,18","8,11,14,15,17,18,19","15,17,18","15,17,18"
14,19,0.982779441594338,0.051725233768123,-1567.49059375298,-1487.41303988296,FALSE,FALSE,FALSE,"15,18,17,1,2,3,4,5,6,7,8,9,10,11,12,13,14,16,19","15,18","8,11,14,15,17,18,19","15,17,18","15,17,18"
14,20,0.982779443402643,0.0491389721701321,-1565.49064625724,-1481.19848428879,FALSE,FALSE,FALSE,"15,18,17,1,2,3,4,5,6,7,8,9,10,11,12,13,14,16,19,20","15,18","8,11,14,15,17,18,19","15,17,18","15,17,18"
15,1,0.471394886269337,0.471394886269337,-381.637012739053,-377.422404640631,FALSE,FALSE,FALSE,"3","3","3","3","3,5,13"
15,2,0.654916879693147,0.327458439846574,-592.865192632864,-584.435976436019,TRUE,FALSE,FALSE,"3,5","3,13","3,5","3,5","3,5,13"
15,3,0.946129024028107,0.315376341342702,-1519.46192400342,-1506.81809970815,FALSE,FALSE,TRUE,"3,5,13","3,13","3,5,6","3,5,13","3,5,13"
15,4,0.946342799103779,0.236585699775945,-1519.45001088025,-1502.59157848656,FALSE,FALSE,FALSE,"3,5,13,1","3,13","3,5,6,9","3,5,13","3,5,13"
15,5,0.946624513492505,0.189324902698501,-1520.08205765119,-1499.00901715908,FALSE,TRUE,FALSE,"3,5,13,1,2","3,13","3,5,6,9,13","3,5,13","3,5,13"
15,6,0.946830427029775,0.157805071171629,-1520.01470281231,-1494.72705422178,FALSE,FALSE,FALSE,"3,5,13,1,2,4","3,13","3,5,6,9,13","3,5,13","3,5,13"
15,7,0.94700174443793,0.135285963491133,-1519.62835130846,-1490.12609461951,FALSE,FALSE,FALSE,"3,5,13,1,2,4,6","3,13","3,5,6,9,13","3,5,13","3,5,13"
15,8,0.94719045746761,0.118398807183451,-1519.41189877074,-1485.69503398337,FALSE,FALSE,FALSE,"3,5,13,1,2,4,6,7","3,13","3,5,6,9,13","3,5,13","3,5,13"
15,9,0.947381579879578,0.10526461998662,-1519.22472543004,-1481.29325254424,FALSE,FALSE,FALSE,"3,5,13,1,2,4,6,7,8","3,13","3,5,6,9,13","3,5,13","3,5,13"
15,10,0.947500775564562,0.0947500775564562,-1518.35865243701,-1476.21257145279,FALSE,FALSE,FALSE,"3,5,13,1,2,4,6,7,8,9","3,13","3,5,6,9,13","3,5,13","3,5,13"
15,11,0.947638245072969,0.0861489313702699,-1517.66962233254,-1471.3089332499,FALSE,FALSE,FALSE,"3,5,13,1,2,4,6,7,8,9,10","3,13","3,5,6,9,13","3,5,13","3,5,13"
15,12,0.947679569368572,0.078973297447381,-1516.06438193303,-1465.48908475197,FALSE,FALSE,FALSE,"3,5,13,1,2,4,6,7,8,9,10,11","3,13","3,5,6,9,13","3,5,13","3,5,13"
15,13,0.947763099173825,0.0729048537826019,-1514.8632720908,-1460.07336681131,FALSE,FALSE,FALSE,"3,5,13,1,2,4,6,7,8,9,10,11,12","3,13","3,5,6,9,13","3,5,13","3,5,13"
15,14,0.947806442330145,0.0677004601664389,-1513.27831535914,-1454.27380198123,FALSE,FALSE,FALSE,"3,5,13,1,2,4,6,7,8,9,10,11,12,14","3,13","3,5,6,9,13","3,5,13","3,5,13"
15,15,0.94783098886069,0.0631887325907127,-1511.51351971716,-1448.29439824083,FALSE,FALSE,FALSE,"3,5,13,1,2,4,6,7,8,9,10,11,12,14,15","3,13","3,5,6,9,13","3,5,13","3,5,13"
15,16,0.947852269217103,0.0592407668260689,-1509.71751723775,-1442.28378766299,FALSE,FALSE,FALSE,"3,5,13,1,2,4,6,7,8,9,10,11,12,14,15,16","3,13","3,5,6,9,13","3,5,13","3,5,13"
15,17,0.94786657811528,0.0557568575361929,-1507.85473185324,-1436.20639418006,FALSE,FALSE,FALSE,"3,5,13,1,2,4,6,7,8,9,10,11,12,14,15,16,17","3,13","3,5,6,9,13","3,5,13","3,5,13"
15,18,0.947878220719482,0.0526599011510823,-1505.96640593876,-1430.10346016716,FALSE,FALSE,FALSE,"3,5,13,1,2,4,6,7,8,9,10,11,12,14,15,16,17,18","3,13","3,5,6,9,13","3,5,13","3,5,13"
15,19,0.947885450299227,0.0498887079104857,-1504.03576352097,-1423.95820965095,FALSE,FALSE,FALSE,"3,5,13,1,2,4,6,7,8,9,10,11,12,14,15,16,17,18,19","3,13","3,5,6,9,13","3,5,13","3,5,13"
15,20,0.947886917781442,0.0473943458890721,-1502.04984310992,-1417.75768114148,FALSE,FALSE,FALSE,"3,5,13,1,2,4,6,7,8,9,10,11,12,14,15,16,17,18,19,20","3,13","3,5,6,9,13","3,5,13","3,5,13"
16,1,0.71252756318336,0.71252756318336,-159.313704844322,-155.0990967459,FALSE,FALSE,FALSE,"7","4","4","4","4,7,18"
16,2,0.866195627264293,0.433097813632146,-539.687782546986,-531.258566350142,TRUE,FALSE,FALSE,"7,4","4,7","4,7","4,7","4,7,18"
16,3,0.98367938104375,0.327893127014583,-1589.66255916517,-1577.0187348699,FALSE,TRUE,TRUE,"7,4,18","4,7","4,7,18","4,7,18","4,7,18"
16,4,0.983728896773945,0.245932224193486,-1589.18183353843,-1572.32340114474,FALSE,FALSE,FALSE,"7,4,18,1","4,7","4,7,18","4,7,18","4,7,18"
16,5,0.983779560576701,0.19675591211534,-1588.74112680943,-1567.66808631732,FALSE,FALSE,FALSE,"7,4,18,1,2","4,7","4,7,18","4,7,18","4,7,18"
16,6,0.983826145673457,0.163971024278909,-1588.17919269932,-1562.89154410878,FALSE,FALSE,FALSE,"7,4,18,1,2,3","4,7","4,7,18","4,7,18","4,7,18"
16,7,0.983866476051372,0.140552353721625,-1587.42752670283,-1557.92527001388,FALSE,FALSE,FALSE,"7,4,18,1,2,3,5","4,7","4,7,18","4,7,18","4,7,18"
16,8,0.983901229878104,0.122987653734763,-1586.50575712985,-1552.78889234247,FALSE,FALSE,FALSE,"7,4,18,1,2,3,5,6","4,7","4,7,18","4,7,18","4,7,18"
16,9,0.983929900125142,0.109325544458349,-1585.39699933489,-1547.46552644909,FALSE,FALSE,FALSE,"7,4,18,1,2,3,5,6,8","4,7","4,7,18","4,7,18","4,7,18"
16,10,0.98395817542374,0.098395817542374,-1584.2775228908,-1542.13144190657,FALSE,FALSE,FALSE,"7,4,18,1,2,3,5,6,8,9","4,7","4,7,18","4,7,18","4,7,18"
16,11,0.983981071592295,0.0894528246902087,-1582.99167244491,-1536.63098336227,FALSE,FALSE,FALSE,"7,4,18,1,2,3,5,6,8,9,10","4,7","4,7,18","4,7,18","4,7,18"
16,12,0.983997735040242,0.0819998112533535,-1581.51206059097,-1530.9367634099,FALSE,FALSE,FALSE,"7,4,18,1,2,3,5,6,8,9,10,11","4,7","4,7,18","4,7,18","4,7,18"
16,13,0.984011909213228,0.075693223785633,-1579.95513706146,-1525.16523178197,FALSE,FALSE,FALSE,"7,4,18,1,2,3,5,6,8,9,10,11,12","4,7","4,7,18","4,7,18","4,7,18"
16,14,0.984023661048935,0.0702874043606382,-1578.32279061675,-1519.31827723884,FALSE,FALSE,FALSE,"7,4,18,1,2,3,5,6,8,9,10,11,12,13","4,7","4,7,18","4,7,18","4,7,18"
16,15,0.984037561190513,0.0656025040793675,-1576.75800271409,-1513.53888123775,FALSE,FALSE,FALSE,"7,4,18,1,2,3,5,6,8,9,10,11,12,13,14","4,7","4,7,18","4,7,18","4,7,18"
16,16,0.984040600484891,0.0615025375303057,-1574.85321322035,-1507.4194836456,FALSE,FALSE,FALSE,"7,4,18,1,2,3,5,6,8,9,10,11,12,13,14,15","4,7","4,7,18","4,7,18","4,7,18"
16,17,0.984041190452194,0.0578847759089526,-1572.87169694232,-1501.22335926914,FALSE,FALSE,FALSE,"7,4,18,1,2,3,5,6,8,9,10,11,12,13,14,15,16","4,7","4,7,18","4,7,18","4,7,18"
16,18,0.984041534214084,0.0546689741230047,-1570.88246734447,-1495.01952157287,FALSE,FALSE,FALSE,"7,4,18,1,2,3,5,6,8,9,10,11,12,13,14,15,16,17","4,7","4,7,18","4,7,18","4,7,18"
16,19,0.984041571889755,0.0517916616784082,-1568.88364777484,-1488.80609390481,FALSE,FALSE,FALSE,"7,4,18,1,2,3,5,6,8,9,10,11,12,13,14,15,16,17,19","4,7","4,7,18","4,7,18","4,7,18"
16,20,0.984041606568538,0.0492020803284269,-1566.88473431106,-1482.59257234262,FALSE,FALSE,FALSE,"7,4,18,1,2,3,5,6,8,9,10,11,12,13,14,15,16,17,19,20","4,7","4,7,18","4,7,18","4,7,18"
17,1,0.58742079455919,0.58742079455919,208.495454532633,212.710062631056,FALSE,FALSE,FALSE,"2","2","2","2","2,10,15"
17,2,0.800612630106179,0.400306315053089,-153.093888249025,-144.66467205218,TRUE,FALSE,FALSE,"2,10","2,10","2,10","2,10","2,10,15"
17,3,0.989747377351961,0.329915792450654,-1634.95187525501,-1622.30805095974,FALSE,FALSE,TRUE,"2,10,15","2,10","2,10,11","2,10,15","2,10,15"
17,4,0.989802622872901,0.247450655718225,-1635.65337432314,-1618.79494192945,FALSE,FALSE,FALSE,"2,10,15,1","2,10","2,10,11,15","2,10,15","2,10,15"
17,5,0.989924565758003,0.197984913151601,-1639.6685418103,-1618.59550131819,FALSE,FALSE,FALSE,"2,10,15,1,3","2,10","2,10,11,15,16","2,10,15","2,10,15"
17,6,0.989967033681484,0.164994505613581,-1639.78049429967,-1614.49284570913,FALSE,TRUE,FALSE,"2,10,15,1,3,4","2,10","2,10,11,15,16,18","2,10,15","2,10,15"
17,7,0.990000654235744,0.141428664890821,-1639.45881209385,-1609.9565554049,FALSE,FALSE,FALSE,"2,10,15,1,3,4,5","2,10","2,10,11,15,16,18","2,10,15","2,10,15"
17,8,0.990038760990504,0.123754845123813,-1639.36791453188,-1605.65104974451,FALSE,FALSE,FALSE,"2,10,15,1,3,4,5,6","2,10","2,10,11,15,16,18","2,10,15","2,10,15"
17,9,0.990053796621448,0.110005977402383,-1638.12319155386,-1600.19171866806,FALSE,FALSE,FALSE,"2,10,15,1,3,4,5,6,7","2,10","2,10,11,15,16,18","2,10,15","2,10,15"
17,10,0.990064131518498,0.0990064131518498,-1636.6430014637,-1594.49692047948,FALSE,FALSE,FALSE,"2,10,15,1,3,4,5,6,7,8","2,10","2,10,11,15,16,18","2,10,15","2,10,15"
17,11,0.990070959803679,0.0900064508912435,-1634.98673752415,-1588.62604844151,FALSE,FALSE,FALSE,"2,10,15,1,3,4,5,6,7,8,9","2,10","2,10,11,15,16,18","2,10,15","2,10,15"
17,12,0.990074572959945,0.0825062144133288,-1633.16871955687,-1582.5934223758,FALSE,FALSE,FALSE,"2,10,15,1,3,4,5,6,7,8,9,11","2,10","2,10,11,15,16,18","2,10,15","2,10,15"
17,13,0.990077961515609,0.0761598431935084,-1631.33944945143,-1576.54954417194,FALSE,FALSE,FALSE,"2,10,15,1,3,4,5,6,7,8,9,11,12","2,10","2,10,11,15,16,18","2,10,15","2,10,15"
17,14,0.990079883481756,0.0707199916772683,-1629.43631222433,-1570.43179884642,FALSE,FALSE,FALSE,"2,10,15,1,3,4,5,6,7,8,9,11,12,13","2,10","2,10,11,15,16,18","2,10,15","2,10,15"
17,15,0.9900820999389,0.06600547332926,-1627.5480399842,-1564.32891850786,FALSE,FALSE,FALSE,"2,10,15,1,3,4,5,6,7,8,9,11,12,13,14","2,10","2,10,11,15,16,18","2,10,15","2,10,15"
17,16,0.990083658659213,0.0618802286662008,-1625.62662732639,-1558.19289775163,FALSE,FALSE,FALSE,"2,10,15,1,3,4,5,6,7,8,9,11,12,13,14,16","2,10","2,10,11,15,16,18","2,10,15","2,10,15"
17,17,0.990084704213979,0.0582402767184694,-1623.67934888238,-1552.03101120921,FALSE,FALSE,FALSE,"2,10,15,1,3,4,5,6,7,8,9,11,12,13,14,16,17","2,10","2,10,11,15,16,18","2,10,15","2,10,15"
17,18,0.990085053194889,0.0550047251774938,-1621.69694730096,-1545.83400152936,FALSE,FALSE,FALSE,"2,10,15,1,3,4,5,6,7,8,9,11,12,13,14,16,17,18","2,10","2,10,11,15,16,18","2,10,15","2,10,15"
17,19,0.990085309406062,0.0521097531266348,-1619.70986791912,-1539.6323140491,FALSE,FALSE,FALSE,"2,10,15,1,3,4,5,6,7,8,9,11,12,13,14,16,17,18,19","2,10","2,10,11,15,16,18","2,10,15","2,10,15"
17,20,0.990085326174764,0.0495042663087382,-1617.71071356915,-1533.41855160071,FALSE,FALSE,FALSE,"2,10,15,1,3,4,5,6,7,8,9,11,12,13,14,16,17,18,19,20","2,10","2,10,11,15,16,18","2,10,15","2,10,15"
18,1,0.519826051547888,0.519826051547888,393.072272394358,397.286880492781,FALSE,FALSE,FALSE,"10","1","3","10","10,13,18"
18,2,0.852713631365166,0.426356815682583,-195.812554201068,-187.383338004223,FALSE,FALSE,FALSE,"10,18","1,2","3,10","10,13","10,13,18"
18,3,0.990457533309328,0.330152511103109,-1562.12593553568,-1549.48211124041,FALSE,FALSE,TRUE,"10,18,13","1,2,3","3,10,13","10,13,18","10,13,18"
18,4,0.990553695100094,0.247638423775023,-1565.19011845868,-1548.33168606499,FALSE,TRUE,FALSE,"10,18,13,1","1,2,3,4","3,10,13,18","10,13,18","10,13,18"
18,5,0.990580319615697,0.198116063923139,-1564.60136377014,-1543.52832327803,FALSE,FALSE,FALSE,"10,18,13,1,2","1,2,3,4,5","3,10,13,18","10,13,18","10,13,18"
18,6,0.990602985593547,0.165100497598925,-1563.80593179153,-1538.518283201,FALSE,FALSE,FALSE,"10,18,13,1,2,3","1,2,3,4,5,6","3,10,13,18","10,13,18","10,13,18"
18,7,0.990628364410074,0.141518337772868,-1563.15812451713,-1533.65586782817,FALSE,FALSE,FALSE,"10,18,13,1,2,3,4","1,2,3,4,5,6,7","3,10,13,18","10,13,18","10,13,18"
18,8,0.990650049773257,0.123831256221657,-1562.316433065,-1528.59956827762,FALSE,FALSE,FALSE,"10,18,13,1,2,3,4,5","1,2,3,4,5,6,7,9","3,10,13,18","10,13,18","10,13,18"
18,9,0.990667752185196,0.110074194687244,-1561.26398844354,-1523.33251555774,FALSE,FALSE,FALSE,"10,18,13,1,2,3,4,5,6","1,2,3,4,5,6,7,9,10","3,10,13,18","10,13,18","10,13,18"
18,10,0.990683177239629,0.0990683177239629,-1560.09111051852,-1517.94502953429,FALSE,FALSE,FALSE,"10,18,13,1,2,3,4,5,6,7","1,2,3,4,5,6,7,9,10,11","3,10,13,18","10,13,18","10,13,18"
18,11,0.99070214589682,0.0900638314451654,-1559.11012706635,-1512.74943798371,FALSE,FALSE,FALSE,"10,18,13,1,2,3,4,5,6,7,8","1,2,3,4,5,6,7,9,10,11,12","3,10,13,18","10,13,18","10,13,18"
18,12,0.990707201355392,0.0825589334462827,-1557.38206257964,-1506.80676539857,FALSE,FALSE,FALSE,"10,18,13,1,2,3,4,5,6,7,8,9","1,2,3,4,5,6,7,9,10,11,12,13","3,10,13,18","10,13,18","10,13,18"
18,13,0.990712997290744,0.076208692099288,-1555.694010777,-1500.90410549751,FALSE,FALSE,FALSE,"10,18,13,1,2,3,4,5,6,7,8,9,11","1,2,3,4,5,6,7,9,10,11,12,13,14","3,10,13,18","10,13,18","10,13,18"
18,14,0.990718698937746,0.0707656213526962,-1554.00107421431,-1494.9965608364,FALSE,FALSE,FALSE,"10,18,13,1,2,3,4,5,6,7,8,9,11,12","1,2,3,4,5,6,7,9,10,11,12,13,14,15","3,10,13,18","10,13,18","10,13,18"
18,15,0.990722206995792,0.0660481471330528,-1552.19009519107,-1488.97097371474,FALSE,FALSE,FALSE,"10,18,13,1,2,3,4,5,6,7,8,9,11,12,14","1,2,3,4,5,6,7,9,10,11,12,13,14,15,16","3,10,13,18","10,13,18","10,13,18"
18,16,0.990725628472459,0.0619203517795287,-1550.37451985481,-1482.94079028005,FALSE,FALSE,FALSE,"10,18,13,1,2,3,4,5,6,7,8,9,11,12,14,15","1,2,3,4,5,6,7,9,10,11,12,13,14,15,16,17","3,10,13,18","10,13,18","10,13,18"
18,17,0.990727452504637,0.0582780854414492,-1548.47286676521,-1476.82452909203,FALSE,FALSE,FALSE,"10,18,13,1,2,3,4,5,6,7,8,9,11,12,14,15,16","1,2,3,4,5,6,7,9,10,11,12,13,14,15,16,17,18","3,10,13,18","10,13,18","10,13,18"
18,18,0.990728343015562,0.0550404635008646,-1546.52088774811,-1470.65794197651,FALSE,FALSE,FALSE,"10,18,13,1,2,3,4,5,6,7,8,9,11,12,14,15,16,17","1,2,3,4,5,6,7,9,10,11,12,13,14,15,16,17,18,19","3,10,13,18","10,13,18","10,13,18"
18,19,0.990728931292463,0.0521436279627612,-1544.55261322959,-1464.47505935957,TRUE,FALSE,FALSE,"10,18,13,1,2,3,4,5,6,7,8,9,11,12,14,15,16,17,19","1,2,3,4,5,6,7,9,10,11,12,13,14,15,16,17,18,19,20","3,10,13,18","10,13,18","10,13,18"
18,20,0.990728939783011,0.0495364469891505,-1542.55307113539,-1458.26090916695,FALSE,FALSE,FALSE,"10,18,13,1,2,3,4,5,6,7,8,9,11,12,14,15,16,17,19,20","1,2,3,4,5,6,7,9,10,11,12,13,14,15,16,17,18,19,20","3,10,13,18","10,13,18","10,13,18"
19,1,0.419497259479243,0.419497259479243,279.420679891636,283.635287990058,FALSE,FALSE,FALSE,"20","7","2","7","7,15,20"
19,2,0.736989186724267,0.368494593362133,-114.429007930051,-105.999791733207,TRUE,FALSE,FALSE,"20,7","7,20","2,5","7,15","7,15,20"
19,3,0.986973363849902,0.328991121283301,-1615.02848321437,-1602.38465891911,FALSE,FALSE,TRUE,"20,7,15","7,20","2,5,7","7,15,20","7,15,20"
19,4,0.98708842873033,0.246772107182582,-1617.46462767751,-1600.60619528382,FALSE,FALSE,FALSE,"20,7,15,1","7,20","2,5,7,15","7,15,20","7,15,20"
19,5,0.987180617046631,0.197436123409326,-1619.04742176892,-1597.9743812768,FALSE,FALSE,FALSE,"20,7,15,1,2","7,20","2,5,7,15,19","7,15,20","7,15,20"
19,6,0.987308200703461,0.16455136678391,-1622.04855104846,-1596.76090245792,FALSE,TRUE,FALSE,"20,7,15,1,2,3","7,20","2,5,7,15,19,20","7,15,20","7,15,20"
19,7,0.987353105168595,0.141050443595514,-1621.82072257064,-1592.31846588169,FALSE,FALSE,FALSE,"20,7,15,1,2,3,4","7,20","2,5,7,15,19,20","7,15,20","7,15,20"
19,8,0.98740085396042,0.123425106745053,-1621.71206264271,-1587.99519785533,FALSE,FALSE,FALSE,"20,7,15,1,2,3,4,5","7,20","2,5,7,15,19,20","7,15,20","7,15,20"
19,9,0.987443725742655,0.109715969526962,-1621.4163404181,-1583.4848675323,FALSE,FALSE,FALSE,"20,7,15,1,2,3,4,5,6","7,20","2,5,7,15,19,20","7,15,20","7,15,20"
19,10,0.987488199911488,0.0987488199911488,-1621.19047810738,-1579.04439712316,FALSE,FALSE,FALSE,"20,7,15,1,2,3,4,5,6,8","7,20","2,5,7,15,19,20","7,15,20","7,15,20"
19,11,0.987497903397257,0.0897725366724779,-1619.57840192332,-1573.21771284067,FALSE,FALSE,FALSE,"20,7,15,1,2,3,4,5,6,8,9","7,20","2,5,7,15,19,20","7,15,20","7,15,20"
19,12,0.987502857992281,0.08229190483269,-1617.77659176284,-1567.20129458178,FALSE,FALSE,FALSE,"20,7,15,1,2,3,4,5,6,8,9,10","7,20","2,5,7,15,19,20","7,15,20","7,15,20"
19,13,0.987505991238458,0.0759619993260352,-1615.9019659892,-1561.11206070971,FALSE,FALSE,FALSE,"20,7,15,1,2,3,4,5,6,8,9,10,11","7,20","2,5,7,15,19,20","7,15,20","7,15,20"
19,14,0.987508095231988,0.0705362925165706,-1613.98617317791,-1554.9816598,FALSE,FALSE,FALSE,"20,7,15,1,2,3,4,5,6,8,9,10,11,12","7,20","2,5,7,15,19,20","7,15,20","7,15,20"
19,15,0.987510015747958,0.0658340010498639,-1612.06304950907,-1548.84392803273,FALSE,FALSE,FALSE,"20,7,15,1,2,3,4,5,6,8,9,10,11,12,13","7,20","2,5,7,15,19,20","7,15,20","7,15,20"
19,16,0.987511482467934,0.0617194676542458,-1610.12176880256,-1542.68803922781,FALSE,FALSE,FALSE,"20,7,15,1,2,3,4,5,6,8,9,10,11,12,13,14","7,20","2,5,7,15,19,20","7,15,20","7,15,20"
19,17,0.987512345702301,0.0580889615119001,-1608.15633111955,-1536.50799344637,FALSE,FALSE,FALSE,"20,7,15,1,2,3,4,5,6,8,9,10,11,12,13,14,16","7,20","2,5,7,15,19,20","7,15,20","7,15,20"
19,18,0.987512857075116,0.054861825393062,-1606.1768066738,-1530.3138609022,FALSE,FALSE,FALSE,"20,7,15,1,2,3,4,5,6,8,9,10,11,12,13,14,16,17","7,20","2,5,7,15,19,20","7,15,20","7,15,20"
19,19,0.987513266314357,0.0519743824375977,-1604.19319336646,-1524.11563949644,FALSE,FALSE,FALSE,"20,7,15,1,2,3,4,5,6,8,9,10,11,12,13,14,16,17,18","7,20","2,5,7,15,19,20","7,15,20","7,15,20"
19,20,0.987513308190016,0.0493756654095008,-1602.19487017524,-1517.90270820679,FALSE,FALSE,FALSE,"20,7,15,1,2,3,4,5,6,8,9,10,11,12,13,14,16,17,18,19","7,20","2,5,7,15,19,20","7,15,20","7,15,20"
20,1,0.431694112800424,0.431694112800424,523.279858543447,527.494466641869,FALSE,FALSE,FALSE,"5","5","2","5","5,10,11"
20,2,0.735241272419953,0.367620636209977,143.359429411429,151.788645608273,TRUE,FALSE,FALSE,"5,11","5,11","2,5","5,10","5,10,11"
20,3,0.992557609393792,0.330852536464597,-1640.45398760346,-1627.8101633082,FALSE,FALSE,TRUE,"5,11,10","5,11","2,5,10","5,10,11","5,10,11"
20,4,0.992595336158162,0.24814883403954,-1640.99501994762,-1624.13658755394,FALSE,FALSE,FALSE,"5,11,10,1","5,11","2,5,10,11","5,10,11","5,10,11"
20,5,0.992633128195568,0.198526625639114,-1641.55346212786,-1620.48042163575,FALSE,FALSE,FALSE,"5,11,10,1,2","5,11","2,5,10,11,13","5,10,11","5,10,11"
20,6,0.992668451418942,0.165444741903157,-1641.95666535984,-1616.6690167693,FALSE,TRUE,FALSE,"5,11,10,1,2,3","5,11","2,5,10,11,13,16","5,10,11","5,10,11"
20,7,0.992692815865413,0.141813259409345,-1641.62104911777,-1612.11879242881,FALSE,FALSE,FALSE,"5,11,10,1,2,3,4","5,11","2,5,10,11,13,16","5,10,11","5,10,11"
20,8,0.99271293668294,0.124089117085367,-1640.99973139255,-1607.28286660517,FALSE,FALSE,FALSE,"5,11,10,1,2,3,4,6","5,11","2,5,10,11,13,16","5,10,11","5,10,11"
20,9,0.992727944015706,0.110303104890634,-1640.0305175116,-1602.0990446258,FALSE,FALSE,FALSE,"5,11,10,1,2,3,4,6,7","5,11","2,5,10,11,13,16","5,10,11","5,10,11"
20,10,0.992743073503597,0.0992743073503597,-1639.07184944103,-1596.92576845681,FALSE,FALSE,FALSE,"5,11,10,1,2,3,4,6,7,8","5,11","2,5,10,11,13,16","5,10,11","5,10,11"
20,11,0.992756682474959,0.0902506074977236,-1638.0103836711,-1591.64969458846,FALSE,FALSE,FALSE,"5,11,10,1,2,3,4,6,7,8,9","5,11","2,5,10,11,13,16","5,10,11","5,10,11"
20,12,0.992771650703161,0.0827309708919301,-1637.04469669969,-1586.46939951863,FALSE,FALSE,FALSE,"5,11,10,1,2,3,4,6,7,8,9,12","5,11","2,5,10,11,13,16","5,10,11","5,10,11"
20,13,0.992782212610183,0.0763678625084756,-1635.77582012276,-1580.98591484327,FALSE,FALSE,FALSE,"5,11,10,1,2,3,4,6,7,8,9,12,13","5,11","2,5,10,11,13,16","5,10,11","5,10,11"
20,14,0.992788976781218,0.0709134983415156,-1634.24461631904,-1575.24010294113,FALSE,FALSE,FALSE,"5,11,10,1,2,3,4,6,7,8,9,12,13,14","5,11","2,5,10,11,13,16","5,10,11","5,10,11"
20,15,0.9927926445386,0.0661861763025733,-1632.49899703287,-1569.27987555653,FALSE,FALSE,FALSE,"5,11,10,1,2,3,4,6,7,8,9,12,13,14,15","5,11","2,5,10,11,13,16","5,10,11","5,10,11"
20,16,0.992795349861294,0.0620497093663309,-1630.686710166,-1563.25298059125,FALSE,FALSE,FALSE,"5,11,10,1,2,3,4,6,7,8,9,12,13,14,15,16","5,11","2,5,10,11,13,16","5,10,11","5,10,11"
20,17,0.99279705590688,0.0583998268180518,-1628.80512310618,-1557.156785433,FALSE,FALSE,FALSE,"5,11,10,1,2,3,4,6,7,8,9,12,13,14,15,16,17","5,11","2,5,10,11,13,16","5,10,11","5,10,11"
20,18,0.992798387555156,0.0551554659752864,-1626.89756942872,-1551.03462365712,FALSE,FALSE,FALSE,"5,11,10,1,2,3,4,6,7,8,9,12,13,14,15,16,17,18","5,11","2,5,10,11,13,16","5,10,11","5,10,11"
20,19,0.992799113312752,0.0522525849111975,-1624.94796051639,-1544.87040664637,FALSE,FALSE,FALSE,"5,11,10,1,2,3,4,6,7,8,9,12,13,14,15,16,17,18,19","5,11","2,5,10,11,13,16","5,10,11","5,10,11"
20,20,0.992799478944295,0.0496399739472147,-1622.97334911378,-1538.68118714533,FALSE,FALSE,FALSE,"5,11,10,1,2,3,4,6,7,8,9,12,13,14,15,16,17,18,19,20","5,11","2,5,10,11,13,16","5,10,11","5,10,11"
21,1,0.619955583600332,0.619955583600332,88.0746872220616,92.2892953204838,FALSE,FALSE,FALSE,"7","3","3","3","3,7,16"
21,2,0.809951539599213,0.404975769799607,-256.429831163752,-248.000614966908,TRUE,FALSE,FALSE,"7,3","3,7","3,7","3,7","3,7,16"
21,3,0.986807885455347,0.328935961818449,-1588.25974430043,-1575.61592000516,FALSE,FALSE,TRUE,"7,3,16","3,7","3,7,13","3,7,16","3,7,16"
21,4,0.986851385071732,0.246712846267933,-1587.91116614027,-1571.05273374658,FALSE,FALSE,FALSE,"7,3,16,1","3,7","3,7,13,14","3,7,16","3,7,16"
21,5,0.986929255768536,0.197385851153707,-1588.88114436473,-1567.80810387262,FALSE,TRUE,FALSE,"7,3,16,1,2","3,7","3,7,13,14,16","3,7,16","3,7,16"
21,6,0.986978459140932,0.164496409856822,-1588.76689068967,-1563.47924209914,FALSE,FALSE,FALSE,"7,3,16,1,2,4","3,7","3,7,13,14,16","3,7,16","3,7,16"
21,7,0.987018908698462,0.141002701242637,-1588.32248667349,-1558.82022998453,FALSE,FALSE,FALSE,"7,3,16,1,2,4,5","3,7","3,7,13,14,16","3,7,16","3,7,16"
21,8,0.987052216261715,0.123381527032714,-1587.60706155469,-1553.89019676731,FALSE,FALSE,FALSE,"7,3,16,1,2,4,5,6","3,7","3,7,13,14,16","3,7,16","3,7,16"
21,9,0.987083551917533,0.109675950213059,-1586.81860618384,-1548.88713329804,FALSE,FALSE,FALSE,"7,3,16,1,2,4,5,6,8","3,7","3,7,13,14,16","3,7,16","3,7,16"
21,10,0.987096978771325,0.0987096978771325,-1585.33863449429,-1543.19255351007,FALSE,FALSE,FALSE,"7,3,16,1,2,4,5,6,8,9","3,7","3,7,13,14,16","3,7,16","3,7,16"
21,11,0.987108154971218,0.0897371049973835,-1583.77190677727,-1537.41121769462,FALSE,FALSE,FALSE,"7,3,16,1,2,4,5,6,8,9,10","3,7","3,7,13,14,16","3,7,16","3,7,16"
21,12,0.987117141865296,0.082259761822108,-1582.12057789038,-1531.54528070931,FALSE,FALSE,FALSE,"7,3,16,1,2,4,5,6,8,9,10,11","3,7","3,7,13,14,16","3,7,16","3,7,16"
21,13,0.987124853323011,0.075932681024847,-1580.41995891783,-1525.63005363834,FALSE,FALSE,FALSE,"7,3,16,1,2,4,5,6,8,9,10,11,12","3,7","3,7,13,14,16","3,7,16","3,7,16"
21,14,0.98712883833698,0.0705092027383557,-1578.57473893321,-1519.5702255553,FALSE,FALSE,FALSE,"7,3,16,1,2,4,5,6,8,9,10,11,12,13","3,7","3,7,13,14,16","3,7,16","3,7,16"
21,15,0.987132139549506,0.0658088093033004,-1576.7029960414,-1513.48387456506,FALSE,FALSE,FALSE,"7,3,16,1,2,4,5,6,8,9,10,11,12,13,14","3,7","3,7,13,14,16","3,7,16","3,7,16"
21,16,0.987134975871235,0.0616959359919522,-1574.81321772028,-1507.37948814553,FALSE,FALSE,FALSE,"7,3,16,1,2,4,5,6,8,9,10,11,12,13,14,15","3,7","3,7,13,14,16","3,7,16","3,7,16"
21,17,0.987137272688567,0.0580668983934451,-1572.90249164472,-1501.25415397154,FALSE,FALSE,FALSE,"7,3,16,1,2,4,5,6,8,9,10,11,12,13,14,15,17","3,7","3,7,13,14,16","3,7,16","3,7,16"
21,18,0.987138085551571,0.0548410047528651,-1570.9340902579,-1495.0711444863,FALSE,FALSE,FALSE,"7,3,16,1,2,4,5,6,8,9,10,11,12,13,14,15,17,18","3,7","3,7,13,14,16","3,7,16","3,7,16"
21,19,0.987138729470021,0.0519546699721064,-1568.95912286761,-1488.88156899759,FALSE,FALSE,FALSE,"7,3,16,1,2,4,5,6,8,9,10,11,12,13,14,15,17,18,19","3,7","3,7,13,14,16","3,7,16","3,7,16"
21,20,0.987138890451455,0.0493569445225727,-1566.96538128666,-1482.67321931821,FALSE,FALSE,FALSE,"7,3,16,1,2,4,5,6,8,9,10,11,12,13,14,15,17,18,19,20","3,7","3,7,13,14,16","3,7,16","3,7,16"
22,1,0.464673271436149,0.464673271436149,137.757512249904,141.972120348327,FALSE,FALSE,FALSE,"4","1","4","4","4,6,8"
22,2,0.91926694141465,0.459633470707325,-806.107052147655,-797.677835950811,FALSE,FALSE,FALSE,"4,8","1,2","4,6","4,6","4,6,8"
22,3,0.983894633365932,0.327964877788644,-1610.10484791488,-1597.46102361961,FALSE,FALSE,TRUE,"4,8,6","1,2,3","4,6,7","4,6,8","4,6,8"
22,4,0.984079499806822,0.246019874951705,-1613.87732224702,-1597.01888985333,FALSE,FALSE,FALSE,"4,8,6,1","1,2,3,4","4,6,7,8","4,6,8","4,6,8"
22,5,0.984249166985373,0.196849833397075,-1617.2344949478,-1596.16145445569,FALSE,FALSE,FALSE,"4,8,6,1,2","1,2,3,4,5","4,6,7,8,10","4,6,8","4,6,8"
22,6,0.984432681328832,0.164072113554805,-1621.09424189956,-1595.80659330903,FALSE,FALSE,FALSE,"4,8,6,1,2,3","1,2,3,4,5,6","4,6,7,8,10,11","4,6,8","4,6,8"
22,7,0.984550008461593,0.140650001208799,-1622.87689395926,-1593.37463727031,FALSE,FALSE,FALSE,"4,8,6,1,2,3,5","1,2,3,4,5,6,7","4,6,7,8,10,11,14","4,6,8","4,6,8"
22,8,0.984616141314979,0.123077017664372,-1623.02171059148,-1589.3048458041,FALSE,TRUE,FALSE,"4,8,6,1,2,3,5,7","1,2,3,4,5,6,7,8","4,6,7,8,10,11,14,17","4,6,8","4,6,8"
22,9,0.984673743628035,0.109408193736448,-1622.89739163341,-1584.96591874761,FALSE,FALSE,FALSE,"4,8,6,1,2,3,5,7,9","1,2,3,4,5,6,7,8,9","4,6,7,8,10,11,14,17","4,6,8","4,6,8"
22,10,0.984728066895703,0.0984728066895703,-1622.67276872835,-1580.52668774413,FALSE,FALSE,FALSE,"4,8,6,1,2,3,5,7,9,10","1,2,3,4,5,6,7,8,9,10","4,6,7,8,10,11,14,17","4,6,8","4,6,8"
22,11,0.98477773292851,0.0895252484480464,-1622.30147439819,-1575.94078531555,FALSE,FALSE,FALSE,"4,8,6,1,2,3,5,7,9,10,11","1,2,3,4,5,6,7,8,9,10,11","4,6,7,8,10,11,14,17","4,6,8","4,6,8"
22,12,0.984794096617554,0.0820661747181295,-1620.83925535502,-1570.26395817395,FALSE,FALSE,FALSE,"4,8,6,1,2,3,5,7,9,10,11,12","1,2,3,4,5,6,7,8,9,10,11,12","4,6,7,8,10,11,14,17","4,6,8","4,6,8"
22,13,0.984807419448016,0.0757544168806166,-1619.27752824204,-1564.48762296255,FALSE,FALSE,FALSE,"4,8,6,1,2,3,5,7,9,10,11,12,13","1,2,3,4,5,6,7,8,9,10,11,12,13","4,6,7,8,10,11,14,17","4,6,8","4,6,8"
22,14,0.984817158040158,0.0703440827171541,-1617.59813588039,-1558.59362250248,FALSE,FALSE,FALSE,"4,8,6,1,2,3,5,7,9,10,11,12,13,14","1,2,3,4,5,6,7,8,9,10,11,12,13,14","4,6,7,8,10,11,14,17","4,6,8","4,6,8"
22,15,0.984825627781792,0.0656550418521195,-1615.87713848597,-1552.65801700964,FALSE,FALSE,FALSE,"4,8,6,1,2,3,5,7,9,10,11,12,13,14,15","1,2,3,4,5,6,7,8,9,10,11,12,13,14,15","4,6,7,8,10,11,14,17","4,6,8","4,6,8"
22,16,0.984833548172547,0.0615520967607842,-1614.1381858103,-1546.70445623555,FALSE,FALSE,FALSE,"4,8,6,1,2,3,5,7,9,10,11,12,13,14,15,16","1,2,3,4,5,6,7,8,9,10,11,12,13,14,15,16","4,6,7,8,10,11,14,17","4,6,8","4,6,8"
22,17,0.984841454975507,0.0579318502926769,-1612.39892130775,-1540.75058363457,FALSE,FALSE,FALSE,"4,8,6,1,2,3,5,7,9,10,11,12,13,14,15,16,17","1,2,3,4,5,6,7,8,9,10,11,12,13,14,15,16,17","4,6,7,8,10,11,14,17","4,6,8","4,6,8"
22,18,0.98484823885507,0.0547137910475039,-1610.62273559844,-1534.75978982684,FALSE,FALSE,FALSE,"4,8,6,1,2,3,5,7,9,10,11,12,13,14,15,16,17,18","1,2,3,4,5,6,7,8,9,10,11,12,13,14,15,16,17,18","4,6,7,8,10,11,14,17","4,6,8","4,6,8"
22,19,0.984852916077072,0.0518343640040564,-1608.77710524617,-1528.69955137615,TRUE,FALSE,FALSE,"4,8,6,1,2,3,5,7,9,10,11,12,13,14,15,16,17,18,19","1,2,3,4,5,6,7,8,9,10,11,12,13,14,15,16,17,18,20","4,6,7,8,10,11,14,17","4,6,8","4,6,8"
22,20,0.984854453376615,0.0492427226688307,-1606.82785354751,-1522.53569157907,FALSE,FALSE,FALSE,"4,8,6,1,2,3,5,7,9,10,11,12,13,14,15,16,17,18,19,20","1,2,3,4,5,6,7,8,9,10,11,12,13,14,15,16,17,18,20","4,6,7,8,10,11,14,17","4,6,8","4,6,8"
23,1,0.582056663399897,0.582056663399897,96.5485378254716,100.763145923894,FALSE,FALSE,FALSE,"6","1","1","3","3,6,17"
23,2,0.852725064480386,0.426362532240193,-422.973819863679,-414.544603666835,FALSE,FALSE,FALSE,"6,3","1,2","1,3","3,6","3,6,17"
23,3,0.987240615271413,0.329080205090471,-1643.99086566035,-1631.34704136509,FALSE,FALSE,TRUE,"6,3,17","1,2,3","1,3,6","3,6,17","3,6,17"
23,4,0.987395170992865,0.246848792748216,-1648.08439712166,-1631.22596472797,FALSE,FALSE,FALSE,"6,3,17,1","1,2,3,4","1,3,6,10","3,6,17","3,6,17"
23,5,0.987488253098182,0.197497650619636,-1649.79041707446,-1628.71737658235,FALSE,FALSE,FALSE,"6,3,17,1,2","1,2,3,4,5","1,3,6,10,17","3,6,17","3,6,17"
23,6,0.987548072623276,0.164591345437213,-1650.18668450378,-1624.89903591324,FALSE,TRUE,FALSE,"6,3,17,1,2,4","1,2,3,4,5,6","1,3,6,10,17,18","3,6,17","3,6,17"
23,7,0.987575716981507,0.141082245283072,-1649.29796187168,-1619.79570518272,FALSE,FALSE,FALSE,"6,3,17,1,2,4,5","1,2,3,4,5,6,7","1,3,6,10,17,18","3,6,17","3,6,17"
23,8,0.987599522425178,0.123449940303147,-1648.25690167203,-1614.54003688465,FALSE,FALSE,FALSE,"6,3,17,1,2,4,5,7","1,2,3,4,5,6,7,8","1,3,6,10,17,18","3,6,17","3,6,17"
23,9,0.987624705327083,0.109736078369676,-1647.27333459393,-1609.34186170813,FALSE,FALSE,FALSE,"6,3,17,1,2,4,5,7,8","1,2,3,4,5,6,7,8,9","1,3,6,10,17,18","3,6,17","3,6,17"
23,10,0.987647086657811,0.0987647086657811,-1646.17842795233,-1604.03234696811,FALSE,FALSE,FALSE,"6,3,17,1,2,4,5,7,8,9","1,2,3,4,5,6,7,8,9,10","1,3,6,10,17,18","3,6,17","3,6,17"
23,11,0.987668502257669,0.0897880456597881,-1645.04600405764,-1598.685314975,FALSE,FALSE,FALSE,"6,3,17,1,2,4,5,7,8,9,10","1,2,3,4,5,6,7,8,9,10,11","1,3,6,10,17,18","3,6,17","3,6,17"
23,12,0.987682744977752,0.0823068954148127,-1643.62383133373,-1593.04853415266,FALSE,FALSE,FALSE,"6,3,17,1,2,4,5,7,8,9,10,11","1,2,3,4,5,6,7,8,9,10,11,12","1,3,6,10,17,18","3,6,17","3,6,17"
23,13,0.987692123362631,0.0759763171817409,-1642.00467743281,-1587.21477215332,FALSE,FALSE,FALSE,"6,3,17,1,2,4,5,7,8,9,10,11,12","1,2,3,4,5,6,7,8,9,10,11,12,13","1,3,6,10,17,18","3,6,17","3,6,17"
23,14,0.987699169071971,0.0705499406479979,-1640.29098704553,-1581.28647366762,FALSE,FALSE,FALSE,"6,3,17,1,2,4,5,7,8,9,10,11,12,13","1,2,3,4,5,6,7,8,9,10,11,12,13,14","1,3,6,10,17,18","3,6,17","3,6,17"
23,15,0.987702201248811,0.0658468134165874,-1638.41425313371,-1575.19513165737,FALSE,FALSE,FALSE,"6,3,17,1,2,4,5,7,8,9,10,11,12,13,14","1,2,3,4,5,6,7,8,9,10,11,12,13,14,15","1,3,6,10,17,18","3,6,17","3,6,17"
23,16,0.987702870955937,0.0617314294347461,-1636.44148261501,-1569.00775304026,FALSE,FALSE,FALSE,"6,3,17,1,2,4,5,7,8,9,10,11,12,13,14,15","1,2,3,4,5,6,7,8,9,10,11,12,13,14,15,17","1,3,6,10,17,18","3,6,17","3,6,17"
23,17,0.987703017307898,0.0581001774886999,-1634.44743330605,-1562.79909563288,FALSE,FALSE,FALSE,"6,3,17,1,2,4,5,7,8,9,10,11,12,13,14,15,16","1,2,3,4,5,6,7,8,9,10,11,12,13,14,15,17,18","1,3,6,10,17,18","3,6,17","3,6,17"
23,18,0.987703028219306,0.0548723904566281,-1632.44787696829,-1556.58493119669,FALSE,FALSE,FALSE,"6,3,17,1,2,4,5,7,8,9,10,11,12,13,14,15,16,18","1,2,3,4,5,6,7,8,9,10,11,12,13,14,15,17,18,19","1,3,6,10,17,18","3,6,17","3,6,17"
23,19,0.987703032896221,0.0519843701524327,-1630.44806713361,-1550.37051326359,TRUE,FALSE,FALSE,"6,3,17,1,2,4,5,7,8,9,10,11,12,13,14,15,16,18,19","1,2,3,4,5,6,7,8,9,10,11,12,13,14,15,17,18,19,20","1,3,6,10,17,18","3,6,17","3,6,17"
23,20,0.987703032987593,0.0493851516493796,-1628.44807084884,-1544.1559088804,FALSE,FALSE,FALSE,"6,3,17,1,2,4,5,7,8,9,10,11,12,13,14,15,16,18,19,20","1,2,3,4,5,6,7,8,9,10,11,12,13,14,15,17,18,19,20","1,3,6,10,17,18","3,6,17","3,6,17"
24,1,0.799653989443877,0.799653989443877,-371.97220809014,-367.757599991717,FALSE,FALSE,FALSE,"12","4","1","1","1,4,12"
24,2,0.885291420823121,0.442645710411561,-648.797761346728,-640.368545149883,TRUE,FALSE,FALSE,"12,4","4,12","1,4","1,4","1,4,12"
24,3,0.984323893927805,0.328107964642602,-1641.92634692122,-1629.28252262595,FALSE,TRUE,TRUE,"12,4,1","4,12","1,4,12","1,4,12","1,4,12"
24,4,0.984382939517866,0.246095734879466,-1641.81320167687,-1624.95476928318,FALSE,FALSE,FALSE,"12,4,1,2","4,12","1,4,12","1,4,12","1,4,12"
24,5,0.98443374515433,0.196886749030866,-1641.44246017247,-1620.36941968036,FALSE,FALSE,FALSE,"12,4,1,2,3","4,12","1,4,12","1,4,12","1,4,12"
24,6,0.984479435517026,0.164079905919504,-1640.91222763608,-1615.62457904554,FALSE,FALSE,FALSE,"12,4,1,2,3,5","4,12","1,4,12","1,4,12","1,4,12"
24,7,0.984517581827581,0.140645368832512,-1640.14263602063,-1610.64037933168,FALSE,FALSE,FALSE,"12,4,1,2,3,5,6","4,12","1,4,12","1,4,12","1,4,12"
24,8,0.98454877193986,0.123068596492482,-1639.15092720666,-1605.43406241928,FALSE,FALSE,FALSE,"12,4,1,2,3,5,6,7","4,12","1,4,12","1,4,12","1,4,12"
24,9,0.984572874462225,0.109396986051358,-1637.93149107915,-1600.00001819335,FALSE,FALSE,FALSE,"12,4,1,2,3,5,6,7,8","4,12","1,4,12","1,4,12","1,4,12"
24,10,0.984591172168048,0.0984591172168048,-1636.52487983387,-1594.37879884965,FALSE,FALSE,FALSE,"12,4,1,2,3,5,6,7,8,9","4,12","1,4,12","1,4,12","1,4,12"
24,11,0.984609333864833,0.0895099394422575,-1635.11455507039,-1588.75386598775,FALSE,FALSE,FALSE,"12,4,1,2,3,5,6,7,8,9,10","4,12","1,4,12","1,4,12","1,4,12"
24,12,0.984623236839403,0.0820519364032836,-1633.5664282309,-1582.99113104983,FALSE,FALSE,FALSE,"12,4,1,2,3,5,6,7,8,9,10,11","4,12","1,4,12","1,4,12","1,4,12"
24,13,0.984634262668048,0.0757410971283114,-1631.92507924954,-1577.13517397005,FALSE,FALSE,FALSE,"12,4,1,2,3,5,6,7,8,9,10,11,13","4,12","1,4,12","1,4,12","1,4,12"
24,14,0.984643491687921,0.0703316779777086,-1630.22548112308,-1571.22096774517,FALSE,FALSE,FALSE,"12,4,1,2,3,5,6,7,8,9,10,11,13,14","4,12","1,4,12","1,4,12","1,4,12"
24,15,0.984650059570736,0.0656433373047157,-1628.43937374774,-1565.2202522714,FALSE,FALSE,FALSE,"12,4,1,2,3,5,6,7,8,9,10,11,13,14,15","4,12","1,4,12","1,4,12","1,4,12"
24,16,0.98465587261368,0.061540992038355,-1626.62876027834,-1559.19503070358,FALSE,FALSE,FALSE,"12,4,1,2,3,5,6,7,8,9,10,11,13,14,15,16","4,12","1,4,12","1,4,12","1,4,12"
24,17,0.984657700493934,0.0579210412055255,-1624.68832668737,-1553.03998901419,FALSE,FALSE,FALSE,"12,4,1,2,3,5,6,7,8,9,10,11,13,14,15,16,17","4,12","1,4,12","1,4,12","1,4,12"
24,18,0.984659263055681,0.0547032923919823,-1622.73925260374,-1546.87630683214,FALSE,FALSE,FALSE,"12,4,1,2,3,5,6,7,8,9,10,11,13,14,15,16,17,18","4,12","1,4,12","1,4,12","1,4,12"
24,19,0.984659616563516,0.0518241903454482,-1620.75077460265,-1540.67322073262,FALSE,FALSE,FALSE,"12,4,1,2,3,5,6,7,8,9,10,11,13,14,15,16,17,18,19","4,12","1,4,12","1,4,12","1,4,12"
24,20,0.984659639254629,0.0492329819627314,-1618.75151419072,-1534.45935222228,FALSE,FALSE,FALSE,"12,4,1,2,3,5,6,7,8,9,10,11,13,14,15,16,17,18,19,20","4,12","1,4,12","1,4,12","1,4,12"
25,1,0.52938446656708,0.52938446656708,84.9429004874314,89.1575085858536,FALSE,FALSE,FALSE,"7","7","7","7","7,15,17"
25,2,0.787528671765103,0.393764335882552,-310.67431459285,-302.245098396005,TRUE,FALSE,FALSE,"7,17","7,17","7,15","7,15","7,15,17"
25,3,0.983091108119499,0.327697036039833,-1574.15802607793,-1561.51420178267,FALSE,FALSE,FALSE,"7,17,15","7,17","7,15,17","7,15,17","7,15,17"
25,4,0.983304793173962,0.24582619829349,-1578.51701033635,-1561.65857794266,FALSE,FALSE,TRUE,"7,17,15,1","7,17","7,15,17,18","7,15,17,19","7,15,17"
25,5,0.983486927430021,0.196697385486004,-1582.00166915208,-1560.92862865997,FALSE,TRUE,FALSE,"7,17,15,1,2","7,17","7,15,17,18,19","7,15,17,19","7,15,17"
25,6,0.983551142463332,0.163925190410555,-1581.94982917617,-1556.66218058564,FALSE,FALSE,FALSE,"7,17,15,1,2,3","7,17","7,15,17,18,19","7,15,17,19","7,15,17"
25,7,0.983613380453031,0.140516197207576,-1581.84528097897,-1552.34302429001,FALSE,FALSE,FALSE,"7,17,15,1,2,3,4","7,17","7,15,17,18,19","7,15,17,19","7,15,17"
25,8,0.983654484756307,0.122956810594538,-1581.10105989916,-1547.38419511179,FALSE,FALSE,FALSE,"7,17,15,1,2,3,4,5","7,17","7,15,17,18,19","7,15,17,19","7,15,17"
25,9,0.9836853703913,0.109298374487922,-1580.04672760331,-1542.11525471751,FALSE,FALSE,FALSE,"7,17,15,1,2,3,4,5,6","7,17","7,15,17,18,19","7,15,17,19","7,15,17"
25,10,0.983702000589216,0.0983702000589216,-1578.55665887402,-1536.4105778898,FALSE,FALSE,FALSE,"7,17,15,1,2,3,4,5,6,8","7,17","7,15,17,18,19","7,15,17,19","7,15,17"
25,11,0.983712667368432,0.0894284243062211,-1576.88400798876,-1530.52331890611,FALSE,FALSE,FALSE,"7,17,15,1,2,3,4,5,6,8,9","7,17","7,15,17,18,19","7,15,17,19","7,15,17"
25,12,0.983721706134178,0.0819768088445148,-1575.16156340376,-1524.58626622269,FALSE,FALSE,FALSE,"7,17,15,1,2,3,4,5,6,8,9,10","7,17","7,15,17,18,19","7,15,17,19","7,15,17"
25,13,0.983726152245526,0.0756712424804251,-1573.29814770068,-1518.50824242119,FALSE,FALSE,FALSE,"7,17,15,1,2,3,4,5,6,8,9,10,11","7,17","7,15,17,18,19","7,15,17,19","7,15,17"
25,14,0.983731451459854,0.0702665322471324,-1571.46098802524,-1512.45647464733,FALSE,FALSE,FALSE,"7,17,15,1,2,3,4,5,6,8,9,10,11,12","7,17","7,15,17,18,19","7,15,17,19","7,15,17"
25,15,0.983733625939113,0.0655822417292742,-1569.52782326223,-1506.3087017859,FALSE,FALSE,FALSE,"7,17,15,1,2,3,4,5,6,8,9,10,11,12,13","7,17","7,15,17,18,19","7,15,17,19","7,15,17"
25,16,0.983735081363844,0.0614834425852402,-1567.5725624844,-1500.13883290964,FALSE,FALSE,FALSE,"7,17,15,1,2,3,4,5,6,8,9,10,11,12,13,14","7,17","7,15,17,18,19","7,15,17,19","7,15,17"
25,17,0.983735886351961,0.057866816844233,-1565.59730924324,-1493.94897157007,FALSE,FALSE,FALSE,"7,17,15,1,2,3,4,5,6,8,9,10,11,12,13,14,16","7,17","7,15,17,18,19","7,15,17,19","7,15,17"
25,18,0.983736123437792,0.0546520068576551,-1563.60459791462,-1487.74165214302,FALSE,FALSE,FALSE,"7,17,15,1,2,3,4,5,6,8,9,10,11,12,13,14,16,18","7,17","7,15,17,18,19","7,15,17,19","7,15,17"
25,19,0.983736223429647,0.0517755907068235,-1561.60767197147,-1481.53011810145,FALSE,FALSE,FALSE,"7,17,15,1,2,3,4,5,6,8,9,10,11,12,13,14,16,18,19","7,17","7,15,17,18,19","7,15,17,19","7,15,17"
25,20,0.983736253744671,0.0491868126872336,-1559.60860395219,-1475.31644198374,FALSE,FALSE,FALSE,"7,17,15,1,2,3,4,5,6,8,9,10,11,12,13,14,16,18,19,20","7,17","7,15,17,18,19","7,15,17,19","7,15,17"
26,1,0.564317145060501,0.564317145060501,94.9672340511128,99.181842149535,FALSE,FALSE,FALSE,"9","4","4","4","4,9,15"
26,2,0.827035987834475,0.413517993917237,-364.948281471988,-356.519065275143,TRUE,FALSE,FALSE,"9,4","4,9","4,9","4,9","4,9,15"
26,3,0.985841371781476,0.328613790593825,-1614.32795364387,-1601.6841293486,FALSE,FALSE,TRUE,"9,4,15","4,9","4,9,15","4,9,15","4,9,15"
26,4,0.985884029248335,0.246471007312084,-1613.83663991274,-1596.97820751905,FALSE,FALSE,FALSE,"9,4,15,1","4,9","4,9,15,17","4,9,15","4,9,15"
26,5,0.985995933122743,0.197199186624549,-1615.81616748704,-1594.74312699492,FALSE,TRUE,FALSE,"9,4,15,1,2","4,9","4,9,15,17,18","4,9,15","4,9,15"
26,6,0.986035907890283,0.164339317981714,-1615.24546409463,-1589.9578155041,FALSE,FALSE,FALSE,"9,4,15,1,2,3","4,9","4,9,15,17,18","4,9,15","4,9,15"
26,7,0.986073464991757,0.140867637855965,-1614.59204995718,-1585.08979326823,FALSE,FALSE,FALSE,"9,4,15,1,2,3,5","4,9","4,9,15,17,18","4,9,15","4,9,15"
26,8,0.986113961318936,0.123264245164867,-1614.04809484715,-1580.33123005977,FALSE,FALSE,FALSE,"9,4,15,1,2,3,5,6","4,9","4,9,15,17,18","4,9,15","4,9,15"
26,9,0.986163369219563,0.109573707691063,-1613.8303169022,-1575.8988440164,FALSE,FALSE,FALSE,"9,4,15,1,2,3,5,6,7","4,9","4,9,15,17,18","4,9,15","4,9,15"
26,10,0.986178912645811,0.0986178912645811,-1612.39230931996,-1570.24622833574,FALSE,FALSE,FALSE,"9,4,15,1,2,3,5,6,7,8","4,9","4,9,15,17,18","4,9,15","4,9,15"
26,11,0.986200851448245,0.0896546228589313,-1611.18661126302,-1564.82592218037,FALSE,FALSE,FALSE,"9,4,15,1,2,3,5,6,7,8,10","4,9","4,9,15,17,18","4,9,15","4,9,15"
26,12,0.986215235934992,0.0821846029945827,-1609.70809232523,-1559.13279514416,FALSE,FALSE,FALSE,"9,4,15,1,2,3,5,6,7,8,10,11","4,9","4,9,15,17,18","4,9,15","4,9,15"
26,13,0.986230932887561,0.0758639179144277,-1608.27777550886,-1553.48787022937,FALSE,FALSE,FALSE,"9,4,15,1,2,3,5,6,7,8,10,11,12","4,9","4,9,15,17,18","4,9,15","4,9,15"
26,14,0.986237998269032,0.0704455713049309,-1606.53440853924,-1547.52989516133,FALSE,FALSE,FALSE,"9,4,15,1,2,3,5,6,7,8,10,11,12,13","4,9","4,9,15,17,18","4,9,15","4,9,15"
26,15,0.986241956896565,0.0657494637931043,-1604.67825378308,-1541.45913230675,FALSE,FALSE,FALSE,"9,4,15,1,2,3,5,6,7,8,10,11,12,13,14","4,9","4,9,15,17,18","4,9,15","4,9,15"
26,16,0.986246015967816,0.0616403759979885,-1602.82579184927,-1535.39206227451,FALSE,FALSE,FALSE,"9,4,15,1,2,3,5,6,7,8,10,11,12,13,14,16","4,9","4,9,15,17,18","4,9,15","4,9,15"
26,17,0.986249334722099,0.0580146667483588,-1600.94645342405,-1529.29811575088,FALSE,FALSE,FALSE,"9,4,15,1,2,3,5,6,7,8,10,11,12,13,14,16,17","4,9","4,9,15,17,18","4,9,15","4,9,15"
26,18,0.98625206419676,0.0547917813442645,-1599.04571209769,-1523.18276632609,FALSE,FALSE,FALSE,"9,4,15,1,2,3,5,6,7,8,10,11,12,13,14,16,17,18","4,9","4,9,15,17,18","4,9,15","4,9,15"
26,19,0.986252152106922,0.0519080080056275,-1597.04890932103,-1516.97135545101,FALSE,FALSE,FALSE,"9,4,15,1,2,3,5,6,7,8,10,11,12,13,14,16,17,18,19","4,9","4,9,15,17,18","4,9,15","4,9,15"
26,20,0.986252154205914,0.0493126077102957,-1595.04898565999,-1510.75682369154,FALSE,FALSE,FALSE,"9,4,15,1,2,3,5,6,7,8,10,11,12,13,14,16,17,18,19,20","4,9","4,9,15,17,18","4,9,15","4,9,15"
27,1,0.565352178797008,0.565352178797008,165.28593187643,169.500539974852,FALSE,FALSE,FALSE,"4","4","4","4","4,13,18"
27,2,0.815582938924081,0.407791469462041,-261.382202025686,-252.952985828842,TRUE,FALSE,FALSE,"4,18","4,18","4,12","4,13","4,13,18"
27,3,0.988484343892688,0.329494781297563,-1646.12836142911,-1633.48453713385,FALSE,FALSE,TRUE,"4,18,13","4,18","4,12,13","4,13,18","4,13,18"
27,4,0.988594930796273,0.247148732699068,-1648.95315471934,-1632.09472232565,FALSE,FALSE,FALSE,"4,18,13,1","4,18","4,12,13,14","4,13,18","4,13,18"
27,5,0.98869675177192,0.197739350354384,-1651.43704738692,-1630.36400689481,FALSE,FALSE,FALSE,"4,18,13,1,2","4,18","4,12,13,14,16","4,13,18","4,13,18"
27,6,0.988806394279528,0.164801065713255,-1654.31076777363,-1629.02311918309,FALSE,TRUE,FALSE,"4,18,13,1,2,3","4,18","4,12,13,14,16,18","4,13,18","4,13,18"
27,7,0.988839890680481,0.141262841525783,-1653.8092402183,-1624.30698352935,FALSE,FALSE,FALSE,"4,18,13,1,2,3,5","4,18","4,12,13,14,16,18","4,13,18","4,13,18"
27,8,0.988859057617935,0.123607382202242,-1652.66870381807,-1618.95183903069,FALSE,FALSE,FALSE,"4,18,13,1,2,3,5,6","4,18","4,12,13,14,16,18","4,13,18","4,13,18"
27,9,0.988892277467592,0.109876919718621,-1652.16182147127,-1614.23034858547,FALSE,FALSE,FALSE,"4,18,13,1,2,3,5,6,7","4,18","4,12,13,14,16,18","4,13,18","4,13,18"
27,10,0.98890590232646,0.098890590232646,-1650.77550361316,-1608.62942262893,FALSE,FALSE,FALSE,"4,18,13,1,2,3,5,6,7,8","4,18","4,12,13,14,16,18","4,13,18","4,13,18"
27,11,0.988916131260228,0.0899014664782026,-1649.23672419142,-1602.87603510877,FALSE,FALSE,FALSE,"4,18,13,1,2,3,5,6,7,8,9","4,18","4,12,13,14,16,18","4,13,18","4,13,18"
27,12,0.988923893517796,0.0824103244598164,-1647.58700697863,-1597.01170979757,FALSE,FALSE,FALSE,"4,18,13,1,2,3,5,6,7,8,9,10","4,18","4,12,13,14,16,18","4,13,18","4,13,18"
27,13,0.988930962727821,0.0760716125175247,-1645.90622867091,-1591.11632339142,FALSE,FALSE,FALSE,"4,18,13,1,2,3,5,6,7,8,9,10,11","4,18","4,12,13,14,16,18","4,13,18","4,13,18"
27,14,0.988938008635328,0.0706384291882377,-1644.22460102766,-1585.22008764975,FALSE,FALSE,FALSE,"4,18,13,1,2,3,5,6,7,8,9,10,11,12","4,18","4,12,13,14,16,18","4,13,18","4,13,18"
27,15,0.988944420158731,0.0659296280105821,-1642.51448473702,-1579.29536326069,FALSE,FALSE,FALSE,"4,18,13,1,2,3,5,6,7,8,9,10,11,12,14","4,18","4,12,13,14,16,18","4,13,18","4,13,18"
27,16,0.988946319531649,0.0618091449707281,-1640.6003932159,-1573.16666364115,FALSE,FALSE,FALSE,"4,18,13,1,2,3,5,6,7,8,9,10,11,12,14,15","4,18","4,12,13,14,16,18","4,13,18","4,13,18"
27,17,0.988947032555589,0.0581733548562111,-1638.63264704031,-1566.98430936713,FALSE,FALSE,FALSE,"4,18,13,1,2,3,5,6,7,8,9,10,11,12,14,15,16","4,18","4,12,13,14,16,18","4,13,18","4,13,18"
27,18,0.988947625654533,0.0549415347585852,-1636.65947761142,-1560.79653183982,FALSE,FALSE,FALSE,"4,18,13,1,2,3,5,6,7,8,9,10,11,12,14,15,16,17","4,18","4,12,13,14,16,18","4,13,18","4,13,18"
27,19,0.988947746484649,0.0520498813939289,-1634.66494389279,-1554.58739002277,FALSE,FALSE,FALSE,"4,18,13,1,2,3,5,6,7,8,9,10,11,12,14,15,16,17,19","4,18","4,12,13,14,16,18","4,13,18","4,13,18"
27,20,0.988947748769231,0.0494473874384615,-1632.66504724648,-1548.37288527804,FALSE,FALSE,FALSE,"4,18,13,1,2,3,5,6,7,8,9,10,11,12,14,15,16,17,19,20","4,18","4,12,13,14,16,18","4,13,18","4,13,18"
28,1,0.635394458247388,0.635394458247388,86.6044692574035,90.8190773558256,FALSE,FALSE,FALSE,"6","6","1","6","6,11,17"
28,2,0.868375614397084,0.434187807198542,-420.827410248008,-412.398194051164,TRUE,FALSE,FALSE,"6,11","6,11","1,3","6,8","6,11,17"
28,3,0.98797902407121,0.32932634135707,-1615.47700263249,-1602.83317833722,FALSE,FALSE,FALSE,"6,11,17","6,11","1,3,6","6,8,11","6,11,17"
28,4,0.988250688175253,0.247062672043813,-1624.9062261934,-1608.04779379971,FALSE,FALSE,TRUE,"6,11,17,1","6,11","1,3,6,8","6,8,11,17","6,11,17"
28,5,0.988302830571732,0.197660566114346,-1625.13011991446,-1604.05707942235,FALSE,FALSE,FALSE,"6,11,17,1,2","6,11","1,3,6,8,11","6,8,11,17","6,11,17"
28,6,0.98839523086649,0.164732538477748,-1627.09548866769,-1601.80784007716,FALSE,TRUE,FALSE,"6,11,17,1,2,3","6,11","1,3,6,8,11,17","6,8,11,17","6,11,17"
28,7,0.988434134851138,0.141204876407305,-1626.77451137946,-1597.2722546905,FALSE,FALSE,FALSE,"6,11,17,1,2,3,4","6,11","1,3,6,8,11,17","6,8,11,17","6,11,17"
28,8,0.988472414490133,0.123559051811267,-1626.4321100909,-1592.71524530353,FALSE,FALSE,FALSE,"6,11,17,1,2,3,4,5","6,11","1,3,6,8,11,17","6,8,11,17","6,11,17"
28,9,0.988510660898938,0.10983451787766,-1626.09377621931,-1588.16230333351,FALSE,FALSE,FALSE,"6,11,17,1,2,3,4,5,7","6,11","1,3,6,8,11,17","6,8,11,17","6,11,17"
28,10,0.988548519609986,0.0988548519609986,-1625.74405490402,-1583.5979739198,FALSE,FALSE,FALSE,"6,11,17,1,2,3,4,5,7,8","6,11","1,3,6,8,11,17","6,8,11,17","6,11,17"
28,11,0.988559612388465,0.0898690556716787,-1624.22862782516,-1577.86793874252,FALSE,FALSE,FALSE,"6,11,17,1,2,3,4,5,7,8,9","6,11","1,3,6,8,11,17","6,8,11,17","6,11,17"
28,12,0.988573654338686,0.0823811378615572,-1622.84270556937,-1572.26740838831,FALSE,FALSE,FALSE,"6,11,17,1,2,3,4,5,7,8,9,10","6,11","1,3,6,8,11,17","6,8,11,17","6,11,17"
28,13,0.98858209297871,0.0760447763829777,-1621.2121044079,-1566.42219912842,FALSE,FALSE,FALSE,"6,11,17,1,2,3,4,5,7,8,9,10,12","6,11","1,3,6,8,11,17","6,8,11,17","6,11,17"
28,14,0.988587751867611,0.0706134108476865,-1619.45997346437,-1560.45546008646,FALSE,FALSE,FALSE,"6,11,17,1,2,3,4,5,7,8,9,10,12,13","6,11","1,3,6,8,11,17","6,8,11,17","6,11,17"
28,15,0.988592042248835,0.0659061361499224,-1617.64798146467,-1554.42885998834,FALSE,FALSE,FALSE,"6,11,17,1,2,3,4,5,7,8,9,10,12,13,14","6,11","1,3,6,8,11,17","6,8,11,17","6,11,17"
28,16,0.988594192261832,0.0617871370163645,-1615.74222338209,-1548.30849380734,FALSE,FALSE,FALSE,"6,11,17,1,2,3,4,5,7,8,9,10,12,13,14,15","6,11","1,3,6,8,11,17","6,8,11,17","6,11,17"
28,17,0.988596634644068,0.058152743214357,-1613.84930232947,-1542.20096465629,FALSE,FALSE,FALSE,"6,11,17,1,2,3,4,5,7,8,9,10,12,13,14,15,16","6,11","1,3,6,8,11,17","6,8,11,17","6,11,17"
28,18,0.988597368770592,0.0549220760428107,-1611.88149239498,-1536.01854662338,FALSE,FALSE,FALSE,"6,11,17,1,2,3,4,5,7,8,9,10,12,13,14,15,16,18","6,11","1,3,6,8,11,17","6,8,11,17","6,11,17"
28,19,0.988597504540897,0.0520314476074156,-1609.88744589424,-1529.80989202422,FALSE,FALSE,FALSE,"6,11,17,1,2,3,4,5,7,8,9,10,12,13,14,15,16,18,19","6,11","1,3,6,8,11,17","6,8,11,17","6,11,17"
28,20,0.988597562988191,0.0494298781494096,-1607.8900088176,-1523.59784684916,FALSE,FALSE,FALSE,"6,11,17,1,2,3,4,5,7,8,9,10,12,13,14,15,16,18,19,20","6,11","1,3,6,8,11,17","6,8,11,17","6,11,17"
29,1,0.71170764460731,0.71170764460731,-248.935093276373,-244.720485177951,FALSE,FALSE,FALSE,"6","1","1","1","1,4,6"
29,2,0.793403252067813,0.396701626033907,-413.538229509606,-405.109013312761,TRUE,FALSE,FALSE,"6,1","1,6","1,4","1,4","1,4,6"
29,3,0.981320042891943,0.327106680963981,-1613.19706901782,-1600.55324472256,FALSE,FALSE,TRUE,"6,1,4","1,6","1,4,6","1,4,6","1,4,6"
29,4,0.98137108124545,0.245342770311362,-1612.56506481413,-1595.70663242044,FALSE,FALSE,FALSE,"6,1,4,2","1,6","1,4,6,13","1,4,6","1,4,6"
29,5,0.981511887511716,0.196302377502343,-1614.35865867158,-1593.28561817947,FALSE,TRUE,FALSE,"6,1,4,2,3","1,6","1,4,6,13,14","1,4,6","1,4,6"
29,6,0.98153416848189,0.163589028080315,-1612.96159763989,-1587.67394904935,FALSE,FALSE,FALSE,"6,1,4,2,3,5","1,6","1,4,6,13,14","1,4,6","1,4,6"
29,7,0.981594131797802,0.140227733113972,-1612.58786844457,-1583.08561175562,FALSE,FALSE,FALSE,"6,1,4,2,3,5,7","1,6","1,4,6,13,14","1,4,6","1,4,6"
29,8,0.981618523179944,0.122702315397493,-1611.25090584783,-1577.53404106045,FALSE,FALSE,FALSE,"6,1,4,2,3,5,7,8","1,6","1,4,6,13,14","1,4,6","1,4,6"
29,9,0.981644912613304,0.109071656957034,-1609.96924841658,-1572.03777553078,FALSE,FALSE,FALSE,"6,1,4,2,3,5,7,8,9","1,6","1,4,6,13,14","1,4,6","1,4,6"
29,10,0.98166280775368,0.098166280775368,-1608.45695705649,-1566.31087607226,FALSE,FALSE,FALSE,"6,1,4,2,3,5,7,8,9,10","1,6","1,4,6,13,14","1,4,6","1,4,6"
29,11,0.981679455114534,0.089243586828594,-1606.91108661551,-1560.55039753287,FALSE,FALSE,FALSE,"6,1,4,2,3,5,7,8,9,10,11","1,6","1,4,6,13,14","1,4,6","1,4,6"
29,12,0.98169268295536,0.0818077235796133,-1605.27222812648,-1554.69693094542,FALSE,FALSE,FALSE,"6,1,4,2,3,5,7,8,9,10,11,12","1,6","1,4,6,13,14","1,4,6","1,4,6"
29,13,0.981702564272653,0.0755155818671271,-1603.54217442538,-1548.75226914589,FALSE,FALSE,FALSE,"6,1,4,2,3,5,7,8,9,10,11,12,13","1,6","1,4,6,13,14","1,4,6","1,4,6"
29,14,0.98170959715993,0.0701221140828521,-1601.73439368837,-1542.72988031046,FALSE,FALSE,FALSE,"6,1,4,2,3,5,7,8,9,10,11,12,13,14","1,6","1,4,6,13,14","1,4,6","1,4,6"
29,15,0.981716292152292,0.0654477528101528,-1599.91744646289,-1536.69832498656,FALSE,FALSE,FALSE,"6,1,4,2,3,5,7,8,9,10,11,12,13,14,15","1,6","1,4,6,13,14","1,4,6","1,4,6"
29,16,0.981722626945807,0.0613576641841129,-1598.09071249939,-1530.65698292463,FALSE,FALSE,FALSE,"6,1,4,2,3,5,7,8,9,10,11,12,13,14,15,16","1,6","1,4,6,13,14","1,4,6","1,4,6"
29,17,0.981725511159219,0.057748559479954,-1596.16961992759,-1524.52128225441,FALSE,FALSE,FALSE,"6,1,4,2,3,5,7,8,9,10,11,12,13,14,15,16,17","1,6","1,4,6,13,14","1,4,6","1,4,6"
29,18,0.981728485107994,0.0545404713948886,-1594.25099541269,-1518.38804964109,FALSE,FALSE,FALSE,"6,1,4,2,3,5,7,8,9,10,11,12,13,14,15,16,17,18","1,6","1,4,6,13,14","1,4,6","1,4,6"
29,19,0.981728802319681,0.0516699369641937,-1592.25967598576,-1512.18212211574,FALSE,FALSE,FALSE,"6,1,4,2,3,5,7,8,9,10,11,12,13,14,15,16,17,18,19","1,6","1,4,6,13,14","1,4,6","1,4,6"
29,20,0.981729126498319,0.049086456324916,-1590.26854736681,-1505.97638539837,FALSE,FALSE,FALSE,"6,1,4,2,3,5,7,8,9,10,11,12,13,14,15,16,17,18,19,20","1,6","1,4,6,13,14","1,4,6","1,4,6"
30,1,0.743835400194308,0.743835400194308,33.7067212095526,37.9213293079748,FALSE,FALSE,FALSE,"12","12","1","12","12,13,16"
30,2,0.920516671417584,0.460258335708792,-549.429733566229,-541.000517369385,TRUE,FALSE,FALSE,"12,16","12,16","1,4","12,13","12,13,16"
30,3,0.990422347454887,0.330140782484962,-1605.48711926221,-1592.84329496694,FALSE,FALSE,FALSE,"12,16,13","12,16","1,4,8","12,13,16","12,13,16"
30,4,0.990558173023586,0.247639543255897,-1610.62863318362,-1593.77020078993,FALSE,FALSE,TRUE,"12,16,13,1","12,16","1,4,8,10","12,13,16,18","12,13,16"
30,5,0.990596267579174,0.198119253515835,-1610.65004346231,-1589.5770029702,FALSE,FALSE,FALSE,"12,16,13,1,2","12,16","1,4,8,10,12","12,13,16,18","12,13,16"
30,6,0.990689571795352,0.165114928632559,-1613.63583957511,-1588.34819098458,FALSE,FALSE,FALSE,"12,16,13,1,2,3","12,16","1,4,8,10,12,13","12,13,16,18","12,13,16"
30,7,0.99072352242087,0.14153193177441,-1613.46242995387,-1583.96017326491,FALSE,FALSE,FALSE,"12,16,13,1,2,3,4","12,16","1,4,8,10,12,13,16","12,13,16,18","12,13,16"
30,8,0.990789535577186,0.123848691947148,-1615.03324425517,-1581.3163794678,FALSE,TRUE,FALSE,"12,16,13,1,2,3,4,5","12,16","1,4,8,10,12,13,16,18","12,13,16,18","12,13,16"
30,9,0.990817401281152,0.110090822364573,-1614.54825701143,-1576.61678412563,FALSE,FALSE,FALSE,"12,16,13,1,2,3,4,5,6","12,16","1,4,8,10,12,13,16,18","12,13,16,18","12,13,16"
30,10,0.990849555540953,0.0990849555540953,-1614.30215528459,-1572.15607430037,FALSE,FALSE,FALSE,"12,16,13,1,2,3,4,5,6,7","12,16","1,4,8,10,12,13,16,18","12,13,16,18","12,13,16"
30,11,0.990869121628335,0.0900790110571214,-1613.37243313231,-1567.01174404967,FALSE,FALSE,FALSE,"12,16,13,1,2,3,4,5,6,7,8","12,16","1,4,8,10,12,13,16,18","12,13,16,18","12,13,16"
30,12,0.99088388104055,0.0825736567533792,-1612.18130130749,-1561.60600412642,FALSE,FALSE,FALSE,"12,16,13,1,2,3,4,5,6,7,8,9","12,16","1,4,8,10,12,13,16,18","12,13,16,18","12,13,16"
30,13,0.990898232382128,0.0762229409524714,-1610.96906252696,-1556.17915724747,FALSE,FALSE,FALSE,"12,16,13,1,2,3,4,5,6,7,8,9,10","12,16","1,4,8,10,12,13,16,18","12,13,16,18","12,13,16"
30,14,0.990904081010268,0.0707788629293048,-1609.29045658476,-1550.28594320685,FALSE,FALSE,FALSE,"12,16,13,1,2,3,4,5,6,7,8,9,10,11","12,16","1,4,8,10,12,13,16,18","12,13,16,18","12,13,16"
30,15,0.990907290830604,0.0660604860553736,-1607.46693060694,-1544.2478091306,FALSE,FALSE,FALSE,"12,16,13,1,2,3,4,5,6,7,8,9,10,11,14","12,16","1,4,8,10,12,13,16,18","12,13,16,18","12,13,16"
30,16,0.990909262400247,0.0619318289000154,-1605.57535722574,-1538.14162765098,FALSE,FALSE,FALSE,"12,16,13,1,2,3,4,5,6,7,8,9,10,11,14,15","12,16","1,4,8,10,12,13,16,18","12,13,16,18","12,13,16"
30,17,0.990911449611174,0.0582889088006573,-1603.69567057019,-1532.04733289702,FALSE,FALSE,FALSE,"12,16,13,1,2,3,4,5,6,7,8,9,10,11,14,15,17","12,16","1,4,8,10,12,13,16,18","12,13,16,18","12,13,16"
30,18,0.990913469770339,0.0550507483205744,-1601.80682051307,-1525.94387474147,FALSE,FALSE,FALSE,"12,16,13,1,2,3,4,5,6,7,8,9,10,11,14,15,17,18","12,16","1,4,8,10,12,13,16,18","12,13,16,18","12,13,16"
30,19,0.990914072119448,0.052153372216813,-1599.83996677791,-1519.76241290789,FALSE,FALSE,FALSE,"12,16,13,1,2,3,4,5,6,7,8,9,10,11,14,15,17,18,19","12,16","1,4,8,10,12,13,16,18","12,13,16,18","12,13,16"
30,20,0.990914109230034,0.0495457054615017,-1597.84200898333,-1513.54984701489,FALSE,FALSE,FALSE,"12,16,13,1,2,3,4,5,6,7,8,9,10,11,14,15,17,18,19,20","12,16","1,4,8,10,12,13,16,18","12,13,16,18","12,13,16"
31,1,0.468104687051133,0.468104687051133,240.937178455935,245.151786554358,FALSE,FALSE,FALSE,"17","1","3","3","3,10,17"
31,2,0.823867495927613,0.411933747963807,-309.667878534442,-301.238662337597,FALSE,FALSE,FALSE,"17,10","1,2","3,4","3,10","3,10,17"
31,3,0.986411467654393,0.328803822551464,-1588.673052868,-1576.02922857273,FALSE,FALSE,TRUE,"17,10,3","1,2,3","3,4,7","3,10,17","3,10,17"
31,4,0.986526332527995,0.246631583131999,-1590.91755494726,-1574.05912255357,FALSE,FALSE,FALSE,"17,10,3,1","1,2,3,4","3,4,7,9","3,10,17","3,10,17"
31,5,0.986647193527277,0.197329438705455,-1593.42287373313,-1572.34983324102,FALSE,FALSE,FALSE,"17,10,3,1,2","1,2,3,4,6","3,4,7,9,10","3,10,17","3,10,17"
31,6,0.98675080677092,0.164458467795153,-1595.31783534378,-1570.03018675325,FALSE,FALSE,FALSE,"17,10,3,1,2,4","1,2,3,4,6,7","3,4,7,9,10,12","3,10,17","3,10,17"
31,7,0.986825506403903,0.140975072343415,-1596.14483796743,-1566.64258127848,FALSE,FALSE,FALSE,"17,10,3,1,2,4,5","1,2,3,4,6,7,8","3,4,7,9,10,12,17","3,10,17","3,10,17"
31,8,0.986890912558207,0.123361364069776,-1596.63332266897,-1562.9164578816,FALSE,TRUE,FALSE,"17,10,3,1,2,4,5,6","1,2,3,4,6,7,8,9","3,4,7,9,10,12,17,20","3,10,17","3,10,17"
31,9,0.986918024372619,0.109657558263624,-1595.66847821133,-1557.73700532553,FALSE,FALSE,FALSE,"17,10,3,1,2,4,5,6,7","1,2,3,4,6,7,8,9,10","3,4,7,9,10,12,17,20","3,10,17","3,10,17"
31,10,0.98694975443127,0.098694975443127,-1594.88269088792,-1552.7366099037,FALSE,FALSE,FALSE,"17,10,3,1,2,4,5,6,7,8","1,2,3,4,6,7,8,9,10,11","3,4,7,9,10,12,17,20","3,10,17","3,10,17"
31,11,0.986977244062935,0.0897252040057213,-1593.93702449982,-1547.57633541718,FALSE,FALSE,FALSE,"17,10,3,1,2,4,5,6,7,8,9","1,2,3,4,6,7,8,9,10,11,12","3,4,7,9,10,12,17,20","3,10,17","3,10,17"
31,12,0.98699045560905,0.0822492046340875,-1592.44453044755,-1541.86923326649,FALSE,FALSE,FALSE,"17,10,3,1,2,4,5,6,7,8,9,11","1,2,3,4,6,7,8,9,10,11,12,13","3,4,7,9,10,12,17,20","3,10,17","3,10,17"
31,13,0.986999161880893,0.0759230124523764,-1590.77925340538,-1535.98934812589,FALSE,FALSE,FALSE,"17,10,3,1,2,4,5,6,7,8,9,11,12","1,2,3,4,6,7,8,9,10,11,12,13,14","3,4,7,9,10,12,17,20","3,10,17","3,10,17"
31,14,0.98700636631168,0.0705004547365486,-1589.05640583322,-1530.05189245531,FALSE,FALSE,FALSE,"17,10,3,1,2,4,5,6,7,8,9,11,12,13","1,2,3,4,6,7,8,9,10,11,12,13,14,15","3,4,7,9,10,12,17,20","3,10,17","3,10,17"
31,15,0.987010547344742,0.0658007031563161,-1587.21731947691,-1523.99819800057,FALSE,FALSE,FALSE,"17,10,3,1,2,4,5,6,7,8,9,11,12,13,14","1,2,3,4,6,7,8,9,10,11,12,13,14,15,16","3,4,7,9,10,12,17,20","3,10,17","3,10,17"
31,16,0.987012968623025,0.0616883105389391,-1585.3105298701,-1517.87680029535,FALSE,FALSE,FALSE,"17,10,3,1,2,4,5,6,7,8,9,11,12,13,14,15","1,2,3,4,6,7,8,9,10,11,12,13,14,15,16,17","3,4,7,9,10,12,17,20","3,10,17","3,10,17"
31,17,0.987014632828225,0.0580596842840133,-1583.37460578512,-1511.72626811195,FALSE,FALSE,FALSE,"17,10,3,1,2,4,5,6,7,8,9,11,12,13,14,15,16","1,2,3,4,6,7,8,9,10,11,12,13,14,15,16,17,18","3,4,7,9,10,12,17,20","3,10,17","3,10,17"
31,18,0.987015033620796,0.0548341685344886,-1581.39003849297,-1505.52709272137,FALSE,FALSE,FALSE,"17,10,3,1,2,4,5,6,7,8,9,11,12,13,14,15,16,18","1,2,3,4,6,7,8,9,10,11,12,13,14,15,16,17,18,19","3,4,7,9,10,12,17,20","3,10,17","3,10,17"
31,19,0.987015417076541,0.0519481798461338,-1579.40480408406,-1499.32725021404,TRUE,FALSE,FALSE,"17,10,3,1,2,4,5,6,7,8,9,11,12,13,14,15,16,18,19","1,2,3,4,6,7,8,9,10,11,12,13,14,15,16,17,18,19,20","3,4,7,9,10,12,17,20","3,10,17","3,10,17"
31,20,0.987015502678916,0.0493507751339458,-1577.40810040314,-1493.1159384347,FALSE,FALSE,FALSE,"17,10,3,1,2,4,5,6,7,8,9,11,12,13,14,15,16,18,19,20","1,2,3,4,6,7,8,9,10,11,12,13,14,15,16,17,18,19,20","3,4,7,9,10,12,17,20","3,10,17","3,10,17"
32,1,0.693591990175328,0.693591990175328,59.2965853530598,63.511193451482,FALSE,FALSE,FALSE,"1","1","1","1","1,5,13"
32,2,0.894438947909008,0.447219473954504,-471.517465100216,-463.088248903372,TRUE,FALSE,FALSE,"1,13","1,13","1,5","1,5","1,5,13"
32,3,0.988245255577601,0.329415085192534,-1567.03373441082,-1554.38991011555,FALSE,TRUE,TRUE,"1,13,5","1,13","1,5,13","1,5,13","1,5,13"
32,4,0.988276485582321,0.24706912139558,-1566.36390217804,-1549.50546978435,FALSE,FALSE,FALSE,"1,13,5,2","1,13","1,5,13","1,5,13","1,5,13"
32,5,0.98830935454236,0.197661870908472,-1565.7677100364,-1544.69466954429,FALSE,FALSE,FALSE,"1,13,5,2,3","1,13","1,5,13","1,5,13","1,5,13"
32,6,0.988333554109115,0.164722259018186,-1564.80377977011,-1539.51613117958,FALSE,FALSE,FALSE,"1,13,5,2,3,4","1,13","1,5,13","1,5,13","1,5,13"
32,7,0.988367215974095,0.141195316567728,-1564.24854376108,-1534.74628707213,FALSE,FALSE,FALSE,"1,13,5,2,3,4,6","1,13","1,5,13","1,5,13","1,5,13"
32,8,0.988390780619271,0.123548847577409,-1563.26242594836,-1529.54556116098,FALSE,FALSE,FALSE,"1,13,5,2,3,4,6,7","1,13","1,5,13","1,5,13","1,5,13"
32,9,0.988408797005734,0.109823199667304,-1562.03898034869,-1524.1075074629,FALSE,FALSE,FALSE,"1,13,5,2,3,4,6,7,8","1,13","1,5,13","1,5,13","1,5,13"
32,10,0.988423257998947,0.0988423257998947,-1560.663161522,-1518.51708053778,FALSE,FALSE,FALSE,"1,13,5,2,3,4,6,7,8,9","1,13","1,5,13","1,5,13","1,5,13"
32,11,0.988437850877552,0.0898579864434138,-1559.29382616633,-1512.93313708368,FALSE,FALSE,FALSE,"1,13,5,2,3,4,6,7,8,9,10","1,13","1,5,13","1,5,13","1,5,13"
32,12,0.988450939527804,0.082370911627317,-1557.86015964176,-1507.28486246069,FALSE,FALSE,FALSE,"1,13,5,2,3,4,6,7,8,9,10,11","1,13","1,5,13","1,5,13","1,5,13"
32,13,0.988463959777283,0.0760356892136372,-1556.42417064745,-1501.63426536796,FALSE,FALSE,FALSE,"1,13,5,2,3,4,6,7,8,9,10,11,12","1,13","1,5,13","1,5,13","1,5,13"
32,14,0.988471883617645,0.0706051345441175,-1554.76772713685,-1495.76321375894,FALSE,FALSE,FALSE,"1,13,5,2,3,4,6,7,8,9,10,11,12,14","1,13","1,5,13","1,5,13","1,5,13"
32,15,0.98848134000724,0.0658987560004826,-1553.17804005745,-1489.95891858112,FALSE,FALSE,FALSE,"1,13,5,2,3,4,6,7,8,9,10,11,12,14,15","1,13","1,5,13","1,5,13","1,5,13"
32,16,0.988489560436397,0.0617805975272748,-1551.53499841295,-1484.1012688382,FALSE,FALSE,FALSE,"1,13,5,2,3,4,6,7,8,9,10,11,12,14,15,16","1,13","1,5,13","1,5,13","1,5,13"
32,17,0.988492670037473,0.0581466276492631,-1549.67009408727,-1478.02175641409,FALSE,FALSE,FALSE,"1,13,5,2,3,4,6,7,8,9,10,11,12,14,15,16,17","1,13","1,5,13","1,5,13","1,5,13"
32,18,0.988494397317163,0.054916355406509,-1547.74515100068,-1471.88220522908,FALSE,FALSE,FALSE,"1,13,5,2,3,4,6,7,8,9,10,11,12,14,15,16,17,18","1,13","1,5,13","1,5,13","1,5,13"
32,19,0.988495339469697,0.0520260704984051,-1545.78609588365,-1465.70854201363,FALSE,FALSE,FALSE,"1,13,5,2,3,4,6,7,8,9,10,11,12,14,15,16,17,18,19","1,13","1,5,13","1,5,13","1,5,13"
32,20,0.988495909171146,0.0494247954585573,-1543.81085609076,-1459.51869412232,FALSE,FALSE,FALSE,"1,13,5,2,3,4,6,7,8,9,10,11,12,14,15,16,17,18,19,20","1,13","1,5,13","1,5,13","1,5,13"
33,1,0.585731611077862,0.585731611077862,246.722225720839,250.936833819261,FALSE,FALSE,FALSE,"19","1","4","4","4,6,19"
33,2,0.89804686533303,0.449023432666515,-452.278175555489,-443.848959358645,FALSE,FALSE,FALSE,"19,4","1,2","4,6","4,6","4,6,19"
33,3,0.989594225791586,0.329864741930529,-1591.35436516923,-1578.71054087397,FALSE,TRUE,TRUE,"19,4,6","1,2,3","4,6,19","4,6,19","4,6,19"
33,4,0.989615218138498,0.247403804534624,-1590.36407140197,-1573.50563900828,FALSE,FALSE,FALSE,"19,4,6,1","1,2,3,4","4,6,19","4,6,19","4,6,19"
33,5,0.989646959941245,0.197929391988249,-1589.89469634696,-1568.82165585485,FALSE,FALSE,FALSE,"19,4,6,1,2","1,2,3,4,5","4,6,19","4,6,19","4,6,19"
33,6,0.989660281497196,0.164943380249533,-1588.53847507525,-1563.25082648471,FALSE,FALSE,FALSE,"19,4,6,1,2,3","1,2,3,4,5,6","4,6,19","4,6,19","4,6,19"
33,7,0.989678923046832,0.141382703292405,-1587.44074211207,-1557.93848542312,FALSE,FALSE,FALSE,"19,4,6,1,2,3,5","1,2,3,4,5,6,8","4,6,19","4,6,19","4,6,19"
33,8,0.989693341639178,0.123711667704897,-1586.13973279013,-1552.42286800276,FALSE,FALSE,FALSE,"19,4,6,1,2,3,5,7","1,2,3,4,5,6,8,9","4,6,19","4,6,19","4,6,19"
33,9,0.989710470952718,0.109967830105858,-1584.97140698059,-1547.03993409479,FALSE,FALSE,FALSE,"19,4,6,1,2,3,5,7,8","1,2,3,4,5,6,8,9,10","4,6,19","4,6,19","4,6,19"
33,10,0.989722001243728,0.0989722001243728,-1583.53201359937,-1541.38593261515,FALSE,FALSE,FALSE,"19,4,6,1,2,3,5,7,8,9","1,2,3,4,5,6,8,9,10,11","4,6,19","4,6,19","4,6,19"
33,11,0.989733294814766,0.0899757540740696,-1582.08172082355,-1535.72103174091,FALSE,FALSE,FALSE,"19,4,6,1,2,3,5,7,8,9,10","1,2,3,4,5,6,8,9,10,11,12","4,6,19","4,6,19","4,6,19"
33,12,0.989742954109335,0.0824785795091113,-1580.55236068109,-1529.97706350002,FALSE,FALSE,FALSE,"19,4,6,1,2,3,5,7,8,9,10,11","1,2,3,4,5,6,8,9,10,11,12,13","4,6,19","4,6,19","4,6,19"
33,13,0.989746168163322,0.0761343206279478,-1578.70906065539,-1523.9191553759,FALSE,FALSE,FALSE,"19,4,6,1,2,3,5,7,8,9,10,11,12","1,2,3,4,5,6,8,9,10,11,12,13,14","4,6,19","4,6,19","4,6,19"
33,14,0.989748837310409,0.0706963455221721,-1576.83923123889,-1517.83471786098,FALSE,FALSE,FALSE,"19,4,6,1,2,3,5,7,8,9,10,11,12,13","1,2,3,4,5,6,8,9,10,11,12,13,14,15","4,6,19","4,6,19","4,6,19"
33,15,0.989749889751923,0.0659833259834615,-1574.89056666172,-1511.67144518539,FALSE,FALSE,FALSE,"19,4,6,1,2,3,5,7,8,9,10,11,12,13,14","1,2,3,4,5,6,8,9,10,11,12,13,14,15,16","4,6,19","4,6,19","4,6,19"
33,16,0.989750548783784,0.0618594092989865,-1572.92271524512,-1505.48898567036,FALSE,FALSE,FALSE,"19,4,6,1,2,3,5,7,8,9,10,11,12,13,14,15","1,2,3,4,5,6,8,9,10,11,12,13,14,15,16,17","4,6,19","4,6,19","4,6,19"
33,17,0.989751158590512,0.0582206563876772,-1570.9524643925,-1499.30412671932,FALSE,FALSE,FALSE,"19,4,6,1,2,3,5,7,8,9,10,11,12,13,14,15,16","1,2,3,4,5,6,8,9,10,11,12,13,14,15,16,17,18","4,6,19","4,6,19","4,6,19"
33,18,0.989751190133931,0.0549861772296628,-1568.95400327217,-1493.09105750057,FALSE,FALSE,FALSE,"19,4,6,1,2,3,5,7,8,9,10,11,12,13,14,15,16,17","1,2,3,4,5,6,8,9,10,11,12,13,14,15,16,17,18,19","4,6,19","4,6,19","4,6,19"
33,19,0.98975120373207,0.0520921686174773,-1566.95466667347,-1486.87711280345,TRUE,FALSE,FALSE,"19,4,6,1,2,3,5,7,8,9,10,11,12,13,14,15,16,17,18","1,2,3,4,5,6,8,9,10,11,12,13,14,15,16,17,18,19,20","4,6,19","4,6,19","4,6,19"
33,20,0.989751219672328,0.0494875609836164,-1564.955444339,-1480.66328237055,FALSE,FALSE,FALSE,"19,4,6,1,2,3,5,7,8,9,10,11,12,13,14,15,16,17,18,20","1,2,3,4,5,6,8,9,10,11,12,13,14,15,16,17,18,19,20","4,6,19","4,6,19","4,6,19"
34,1,0.524389024240617,0.524389024240617,272.156676065056,276.371284163478,FALSE,FALSE,FALSE,"2","1","2","2","2,11,20"
34,2,0.901057133003878,0.450528566501939,-510.87215381644,-502.442937619595,FALSE,FALSE,FALSE,"2,20","1,2","2,11","2,11","2,11,20"
34,3,0.990279540729191,0.330093180243064,-1669.027011346,-1656.38318705073,FALSE,FALSE,TRUE,"2,20,11","1,2,3","2,11,16","2,11,20","2,11,20"
34,4,0.990382698234617,0.247595674558654,-1672.36157328247,-1655.50314088879,FALSE,TRUE,FALSE,"2,20,11,1","1,2,3,4","2,11,16,20","2,11,20","2,11,20"
34,5,0.990418589754199,0.19808371795084,-1672.23105084816,-1651.15801035605,FALSE,FALSE,FALSE,"2,20,11,1,3","1,2,3,4,5","2,11,16,20","2,11,20","2,11,20"
34,6,0.990458119496858,0.165076353249476,-1672.29815318326,-1647.01050459273,FALSE,FALSE,FALSE,"2,20,11,1,3,4","1,2,3,4,5,6","2,11,16,20","2,11,20","2,11,20"
34,7,0.990478669950396,0.141496952850057,-1671.37616999694,-1641.87391330799,FALSE,FALSE,FALSE,"2,20,11,1,3,4,5","1,2,3,4,5,6,7","2,11,16,20","2,11,20","2,11,20"
34,8,0.990501996719945,0.123812749589993,-1670.6026473314,-1636.88578254402,FALSE,FALSE,FALSE,"2,20,11,1,3,4,5,6","1,2,3,4,5,6,7,8","2,11,16,20","2,11,20","2,11,20"
34,9,0.990527489196746,0.11005860991075,-1669.94644286763,-1632.01496998183,FALSE,FALSE,FALSE,"2,20,11,1,3,4,5,6,7","1,2,3,4,5,6,7,8,9","2,11,16,20","2,11,20","2,11,20"
34,10,0.990543463648627,0.0990543463648627,-1668.79035516511,-1626.64427418089,FALSE,FALSE,FALSE,"2,20,11,1,3,4,5,6,7,8","1,2,3,4,5,6,7,8,9,10","2,11,16,20","2,11,20","2,11,20"
34,11,0.990559644311204,0.090050876755564,-1667.6466158929,-1621.28592681025,FALSE,FALSE,FALSE,"2,20,11,1,3,4,5,6,7,8,9","1,2,3,4,5,6,7,8,9,10,11","2,11,16,20","2,11,20","2,11,20"
34,12,0.990574429352633,0.0825478691127194,-1666.43030624516,-1615.8550090641,FALSE,FALSE,FALSE,"2,20,11,1,3,4,5,6,7,8,9,10","1,2,3,4,5,6,7,8,9,10,11,12","2,11,16,20","2,11,20","2,11,20"
34,13,0.99058502889229,0.07619884837633,-1664.99289838893,-1610.20299310944,FALSE,FALSE,FALSE,"2,20,11,1,3,4,5,6,7,8,9,10,12","1,2,3,4,5,6,7,8,9,10,11,12,13","2,11,16,20","2,11,20","2,11,20"
34,14,0.990594220011108,0.0707567300007934,-1663.48124869445,-1604.47673531654,FALSE,FALSE,FALSE,"2,20,11,1,3,4,5,6,7,8,9,10,12,13","1,2,3,4,5,6,7,8,9,10,11,12,13,14","2,11,16,20","2,11,20","2,11,20"
34,15,0.990602047897855,0.0660401365265237,-1661.89754303228,-1598.67842155594,FALSE,FALSE,FALSE,"2,20,11,1,3,4,5,6,7,8,9,10,12,13,14","1,2,3,4,5,6,7,8,9,10,11,12,13,14,15","2,11,16,20","2,11,20","2,11,20"
34,16,0.990609258128165,0.0619130786330103,-1660.2812967234,-1592.84756714865,FALSE,FALSE,FALSE,"2,20,11,1,3,4,5,6,7,8,9,10,12,13,14,15","1,2,3,4,5,6,7,8,9,10,11,12,13,14,15,16","2,11,16,20","2,11,20","2,11,20"
34,17,0.990612697756887,0.0582713351621698,-1658.46446962147,-1586.81613194829,FALSE,FALSE,FALSE,"2,20,11,1,3,4,5,6,7,8,9,10,12,13,14,15,16","1,2,3,4,5,6,7,8,9,10,11,12,13,14,15,16,18","2,11,16,20","2,11,20","2,11,20"
34,18,0.990616118392688,0.0550342287995938,-1656.64669765068,-1580.78375187908,FALSE,FALSE,FALSE,"2,20,11,1,3,4,5,6,7,8,9,10,12,13,14,15,16,17","1,2,3,4,5,6,7,8,9,10,11,12,13,14,15,16,18,19","2,11,16,20","2,11,20","2,11,20"
34,19,0.99061830817433,0.0521378056933858,-1654.76338908348,-1574.68583521345,TRUE,FALSE,FALSE,"2,20,11,1,3,4,5,6,7,8,9,10,12,13,14,15,16,17,18","1,2,3,4,5,6,7,8,9,10,11,12,13,14,15,16,18,19,20","2,11,16,20","2,11,20","2,11,20"
34,20,0.990618315386715,0.0495309157693358,-1652.76377346982,-1568.47161150138,FALSE,FALSE,FALSE,"2,20,11,1,3,4,5,6,7,8,9,10,12,13,14,15,16,17,18,19","1,2,3,4,5,6,7,8,9,10,11,12,13,14,15,16,18,19,20","2,11,16,20","2,11,20","2,11,20"
35,1,0.533552684866809,0.533552684866809,-39.4500663427811,-35.235458244359,FALSE,FALSE,FALSE,"13","1","8","8","8,11,13"
35,2,0.911800080560566,0.455900040280283,-870.219580245158,-861.790364048313,FALSE,FALSE,FALSE,"13,8","1,2","8,11","8,11","8,11,13"
35,3,0.980616898875146,0.326872299625049,-1625.82179984695,-1613.17797555169,FALSE,TRUE,TRUE,"13,8,11","1,2,3","8,11,13","8,11,13","8,11,13"
35,4,0.980671373250124,0.245167843312531,-1625.22898092423,-1608.37054853054,FALSE,FALSE,FALSE,"13,8,11,1","1,2,3,4","8,11,13","8,11,13","8,11,13"
35,5,0.980760456389881,0.196152091277976,-1625.53874302455,-1604.46570253244,FALSE,FALSE,FALSE,"13,8,11,1,2","1,2,3,4,5","8,11,13","8,11,13","8,11,13"
35,6,0.980801051217384,0.163466841869564,-1624.59484174405,-1599.30719315352,FALSE,FALSE,FALSE,"13,8,11,1,2,3","1,2,3,4,5,7","8,11,13","8,11,13","8,11,13"
35,7,0.980844282747923,0.140120611821132,-1623.72199401305,-1594.21973732409,FALSE,FALSE,FALSE,"13,8,11,1,2,3,4","1,2,3,4,5,7,8","8,11,13","8,11,13","8,11,13"
35,8,0.980886302693975,0.122610787836747,-1622.81999782167,-1589.10313303429,FALSE,FALSE,FALSE,"13,8,11,1,2,3,4,5","1,2,3,4,5,7,8,9","8,11,13","8,11,13","8,11,13"
35,9,0.980920775188612,0.108991197243179,-1621.72258662835,-1583.79111374255,FALSE,FALSE,FALSE,"13,8,11,1,2,3,4,5,6","1,2,3,4,5,7,8,9,10","8,11,13","8,11,13","8,11,13"
35,10,0.980944215548986,0.0980944215548986,-1620.33725445666,-1578.19117347244,FALSE,FALSE,FALSE,"13,8,11,1,2,3,4,5,6,7","1,2,3,4,5,7,8,9,10,11","8,11,13","8,11,13","8,11,13"
35,11,0.980973413179279,0.0891794011981163,-1619.10395135708,-1572.74326227443,FALSE,FALSE,FALSE,"13,8,11,1,2,3,4,5,6,7,9","1,2,3,4,5,7,8,9,10,11,12","8,11,13","8,11,13","8,11,13"
35,12,0.980997224377039,0.0817497686980866,-1617.73007810078,-1567.15478091971,FALSE,FALSE,FALSE,"13,8,11,1,2,3,4,5,6,7,9,10","1,2,3,4,5,7,8,9,10,11,12,13","8,11,13","8,11,13","8,11,13"
35,13,0.981016630464736,0.0754628177280566,-1616.24095092832,-1561.45104564883,FALSE,FALSE,FALSE,"13,8,11,1,2,3,4,5,6,7,9,10,12","1,2,3,4,5,7,8,9,10,11,12,13,14","8,11,13","8,11,13","8,11,13"
35,14,0.981034301208922,0.0700738786577801,-1614.70659465141,-1555.7020812735,FALSE,FALSE,FALSE,"13,8,11,1,2,3,4,5,6,7,9,10,12,14","1,2,3,4,5,7,8,9,10,11,12,13,14,15","8,11,13","8,11,13","8,11,13"
35,15,0.981042314148859,0.0654028209432572,-1612.91788750229,-1549.69876602596,FALSE,FALSE,FALSE,"13,8,11,1,2,3,4,5,6,7,9,10,12,14,15","1,2,3,4,5,7,8,9,10,11,12,13,14,15,16","8,11,13","8,11,13","8,11,13"
35,16,0.981048226973277,0.0613155141858298,-1611.07385977521,-1543.64013020046,FALSE,FALSE,FALSE,"13,8,11,1,2,3,4,5,6,7,9,10,12,14,15,16","1,2,3,4,5,7,8,9,10,11,12,13,14,15,16,17","8,11,13","8,11,13","8,11,13"
35,17,0.981055663605849,0.057709156682697,-1609.27009714051,-1537.62175946733,FALSE,FALSE,FALSE,"13,8,11,1,2,3,4,5,6,7,9,10,12,14,15,16,17","1,2,3,4,5,7,8,9,10,11,12,13,14,15,16,17,18","8,11,13","8,11,13","8,11,13"
35,18,0.981060142655444,0.0545033412586358,-1607.38832717719,-1531.52538140559,FALSE,FALSE,FALSE,"13,8,11,1,2,3,4,5,6,7,9,10,12,14,15,16,17,18","1,2,3,4,5,7,8,9,10,11,12,13,14,15,16,17,18,19","8,11,13","8,11,13","8,11,13"
35,19,0.981064230506046,0.0516349595003182,-1605.49625544027,-1525.41870157025,TRUE,FALSE,FALSE,"13,8,11,1,2,3,4,5,6,7,9,10,12,14,15,16,17,18,19","1,2,3,4,5,7,8,9,10,11,12,13,14,15,16,17,18,19,20","8,11,13","8,11,13","8,11,13"
35,20,0.981064467364637,0.0490532233682319,-1603.50250974309,-1519.21034777464,FALSE,FALSE,FALSE,"13,8,11,1,2,3,4,5,6,7,9,10,12,14,15,16,17,18,19,20","1,2,3,4,5,7,8,9,10,11,12,13,14,15,16,17,18,19,20","8,11,13","8,11,13","8,11,13"
36,1,0.757224221514239,0.757224221514239,-714.113026540386,-709.898418441964,FALSE,FALSE,FALSE,"14","14","9","14","14,18,20"
36,2,0.812463325134951,0.406231662567476,-841.194961303281,-832.765745106437,TRUE,FALSE,FALSE,"14,20","14,20","9,11","14,18","14,18,20"
36,3,0.963853528702783,0.321284509567594,-1662.39250856582,-1649.74868427055,FALSE,FALSE,TRUE,"14,20,18","14,20","9,11,13","14,18,20","14,18,20"
36,4,0.964148702794096,0.241037175698524,-1664.49229875707,-1647.63386636339,FALSE,FALSE,FALSE,"14,20,18,1","14,20","9,11,13,14","14,18,20","14,18,20"
36,5,0.964693714153196,0.192938742830639,-1670.15166538444,-1649.07862489233,FALSE,FALSE,FALSE,"14,20,18,1,2","14,20","9,11,13,14,18","14,18,20","14,18,20"
36,6,0.964876350077943,0.16081272501299,-1670.74482881887,-1645.45718022834,FALSE,FALSE,FALSE,"14,20,18,1,2,3","14,20","9,11,13,14,18,19","14,18,20","14,18,20"
36,7,0.965036147844586,0.137862306834941,-1671.02480797063,-1641.52255128167,FALSE,TRUE,FALSE,"14,20,18,1,2,3,4","14,20","9,11,13,14,18,19,20","14,18,20","14,18,20"
36,8,0.965151990875398,0.120643998859425,-1670.68416978984,-1636.96730500246,FALSE,FALSE,FALSE,"14,20,18,1,2,3,4,5","14,20","9,11,13,14,18,19,20","14,18,20","14,18,20"
36,9,0.965233960887984,0.107248217876443,-1669.86166273194,-1631.93018984614,FALSE,FALSE,FALSE,"14,20,18,1,2,3,4,5,6","14,20","9,11,13,14,18,19,20","14,18,20","14,18,20"
36,10,0.965287030488515,0.0965287030488515,-1668.62548495542,-1626.4794039712,FALSE,FALSE,FALSE,"14,20,18,1,2,3,4,5,6,7","14,20","9,11,13,14,18,19,20","14,18,20","14,18,20"
36,11,0.965306974618325,0.0877551795107569,-1666.91283953321,-1620.55215045057,FALSE,FALSE,FALSE,"14,20,18,1,2,3,4,5,6,7,8","14,20","9,11,13,14,18,19,20","14,18,20","14,18,20"
36,12,0.965326877350537,0.0804439064458781,-1665.19976238136,-1614.62446520029,FALSE,FALSE,FALSE,"14,20,18,1,2,3,4,5,6,7,8,9","14,20","9,11,13,14,18,19,20","14,18,20","14,18,20"
36,13,0.965330572009486,0.0742561978468836,-1663.25304364832,-1608.46313836883,FALSE,FALSE,FALSE,"14,20,18,1,2,3,4,5,6,7,8,9,10","14,20","9,11,13,14,18,19,20","14,18,20","14,18,20"
36,14,0.965335208100782,0.0689525148643415,-1661.31990949479,-1602.31539611688,FALSE,FALSE,FALSE,"14,20,18,1,2,3,4,5,6,7,8,9,10,11","14,20","9,11,13,14,18,19,20","14,18,20","14,18,20"
36,15,0.965339245266616,0.0643559496844411,-1659.3781443885,-1596.15902291217,FALSE,FALSE,FALSE,"14,20,18,1,2,3,4,5,6,7,8,9,10,11,12","14,20","9,11,13,14,18,19,20","14,18,20","14,18,20"
36,16,0.965341292537785,0.0603338307836116,-1657.40767824674,-1589.97394867198,FALSE,FALSE,FALSE,"14,20,18,1,2,3,4,5,6,7,8,9,10,11,12,13","14,20","9,11,13,14,18,19,20","14,18,20","14,18,20"
36,17,0.965343153672394,0.0567848913924938,-1655.43452841972,-1583.78619074654,FALSE,FALSE,FALSE,"14,20,18,1,2,3,4,5,6,7,8,9,10,11,12,13,15","14,20","9,11,13,14,18,19,20","14,18,20","14,18,20"
36,18,0.965344032688169,0.0536302240382316,-1653.44721028515,-1577.58426451355,FALSE,FALSE,FALSE,"14,20,18,1,2,3,4,5,6,7,8,9,10,11,12,13,15,16","14,20","9,11,13,14,18,19,20","14,18,20","14,18,20"
36,19,0.965344618117104,0.0508076114798476,-1651.45565664987,-1571.37810277984,FALSE,FALSE,FALSE,"14,20,18,1,2,3,4,5,6,7,8,9,10,11,12,13,15,16,17","14,20","9,11,13,14,18,19,20","14,18,20","14,18,20"
36,20,0.965344831324379,0.0482672415662189,-1649.4587327656,-1565.16657079715,FALSE,FALSE,FALSE,"14,20,18,1,2,3,4,5,6,7,8,9,10,11,12,13,15,16,17,19","14,20","9,11,13,14,18,19,20","14,18,20","14,18,20"
37,1,0.690112824436733,0.690112824436733,46.8464825267885,51.0610906252107,FALSE,FALSE,FALSE,"3","3","3","3","3,19,20"
37,2,0.893747094733768,0.446873547366884,-486.346582635512,-477.917366438668,TRUE,FALSE,FALSE,"3,19","3,19","3,8","3,19","3,19,20"
37,3,0.985773678072094,0.328591226024031,-1489.71070539185,-1477.06688109659,FALSE,FALSE,TRUE,"3,19,20","3,19","3,8,11","3,19,20","3,19,20"
37,4,0.985863798422957,0.246465949605739,-1490.88816081605,-1474.02972842236,FALSE,FALSE,FALSE,"3,19,20,1","3,19","3,8,11,13","3,19,20","3,19,20"
37,5,0.985931586430105,0.197186317286021,-1491.29160214367,-1470.21856165156,FALSE,FALSE,FALSE,"3,19,20,1,2","3,19","3,8,11,13,19","3,19,20","3,19,20"
37,6,0.985988475879523,0.164331412646587,-1491.3175869547,-1466.02993836416,FALSE,TRUE,FALSE,"3,19,20,1,2,4","3,19","3,8,11,13,19,20","3,19,20","3,19,20"
37,7,0.986020683403917,0.140860097629131,-1490.46823258674,-1460.96597589778,FALSE,FALSE,FALSE,"3,19,20,1,2,4,5","3,19","3,8,11,13,19,20","3,19,20","3,19,20"
37,8,0.986035733225138,0.123254466653142,-1489.00681142527,-1455.2899466379,FALSE,FALSE,FALSE,"3,19,20,1,2,4,5,6","3,19","3,8,11,13,19,20","3,19,20","3,19,20"
37,9,0.986054017806295,0.109561557534033,-1487.66193219444,-1449.73045930864,FALSE,FALSE,FALSE,"3,19,20,1,2,4,5,6,7","3,19","3,8,11,13,19,20","3,19,20","3,19,20"
37,10,0.986065487321175,0.0986065487321175,-1486.07331354116,-1443.92723255694,FALSE,FALSE,FALSE,"3,19,20,1,2,4,5,6,7,8","3,19","3,8,11,13,19,20","3,19,20","3,19,20"
37,11,0.986075213466141,0.0896432012241947,-1484.4224301965,-1438.06174111386,FALSE,FALSE,FALSE,"3,19,20,1,2,4,5,6,7,8,9","3,19","3,8,11,13,19,20","3,19,20","3,19,20"
37,12,0.986080919985289,0.082173409998774,-1482.62737727945,-1432.05208009838,FALSE,FALSE,FALSE,"3,19,20,1,2,4,5,6,7,8,9,10","3,19","3,8,11,13,19,20","3,19,20","3,19,20"
37,13,0.98608372559651,0.0758525942766546,-1480.72817036399,-1425.9382650845,FALSE,FALSE,FALSE,"3,19,20,1,2,4,5,6,7,8,9,10,11","3,19","3,8,11,13,19,20","3,19,20","3,19,20"
37,14,0.986088318331864,0.0704348798808474,-1478.8932107063,-1419.88869732839,FALSE,FALSE,FALSE,"3,19,20,1,2,4,5,6,7,8,9,10,11,12","3,19","3,8,11,13,19,20","3,19,20","3,19,20"
37,15,0.986090308897087,0.0657393539264725,-1476.96475876551,-1413.74563728918,FALSE,FALSE,FALSE,"3,19,20,1,2,4,5,6,7,8,9,10,11,12,13","3,19","3,8,11,13,19,20","3,19,20","3,19,20"
37,16,0.98609216753738,0.0616307604710863,-1475.03157421338,-1407.59784463862,FALSE,FALSE,FALSE,"3,19,20,1,2,4,5,6,7,8,9,10,11,12,13,14","3,19","3,8,11,13,19,20","3,19,20","3,19,20"
37,17,0.986094060458063,0.0580055329681214,-1473.0996311704,-1401.45129349722,FALSE,FALSE,FALSE,"3,19,20,1,2,4,5,6,7,8,9,10,11,12,13,14,15","3,19","3,8,11,13,19,20","3,19,20","3,19,20"
37,18,0.986094812295269,0.0547830451275149,-1471.12666485368,-1395.26371908208,FALSE,FALSE,FALSE,"3,19,20,1,2,4,5,6,7,8,9,10,11,12,13,14,15,16","3,19","3,8,11,13,19,20","3,19,20","3,19,20"
37,19,0.986094910356112,0.0518997321240059,-1469.13019091861,-1389.05263704859,FALSE,FALSE,FALSE,"3,19,20,1,2,4,5,6,7,8,9,10,11,12,13,14,15,16,17","3,19","3,8,11,13,19,20","3,19,20","3,19,20"
37,20,0.986094923047496,0.0493047461523748,-1467.1306472763,-1382.83848530786,FALSE,FALSE,FALSE,"3,19,20,1,2,4,5,6,7,8,9,10,11,12,13,14,15,16,17,18","3,19","3,8,11,13,19,20","3,19,20","3,19,20"
38,1,0.627651040206145,0.627651040206145,-18.2091771352536,-13.9945690368314,FALSE,FALSE,FALSE,"20","1","6","14","14,15,20"
38,2,0.893819793986876,0.446909896993438,-643.556062709817,-635.126846512972,FALSE,FALSE,FALSE,"20,14","1,2","6,8","14,15","14,15,20"
38,3,0.98432141816453,0.328107139388177,-1597.97713306655,-1585.33330877129,FALSE,FALSE,TRUE,"20,14,15","1,2,3","6,8,11","14,15,20","14,15,20"
38,4,0.984394942317787,0.246098735579447,-1598.32738034482,-1581.46894795113,FALSE,FALSE,FALSE,"20,14,15,1","1,2,3,4","6,8,11,14","14,15,20","14,15,20"
38,5,0.984467863440795,0.196893572688159,-1598.66931442399,-1577.59627393188,FALSE,FALSE,FALSE,"20,14,15,1,2","1,2,3,4,5","6,8,11,14,15","14,15,20","14,15,20"
38,6,0.984554029797608,0.164092338299601,-1599.4508459003,-1574.16319730976,FALSE,TRUE,FALSE,"20,14,15,1,2,3","1,2,3,4,5,6","6,8,11,14,15,20","14,15,20","14,15,20"
38,7,0.984601206433936,0.140657315204848,-1598.98033315687,-1569.47807646792,FALSE,FALSE,FALSE,"20,14,15,1,2,3,4","1,2,3,4,5,6,7","6,8,11,14,15,20","14,15,20","14,15,20"
38,8,0.984649443317009,0.123081180414626,-1598.54904671505,-1564.83218192767,FALSE,FALSE,FALSE,"20,14,15,1,2,3,4,5","1,2,3,4,5,6,7,8","6,8,11,14,15,20","14,15,20","14,15,20"
38,9,0.984697193660758,0.10941079929564,-1598.10680017714,-1560.17532729134,FALSE,FALSE,FALSE,"20,14,15,1,2,3,4,5,6","1,2,3,4,5,6,7,8,9","6,8,11,14,15,20","14,15,20","14,15,20"
38,10,0.98473101197747,0.098473101197747,-1597.21299401403,-1555.06691302981,FALSE,FALSE,FALSE,"20,14,15,1,2,3,4,5,6,7","1,2,3,4,5,6,7,8,9,10","6,8,11,14,15,20","14,15,20","14,15,20"
38,11,0.984776075377483,0.0895250977615894,-1596.69082702211,-1550.33013793947,FALSE,FALSE,FALSE,"20,14,15,1,2,3,4,5,6,7,8","1,2,3,4,5,6,7,8,9,10,11","6,8,11,14,15,20","14,15,20","14,15,20"
38,12,0.98480986159552,0.0820674884662933,-1595.80170234003,-1545.22640515897,FALSE,FALSE,FALSE,"20,14,15,1,2,3,4,5,6,7,8,9","1,2,3,4,5,6,7,8,9,10,11,12","6,8,11,14,15,20","14,15,20","14,15,20"
38,13,0.984836589758338,0.0757566607506414,-1594.68226395205,-1539.89235867256,FALSE,FALSE,FALSE,"20,14,15,1,2,3,4,5,6,7,8,9,10","1,2,3,4,5,6,7,8,9,10,11,12,13","6,8,11,14,15,20","14,15,20","14,15,20"
38,14,0.984853316411846,0.070346665457989,-1593.23411493937,-1534.22960156146,FALSE,FALSE,FALSE,"20,14,15,1,2,3,4,5,6,7,8,9,10,11","1,2,3,4,5,6,7,8,9,10,11,12,13,14","6,8,11,14,15,20","14,15,20","14,15,20"
38,15,0.984868047979407,0.0656578698652938,-1591.72064837879,-1528.50152690246,FALSE,FALSE,FALSE,"20,14,15,1,2,3,4,5,6,7,8,9,10,11,12","1,2,3,4,5,6,7,8,9,10,11,12,13,14,15","6,8,11,14,15,20","14,15,20","14,15,20"
38,16,0.984877252095526,0.0615548282559704,-1590.02486942298,-1522.59113984823,FALSE,FALSE,FALSE,"20,14,15,1,2,3,4,5,6,7,8,9,10,11,12,13","1,2,3,4,5,6,7,8,9,10,11,12,13,14,15,17","6,8,11,14,15,20","14,15,20","14,15,20"
38,17,0.984881843821252,0.0579342261071325,-1588.17670766662,-1516.52836999344,FALSE,FALSE,FALSE,"20,14,15,1,2,3,4,5,6,7,8,9,10,11,12,13,16","1,2,3,4,5,6,7,8,9,10,11,12,13,14,15,17,18","6,8,11,14,15,20","14,15,20","14,15,20"
38,18,0.984883829983833,0.0547157683324352,-1586.2423999718,-1510.3794542002,FALSE,FALSE,FALSE,"20,14,15,1,2,3,4,5,6,7,8,9,10,11,12,13,16,17","1,2,3,4,5,6,7,8,9,10,11,12,13,14,15,17,18,19","6,8,11,14,15,20","14,15,20","14,15,20"
38,19,0.984883863095156,0.0518359927944819,-1584.2434952016,-1504.16594133157,TRUE,FALSE,FALSE,"20,14,15,1,2,3,4,5,6,7,8,9,10,11,12,13,16,17,18","1,2,3,4,5,6,7,8,9,10,11,12,13,14,15,17,18,19,20","6,8,11,14,15,20","14,15,20","14,15,20"
38,20,0.98488386713413,0.0492441933567065,-1582.2436287997,-1497.95146683126,FALSE,FALSE,FALSE,"20,14,15,1,2,3,4,5,6,7,8,9,10,11,12,13,16,17,18,19","1,2,3,4,5,6,7,8,9,10,11,12,13,14,15,17,18,19,20","6,8,11,14,15,20","14,15,20","14,15,20"
39,1,0.724284820152815,0.724284820152815,91.805125724079,96.0197338225012,FALSE,FALSE,FALSE,"3","3","3","3","3,5,16"
39,2,0.867359847878241,0.43367992393912,-272.059143047993,-263.629926851148,TRUE,FALSE,FALSE,"3,5","3,16","3,5","3,5","3,5,16"
39,3,0.991001002004318,0.330333667334773,-1615.32244351714,-1602.67861922187,FALSE,FALSE,FALSE,"3,5,16","3,16","3,5,15","3,5,15","3,5,16"
39,4,0.991132146685273,0.247783036671318,-1620.66268685327,-1603.80425445958,FALSE,TRUE,TRUE,"3,5,16,1","3,16","3,5,15,16","3,5,15,16","3,5,16"
39,5,0.991149601067847,0.198229920213569,-1619.64779463797,-1598.57475414586,FALSE,FALSE,FALSE,"3,5,16,1,2","3,16","3,5,15,16","3,5,15,16","3,5,16"
39,6,0.991164723841422,0.165194120640237,-1618.50288086922,-1593.21523227869,FALSE,FALSE,FALSE,"3,5,16,1,2,4","3,16","3,5,15,16","3,5,15,16","3,5,16"
39,7,0.991180932051901,0.141597276007414,-1617.42096737161,-1587.91871068266,FALSE,FALSE,FALSE,"3,5,16,1,2,4,6","3,16","3,5,15,16","3,5,15,16","3,5,16"
39,8,0.991198401590533,0.123899800198817,-1616.41239096486,-1582.69552617748,FALSE,FALSE,FALSE,"3,5,16,1,2,4,6,7","3,16","3,5,15,16","3,5,15,16","3,5,16"
39,9,0.991210532147877,0.110134503571986,-1615.10197732006,-1577.17050443426,FALSE,FALSE,FALSE,"3,5,16,1,2,4,6,7,8","3,16","3,5,15,16","3,5,15,16","3,5,16"
39,10,0.99122109971195,0.099122109971195,-1613.7034882437,-1571.55740725948,FALSE,FALSE,FALSE,"3,5,16,1,2,4,6,7,8,9","3,16","3,5,15,16","3,5,15,16","3,5,16"
39,11,0.99122602580422,0.0901114568912927,-1611.98413130327,-1565.62344222063,FALSE,FALSE,FALSE,"3,5,16,1,2,4,6,7,8,9,10","3,16","3,5,15,16","3,5,15,16","3,5,16"
39,12,0.991231279487097,0.0826026066239248,-1610.2836111222,-1559.70831394113,FALSE,FALSE,FALSE,"3,5,16,1,2,4,6,7,8,9,10,11","3,16","3,5,15,16","3,5,15,16","3,5,16"
39,13,0.991236410257877,0.0762489546352213,-1608.57625771875,-1553.78635243926,FALSE,FALSE,FALSE,"3,5,16,1,2,4,6,7,8,9,10,11,12","3,16","3,5,15,16","3,5,15,16","3,5,16"
39,14,0.991239052157126,0.0708027894397947,-1606.72701201146,-1547.72249863355,FALSE,FALSE,FALSE,"3,5,16,1,2,4,6,7,8,9,10,11,12,13","3,16","3,5,15,16","3,5,15,16","3,5,16"
39,15,0.991240002149518,0.0660826668099679,-1604.78123239491,-1541.56211091858,FALSE,FALSE,FALSE,"3,5,16,1,2,4,6,7,8,9,10,11,12,13,14","3,16","3,5,15,16","3,5,15,16","3,5,16"
39,16,0.99124086349384,0.061952553968365,-1602.83039831286,-1535.3966687381,FALSE,FALSE,FALSE,"3,5,16,1,2,4,6,7,8,9,10,11,12,13,14,15","3,16","3,5,15,16","3,5,15,16","3,5,16"
39,17,0.991241198054253,0.0583083057678972,-1600.84949647408,-1529.2011588009,FALSE,FALSE,FALSE,"3,5,16,1,2,4,6,7,8,9,10,11,12,13,14,15,17","3,16","3,5,15,16","3,5,15,16","3,5,16"
39,18,0.99124133448457,0.0550689630269206,-1598.85728471845,-1522.99433894685,FALSE,FALSE,FALSE,"3,5,16,1,2,4,6,7,8,9,10,11,12,13,14,15,17,18","3,16","3,5,15,16","3,5,15,16","3,5,16"
39,19,0.991241470406144,0.0521706037055865,-1596.86504404138,-1516.78749017136,FALSE,FALSE,FALSE,"3,5,16,1,2,4,6,7,8,9,10,11,12,13,14,15,17,18,19","3,16","3,5,15,16","3,5,15,16","3,5,16"
39,20,0.99124147593274,0.049562073796637,-1594.86535953939,-1510.57319757095,FALSE,FALSE,FALSE,"3,5,16,1,2,4,6,7,8,9,10,11,12,13,14,15,17,18,19,20","3,16","3,5,15,16","3,5,15,16","3,5,16"
40,1,0.579360487988158,0.579360487988158,140.935137322872,145.149745421294,FALSE,FALSE,FALSE,"10","10","10","10","10,13,20"
40,2,0.828807220646404,0.414403610323202,-306.557820040557,-298.128603843712,TRUE,FALSE,FALSE,"10,20","10,20","10,12","10,13","10,13,20"
40,3,0.987284598136573,0.329094866045524,-1604.54596119575,-1591.90213690049,FALSE,FALSE,TRUE,"10,20,13","10,20","10,12,13","10,13,20","10,13,20"
40,4,0.98740677279961,0.246851693199902,-1607.37339028259,-1590.5149578889,FALSE,FALSE,FALSE,"10,20,13,1","10,20","10,12,13,15","10,13,20","10,13,20"
40,5,0.987552590623575,0.197510518124715,-1611.19670359132,-1590.12366309921,FALSE,TRUE,FALSE,"10,20,13,1,2","10,20","10,12,13,15,20","10,13,20","10,13,20"
40,6,0.987596831838505,0.164599471973084,-1610.97699467721,-1585.68934608668,FALSE,FALSE,FALSE,"10,20,13,1,2,3","10,20","10,12,13,15,20","10,13,20","10,13,20"
40,7,0.98764311093482,0.141091872990689,-1610.84609981635,-1581.34384312739,FALSE,FALSE,FALSE,"10,20,13,1,2,3,4","10,20","10,12,13,15,20","10,13,20","10,13,20"
40,8,0.987683880933283,0.12346048511666,-1610.49851428286,-1576.78164949548,FALSE,FALSE,FALSE,"10,20,13,1,2,3,4,5","10,20","10,12,13,15,20","10,13,20","10,13,20"
40,9,0.987721976267574,0.109746886251953,-1610.04747515006,-1572.11600226426,FALSE,FALSE,FALSE,"10,20,13,1,2,3,4,5,6","10,20","10,12,13,15,20","10,13,20","10,13,20"
40,10,0.987750690068816,0.0987750690068816,-1609.2181614853,-1567.07208050108,FALSE,FALSE,FALSE,"10,20,13,1,2,3,4,5,6,7","10,20","10,12,13,15,20","10,13,20","10,13,20"
40,11,0.987790088067326,0.0897990989152115,-1608.8289254255,-1562.46823634285,FALSE,FALSE,FALSE,"10,20,13,1,2,3,4,5,6,7,8","10,20","10,12,13,15,20","10,13,20","10,13,20"
40,12,0.987801069825576,0.082316755818798,-1607.2788344766,-1556.70353729554,FALSE,FALSE,FALSE,"10,20,13,1,2,3,4,5,6,7,8,9","10,20","10,12,13,15,20","10,13,20","10,13,20"
40,13,0.987817836999508,0.0759859874615006,-1605.96654673196,-1551.17664145247,FALSE,FALSE,FALSE,"10,20,13,1,2,3,4,5,6,7,8,9,11","10,20","10,12,13,15,20","10,13,20","10,13,20"
40,14,0.987827496944403,0.0705591069246002,-1604.36318306355,-1545.35866968564,FALSE,FALSE,FALSE,"10,20,13,1,2,3,4,5,6,7,8,9,11,12","10,20","10,12,13,15,20","10,13,20","10,13,20"
40,15,0.987844167043587,0.0658562778029058,-1603.0483964618,-1539.82927498547,FALSE,FALSE,FALSE,"10,20,13,1,2,3,4,5,6,7,8,9,11,12,14","10,20","10,12,13,15,20","10,13,20","10,13,20"
40,16,0.987848420214254,0.0617405262633909,-1601.22337068697,-1533.78964111222,FALSE,FALSE,FALSE,"10,20,13,1,2,3,4,5,6,7,8,9,11,12,14,15","10,20","10,12,13,15,20","10,13,20","10,13,20"
40,17,0.987853196038534,0.0581090115316785,-1599.41991974108,-1527.7715820679,FALSE,FALSE,FALSE,"10,20,13,1,2,3,4,5,6,7,8,9,11,12,14,15,16","10,20","10,12,13,15,20","10,13,20","10,13,20"
40,18,0.987856646195335,0.0548809247886297,-1597.56195903357,-1521.69901326197,FALSE,FALSE,FALSE,"10,20,13,1,2,3,4,5,6,7,8,9,11,12,14,15,16,17","10,20","10,12,13,15,20","10,13,20","10,13,20"
40,19,0.987859920076073,0.0519926273724249,-1595.69677854858,-1515.61922467855,FALSE,FALSE,FALSE,"10,20,13,1,2,3,4,5,6,7,8,9,11,12,14,15,16,17,18","10,20","10,12,13,15,20","10,13,20","10,13,20"
40,20,0.987860824628877,0.0493930412314439,-1593.73403474914,-1509.4418727807,FALSE,FALSE,FALSE,"10,20,13,1,2,3,4,5,6,7,8,9,11,12,14,15,16,17,18,19","10,20","10,12,13,15,20","10,13,20","10,13,20"
41,1,0.557653369920418,0.557653369920418,-134.306285085116,-130.091676986694,FALSE,FALSE,FALSE,"2","1","1","1","1,2,13"
41,2,0.88065022064508,0.44032511032254,-787.32393589429,-778.894719697446,FALSE,FALSE,FALSE,"2,13","1,2","1,2","1,2","1,2,13"
41,3,0.977527501859324,0.325842500619775,-1620.20705956057,-1607.56323526531,FALSE,FALSE,FALSE,"2,13,1","1,2,4","1,2,7","1,2,13","1,2,13"
41,4,0.977909910639225,0.244477477659806,-1626.78865656025,-1609.93022416656,FALSE,FALSE,TRUE,"2,13,1,3","1,2,4,5","1,2,7,10","1,2,13,17","1,2,13"
41,5,0.978078262034623,0.195615652406925,-1628.61381508519,-1607.54077459308,FALSE,FALSE,FALSE,"2,13,1,3,4","1,2,4,5,6","1,2,7,10,12","1,2,13,17","1,2,13"
41,6,0.97814158008458,0.163023596680763,-1628.06008885782,-1602.77244026728,FALSE,FALSE,FALSE,"2,13,1,3,4,5","1,2,4,5,6,7","1,2,7,10,12,13","1,2,13,17","1,2,13"
41,7,0.978280361928262,0.139754337418323,-1629.24477214286,-1599.7425154539,FALSE,TRUE,FALSE,"2,13,1,3,4,5,6","1,2,4,5,6,7,8","1,2,7,10,12,13,17","1,2,13,17","1,2,13"
41,8,0.978349772573969,0.122293721571746,-1628.84520839447,-1595.12834360709,FALSE,FALSE,FALSE,"2,13,1,3,4,5,6,7","1,2,4,5,6,7,8,9","1,2,7,10,12,13,17","1,2,13,17","1,2,13"
41,9,0.978402289993103,0.108711365554789,-1628.05954248911,-1590.12806960331,FALSE,FALSE,FALSE,"2,13,1,3,4,5,6,7,8","1,2,4,5,6,7,8,9,10","1,2,7,10,12,13,17","1,2,13,17","1,2,13"
41,10,0.978421735069873,0.0978421735069873,-1626.5099105031,-1584.36382951888,FALSE,FALSE,FALSE,"2,13,1,3,4,5,6,7,8,9","1,2,4,5,6,7,8,9,10,11","1,2,7,10,12,13,17","1,2,13,17","1,2,13"
41,11,0.978438990454463,0.0889489991322239,-1624.90990298606,-1578.54921390342,FALSE,FALSE,FALSE,"2,13,1,3,4,5,6,7,8,9,10","1,2,4,5,6,7,8,9,10,11,12","1,2,7,10,12,13,17","1,2,13,17","1,2,13"
41,12,0.978459239134782,0.0815382699278985,-1623.37969069119,-1572.80439351013,FALSE,FALSE,FALSE,"2,13,1,3,4,5,6,7,8,9,10,11","1,2,4,5,6,7,8,9,10,11,12,13","1,2,7,10,12,13,17","1,2,13,17","1,2,13"
41,13,0.97847573739908,0.0752673644153138,-1621.76279195939,-1566.9728866799,FALSE,FALSE,FALSE,"2,13,1,3,4,5,6,7,8,9,10,11,12","1,2,4,5,6,7,8,9,10,11,12,13,14","1,2,7,10,12,13,17","1,2,13,17","1,2,13"
41,14,0.978489182359141,0.0698920844542243,-1620.07521058213,-1561.07069720422,FALSE,FALSE,FALSE,"2,13,1,3,4,5,6,7,8,9,10,11,12,14","1,2,4,5,6,7,8,9,10,11,12,13,14,15","1,2,7,10,12,13,17","1,2,13,17","1,2,13"
41,15,0.978499414645963,0.0652332943097309,-1618.31310765832,-1555.09398618199,FALSE,FALSE,FALSE,"2,13,1,3,4,5,6,7,8,9,10,11,12,14,15","1,2,4,5,6,7,8,9,10,11,12,13,14,15,16","1,2,7,10,12,13,17","1,2,13,17","1,2,13"
41,16,0.978503441621322,0.0611564651013326,-1616.40676446947,-1548.97303489471,FALSE,FALSE,FALSE,"2,13,1,3,4,5,6,7,8,9,10,11,12,14,15,16","1,2,4,5,6,7,8,9,10,11,12,13,14,15,16,17","1,2,7,10,12,13,17","1,2,13,17","1,2,13"
41,17,0.978507148054867,0.0575592440032275,-1614.49298183153,-1542.84464415835,FALSE,FALSE,FALSE,"2,13,1,3,4,5,6,7,8,9,10,11,12,14,15,16,17","1,2,4,5,6,7,8,9,10,11,12,13,14,15,16,17,18","1,2,7,10,12,13,17","1,2,13,17","1,2,13"
41,18,0.978510560330358,0.054361697796131,-1612.57236976944,-1536.70942399784,FALSE,FALSE,FALSE,"2,13,1,3,4,5,6,7,8,9,10,11,12,14,15,16,17,18","1,2,4,5,6,7,8,9,10,11,12,13,14,15,16,17,18,19","1,2,7,10,12,13,17","1,2,13,17","1,2,13"
41,19,0.978511855005193,0.0515006239476417,-1610.60249418999,-1530.52494031997,TRUE,FALSE,FALSE,"2,13,1,3,4,5,6,7,8,9,10,11,12,14,15,16,17,18,19","1,2,4,5,6,7,8,9,10,11,12,13,14,15,16,17,18,19,20","1,2,7,10,12,13,17","1,2,13,17","1,2,13"
41,20,0.978512017608516,0.0489256008804258,-1608.60627776319,-1524.31411579475,FALSE,FALSE,FALSE,"2,13,1,3,4,5,6,7,8,9,10,11,12,14,15,16,17,18,19,20","1,2,4,5,6,7,8,9,10,11,12,13,14,15,16,17,18,19,20","1,2,7,10,12,13,17","1,2,13,17","1,2,13"
42,1,0.439264429234848,0.439264429234848,86.9657646854296,91.1803727838518,FALSE,FALSE,FALSE,"9","1","2","4","4,9,19"
42,2,0.766601501888365,0.383300750944183,-349.285313332136,-340.856097135291,FALSE,FALSE,FALSE,"9,4","1,2","2,4","4,9","4,9,19"
42,3,0.980733707266581,0.326911235755527,-1594.48041657415,-1581.83659227888,FALSE,FALSE,TRUE,"9,4,19","1,2,3","2,4,5","4,9,19","4,9,19"
42,4,0.980897895677437,0.245224473919359,-1596.75970436503,-1579.90127197134,FALSE,FALSE,FALSE,"9,4,19,1","1,2,3,4","2,4,5,9","4,9,19","4,9,19"
42,5,0.981054725878446,0.196210945175689,-1598.88169898455,-1577.80865849244,FALSE,FALSE,FALSE,"9,4,19,1,2","1,2,3,4,5","2,4,5,9,15","4,9,19","4,9,19"
42,6,0.981136784410449,0.163522797401742,-1599.05207557132,-1573.76442698079,FALSE,TRUE,FALSE,"9,4,19,1,2,3","1,2,3,4,5,6","2,4,5,9,15,19","4,9,19","4,9,19"
42,7,0.981207576924429,0.140172510989204,-1598.93207548347,-1569.42981879451,FALSE,FALSE,FALSE,"9,4,19,1,2,3,5","1,2,3,4,5,6,7","2,4,5,9,15,19","4,9,19","4,9,19"
42,8,0.981263011426283,0.122657876428285,-1598.40917143924,-1564.69230665187,FALSE,FALSE,FALSE,"9,4,19,1,2,3,5,6","1,2,3,4,5,6,7,8","2,4,5,9,15,19","4,9,19","4,9,19"
42,9,0.981302159133824,0.109033573237092,-1597.4549280888,-1559.523455203,FALSE,FALSE,FALSE,"9,4,19,1,2,3,5,6,7","1,2,3,4,5,6,7,8,9","2,4,5,9,15,19","4,9,19","4,9,19"
42,10,0.981336215867004,0.0981336215867004,-1596.36647148698,-1554.22039050276,FALSE,FALSE,FALSE,"9,4,19,1,2,3,5,6,7,8","1,2,3,4,5,6,7,8,9,10","2,4,5,9,15,19","4,9,19","4,9,19"
42,11,0.981371924868022,0.0892156295334565,-1595.32402663803,-1548.96333755538,FALSE,FALSE,FALSE,"9,4,19,1,2,3,5,6,7,8,10","1,2,3,4,5,6,7,8,9,10,12","2,4,5,9,15,19","4,9,19","4,9,19"
42,12,0.981403867678553,0.0817836556398795,-1594.1821461403,-1543.60684895924,FALSE,FALSE,FALSE,"9,4,19,1,2,3,5,6,7,8,10,11","1,2,3,4,5,6,7,8,9,10,12,13","2,4,5,9,15,19","4,9,19","4,9,19"
42,13,0.981437376672504,0.0754951828209618,-1593.08392561187,-1538.29402033238,FALSE,FALSE,FALSE,"9,4,19,1,2,3,5,6,7,8,10,11,12","1,2,3,4,5,6,7,8,9,10,12,13,14","2,4,5,9,15,19","4,9,19","4,9,19"
42,14,0.981451415752251,0.0701036725537322,-1591.46222320266,-1532.45770982475,FALSE,FALSE,FALSE,"9,4,19,1,2,3,5,6,7,8,10,11,12,13","1,2,3,4,5,6,7,8,9,10,12,13,14,15","2,4,5,9,15,19","4,9,19","4,9,19"
42,15,0.981459708381072,0.0654306472254048,-1589.68581123991,-1526.46668976358,FALSE,FALSE,FALSE,"9,4,19,1,2,3,5,6,7,8,10,11,12,13,14","1,2,3,4,5,6,7,8,9,10,12,13,14,15,16","2,4,5,9,15,19","4,9,19","4,9,19"
42,16,0.981468383691818,0.0613417739807387,-1587.91982430777,-1520.48609473301,FALSE,FALSE,FALSE,"9,4,19,1,2,3,5,6,7,8,10,11,12,13,14,15","1,2,3,4,5,6,7,8,9,10,12,13,14,15,16,17","2,4,5,9,15,19","4,9,19","4,9,19"
42,17,0.981473480402267,0.0577337341413098,-1586.05735714248,-1514.40901946931,FALSE,FALSE,FALSE,"9,4,19,1,2,3,5,6,7,8,10,11,12,13,14,15,16","1,2,3,4,5,6,7,8,9,10,12,13,14,15,16,17,18","2,4,5,9,15,19","4,9,19","4,9,19"
42,18,0.98147498202581,0.0545263878903228,-1584.09788511089,-1508.23493933929,FALSE,FALSE,FALSE,"9,4,19,1,2,3,5,6,7,8,10,11,12,13,14,15,16,17","1,2,3,4,5,6,7,8,9,10,12,13,14,15,16,17,18,19","2,4,5,9,15,19","4,9,19","4,9,19"
42,19,0.981475918048312,0.0516566272657006,-1582.12314948989,-1502.04559561987,TRUE,FALSE,FALSE,"9,4,19,1,2,3,5,6,7,8,10,11,12,13,14,15,16,17,18","1,2,3,4,5,6,7,8,9,10,12,13,14,15,16,17,18,19,20","2,4,5,9,15,19","4,9,19","4,9,19"
42,20,0.981476514816717,0.0490738257408359,-1580.13925765708,-1495.84709568864,FALSE,FALSE,FALSE,"9,4,19,1,2,3,5,6,7,8,10,11,12,13,14,15,16,17,18,20","1,2,3,4,5,6,7,8,9,10,12,13,14,15,16,17,18,19,20","2,4,5,9,15,19","4,9,19","4,9,19"
43,1,0.425191709732601,0.425191709732601,259.362634180091,263.577242278513,FALSE,FALSE,FALSE,"17","1","4","4","4,10,17"
43,2,0.787125478788904,0.393562739394452,-235.304209394256,-226.874993197411,FALSE,FALSE,FALSE,"17,4","1,2","4,6","4,8","4,10,17"
43,3,0.984921819969444,0.328307273323148,-1557.03132047306,-1544.38749617779,FALSE,FALSE,FALSE,"17,4,10","1,2,3","4,6,8","4,8,10","4,10,17"
43,4,0.985122773383758,0.24628069334594,-1561.73983994868,-1544.88140755499,FALSE,FALSE,TRUE,"17,4,10,1","1,2,3,4","4,6,8,9","4,8,10,17","4,10,17"
43,5,0.985192202982966,0.197038440596593,-1562.07872054608,-1541.00568005397,FALSE,FALSE,FALSE,"17,4,10,1,2","1,2,3,4,5","4,6,8,9,10","4,8,10,17","4,10,17"
43,6,0.985286360254949,0.164214393375825,-1563.2681856124,-1537.98053702187,FALSE,TRUE,FALSE,"17,4,10,1,2,3","1,2,3,4,5,6","4,6,8,9,10,17","4,8,10,17","4,10,17"
43,7,0.985337412028412,0.14076248743263,-1563.00604744239,-1533.50379075344,FALSE,FALSE,FALSE,"17,4,10,1,2,3,5","1,2,3,4,5,6,7","4,6,8,9,10,17","4,8,10,17","4,10,17"
43,8,0.98538124377565,0.123172655471956,-1562.50296574244,-1528.78610095506,FALSE,FALSE,FALSE,"17,4,10,1,2,3,5,6","1,2,3,4,5,6,7,8","4,6,8,9,10,17","4,8,10,17","4,10,17"
43,9,0.985399439300686,0.109488826588965,-1561.12568828711,-1523.19421540131,FALSE,FALSE,FALSE,"17,4,10,1,2,3,5,6,7","1,2,3,4,5,6,7,8,9","4,6,8,9,10,17","4,8,10,17","4,10,17"
43,10,0.985415074175881,0.0985415074175881,-1559.66139553591,-1517.51531455169,FALSE,FALSE,FALSE,"17,4,10,1,2,3,5,6,7,8","1,2,3,4,5,6,7,8,9,10","4,6,8,9,10,17","4,8,10,17","4,10,17"
43,11,0.985429731794186,0.0895845210721987,-1558.16414024496,-1511.80345116232,FALSE,FALSE,FALSE,"17,4,10,1,2,3,5,6,7,8,9","1,2,3,4,5,6,7,8,9,10,11","4,6,8,9,10,17","4,8,10,17","4,10,17"
43,12,0.98544523380051,0.0821204361500425,-1556.69639739433,-1506.12110021327,FALSE,FALSE,FALSE,"17,4,10,1,2,3,5,6,7,8,9,11","1,2,3,4,5,6,7,8,9,10,11,12","4,6,8,9,10,17","4,8,10,17","4,10,17"
43,13,0.985455604788208,0.0758042772914006,-1555.05279900985,-1500.26289373036,FALSE,FALSE,FALSE,"17,4,10,1,2,3,5,6,7,8,9,11,12","1,2,3,4,5,6,7,8,9,10,11,12,14","4,6,8,9,10,17","4,8,10,17","4,10,17"
43,14,0.985472128371998,0.0703908663122856,-1553.62116148602,-1494.61664810811,FALSE,FALSE,FALSE,"17,4,10,1,2,3,5,6,7,8,9,11,12,13","1,2,3,4,5,6,7,8,9,10,11,12,14,15","4,6,8,9,10,17","4,8,10,17","4,10,17"
43,15,0.985474155403478,0.0656982770268986,-1551.69092989252,-1488.47180841619,FALSE,FALSE,FALSE,"17,4,10,1,2,3,5,6,7,8,9,11,12,13,14","1,2,3,4,5,6,7,8,9,10,11,12,14,15,16","4,6,8,9,10,17","4,8,10,17","4,10,17"
43,16,0.985475026819443,0.0615921891762152,-1549.72092615532,-1482.28719658056,FALSE,FALSE,FALSE,"17,4,10,1,2,3,5,6,7,8,9,11,12,13,14,15","1,2,3,4,5,6,7,8,9,10,11,12,14,15,16,17","4,6,8,9,10,17","4,8,10,17","4,10,17"
43,17,0.985475716653936,0.0579691598031727,-1547.74467321723,-1476.09633554405,FALSE,FALSE,FALSE,"17,4,10,1,2,3,5,6,7,8,9,11,12,13,14,15,16","1,2,3,4,5,6,7,8,9,10,11,12,14,15,16,17,18","4,6,8,9,10,17","4,8,10,17","4,10,17"
43,18,0.985475804520098,0.0547486558066721,-1545.74769802838,-1469.88475225678,FALSE,FALSE,FALSE,"17,4,10,1,2,3,5,6,7,8,9,11,12,13,14,15,16,18","1,2,3,4,5,6,7,8,9,10,11,12,14,15,16,17,18,19","4,6,8,9,10,17","4,8,10,17","4,10,17"
43,19,0.985475827857537,0.0518671488346072,-1543.7485014277,-1463.67094755768,TRUE,FALSE,FALSE,"17,4,10,1,2,3,5,6,7,8,9,11,12,13,14,15,16,18,19","1,2,3,4,5,6,7,8,9,10,11,12,14,15,16,17,18,19,20","4,6,8,9,10,17","4,8,10,17","4,10,17"
43,20,0.985475846328421,0.049273792316421,-1541.74913729511,-1457.45697532667,FALSE,FALSE,FALSE,"17,4,10,1,2,3,5,6,7,8,9,11,12,13,14,15,16,18,19,20","1,2,3,4,5,6,7,8,9,10,11,12,14,15,16,17,18,19,20","4,6,8,9,10,17","4,8,10,17","4,10,17"
44,1,0.480630604781795,0.480630604781795,311.73623290968,315.950841008102,FALSE,FALSE,FALSE,"15","1","1","1","1,3,15"
44,2,0.948601196932974,0.474300598466487,-842.764011389464,-834.33479519262,FALSE,FALSE,FALSE,"15,1","1,2","1,3","1,3","1,3,15"
44,3,0.989416591042227,0.329805530347409,-1630.92766303688,-1618.28383874162,FALSE,FALSE,FALSE,"15,1,3","1,2,3","1,3,4","1,3,14","1,3,15"
44,4,0.989571021925016,0.247392755481254,-1636.27731175533,-1619.41887936164,FALSE,FALSE,FALSE,"15,1,3,2","1,2,3,4","1,3,4,13","1,3,14,15","1,3,15"
44,5,0.989701421764016,0.197940284352803,-1640.56852898434,-1619.49548849223,FALSE,FALSE,TRUE,"15,1,3,2,4","1,2,3,4,5","1,3,4,13,14","1,3,14,15,16","1,3,15"
44,6,0.989768610268829,0.164961435044805,-1641.84124449944,-1616.55359590891,FALSE,FALSE,FALSE,"15,1,3,2,4,5","1,2,3,4,5,6","1,3,4,13,14,15","1,3,14,15,16","1,3,15"
44,7,0.98982756466254,0.141403937808934,-1642.73063203212,-1613.22837534317,FALSE,TRUE,FALSE,"15,1,3,2,4,5,6","1,2,3,4,5,6,7","1,3,4,13,14,15,16","1,3,14,15,16","1,3,15"
44,8,0.989847041340055,0.123730880167507,-1641.68887586635,-1607.97201107897,FALSE,FALSE,FALSE,"15,1,3,2,4,5,6,7","1,2,3,4,5,6,7,8","1,3,4,13,14,15,16","1,3,14,15,16","1,3,15"
44,9,0.989879312897906,0.10998659032199,-1641.28067565839,-1603.34920277259,FALSE,FALSE,FALSE,"15,1,3,2,4,5,6,7,8","1,2,3,4,5,6,7,8,9","1,3,4,13,14,15,16","1,3,14,15,16","1,3,15"
44,10,0.989898849912733,0.0989898849912733,-1640.24681047213,-1598.10072948791,FALSE,FALSE,FALSE,"15,1,3,2,4,5,6,7,8,9","1,2,3,4,5,6,7,8,9,10","1,3,4,13,14,15,16","1,3,14,15,16","1,3,15"
44,11,0.989909624020642,0.0899917840018765,-1638.78040604561,-1592.41971696297,FALSE,FALSE,FALSE,"15,1,3,2,4,5,6,7,8,9,10","1,2,3,4,5,6,7,8,9,10,12","1,3,4,13,14,15,16","1,3,14,15,16","1,3,15"
44,12,0.989920287022015,0.0824933572518346,-1637.30906025181,-1586.73376307075,FALSE,FALSE,FALSE,"15,1,3,2,4,5,6,7,8,9,10,11","1,2,3,4,5,6,7,8,9,10,12,13","1,3,4,13,14,15,16","1,3,14,15,16","1,3,15"
44,13,0.989930593365102,0.0761485071819309,-1635.82056369134,-1581.03065841185,FALSE,FALSE,FALSE,"15,1,3,2,4,5,6,7,8,9,10,11,12","1,2,3,4,5,6,7,8,9,10,12,13,14","1,3,4,13,14,15,16","1,3,14,15,16","1,3,15"
44,14,0.989936558677845,0.0707097541912747,-1634.11686121123,-1575.11234783332,FALSE,FALSE,FALSE,"15,1,3,2,4,5,6,7,8,9,10,11,12,13","1,2,3,4,5,6,7,8,9,10,12,13,14,15","1,3,4,13,14,15,16","1,3,14,15,16","1,3,15"
44,15,0.989940963345451,0.0659960642230301,-1632.33575411702,-1569.11663264068,FALSE,FALSE,FALSE,"15,1,3,2,4,5,6,7,8,9,10,11,12,13,14","1,2,3,4,5,6,7,8,9,10,12,13,14,15,16","1,3,4,13,14,15,16","1,3,14,15,16","1,3,15"
44,16,0.989942827483442,0.0618714267177151,-1630.42842257063,-1562.99469299588,FALSE,FALSE,FALSE,"15,1,3,2,4,5,6,7,8,9,10,11,12,13,14,16","1,2,3,4,5,6,7,8,9,10,12,13,14,15,16,17","1,3,4,13,14,15,16","1,3,14,15,16","1,3,15"
44,17,0.989943776677469,0.0582319868633805,-1628.47561470246,-1556.82727702929,FALSE,FALSE,FALSE,"15,1,3,2,4,5,6,7,8,9,10,11,12,13,14,16,17","1,2,3,4,5,6,7,8,9,10,12,13,14,15,16,17,18","1,3,4,13,14,15,16","1,3,14,15,16","1,3,15"
44,18,0.989944635260129,0.0549969241811183,-1626.51830564549,-1550.65535987389,FALSE,FALSE,FALSE,"15,1,3,2,4,5,6,7,8,9,10,11,12,13,14,16,17,18","1,2,3,4,5,6,7,8,9,10,12,13,14,15,16,17,18,19","1,3,4,13,14,15,16","1,3,14,15,16","1,3,15"
44,19,0.989945240933734,0.0521023811017755,-1624.54842349114,-1544.47086962112,TRUE,FALSE,FALSE,"15,1,3,2,4,5,6,7,8,9,10,11,12,13,14,16,17,18,19","1,2,3,4,5,6,7,8,9,10,12,13,14,15,16,17,18,19,20","1,3,4,13,14,15,16","1,3,14,15,16","1,3,15"
44,20,0.98994550112917,0.0494972750564585,-1622.56136257805,-1538.2692006096,FALSE,FALSE,FALSE,"15,1,3,2,4,5,6,7,8,9,10,11,12,13,14,16,17,18,19,20","1,2,3,4,5,6,7,8,9,10,12,13,14,15,16,17,18,19,20","1,3,4,13,14,15,16","1,3,14,15,16","1,3,15"
45,1,0.573287819072522,0.573287819072522,-67.2248458380772,-63.010237739655,FALSE,FALSE,FALSE,"4","4","3","4","4,14,17"
45,2,0.807610930923087,0.403805465461543,-463.519852596556,-455.090636399712,TRUE,FALSE,FALSE,"4,17","4,17","3,4","4,14","4,14,17"
45,3,0.979949640756688,0.326649880252229,-1592.15617865849,-1579.51235436322,FALSE,FALSE,TRUE,"4,17,14","4,17","3,4,14","4,14,17","4,14,17"
45,4,0.980090520662817,0.245022630165704,-1593.6817306833,-1576.82329828961,FALSE,FALSE,FALSE,"4,17,14,1","4,17","3,4,14,16","4,14,17","4,14,17"
45,5,0.980177531160726,0.196035506232145,-1593.87167205286,-1572.79863156075,FALSE,TRUE,FALSE,"4,17,14,1,2","4,17","3,4,14,16,17","4,14,17","4,14,17"
45,6,0.980235513289195,0.163372585548199,-1593.33635073618,-1568.04870214565,FALSE,FALSE,FALSE,"4,17,14,1,2,3","4,17","3,4,14,16,17","4,14,17","4,14,17"
45,7,0.980273949449227,0.140039135635604,-1592.30965155289,-1562.80739486393,FALSE,FALSE,FALSE,"4,17,14,1,2,3,5","4,17","3,4,14,16,17","4,14,17","4,14,17"
45,8,0.98032888366256,0.12254111045782,-1591.70402209459,-1557.98715730721,FALSE,FALSE,FALSE,"4,17,14,1,2,3,5,6","4,17","3,4,14,16,17","4,14,17","4,14,17"
45,9,0.980367618618145,0.108929735402016,-1590.68955698011,-1552.75808409431,FALSE,FALSE,FALSE,"4,17,14,1,2,3,5,6,7","4,17","3,4,14,16,17","4,14,17","4,14,17"
45,10,0.980400472654563,0.0980400472654563,-1589.52698868213,-1547.3809076979,FALSE,FALSE,FALSE,"4,17,14,1,2,3,5,6,7,8","4,17","3,4,14,16,17","4,14,17","4,14,17"
45,11,0.98042595224332,0.08912963202212,-1588.17741673941,-1541.81672765676,FALSE,FALSE,FALSE,"4,17,14,1,2,3,5,6,7,8,9","4,17","3,4,14,16,17","4,14,17","4,14,17"
45,12,0.980439113149135,0.0817032594290946,-1586.51371233929,-1535.93841515823,FALSE,FALSE,FALSE,"4,17,14,1,2,3,5,6,7,8,9,10","4,17","3,4,14,16,17","4,14,17","4,14,17"
45,13,0.980448121595159,0.0754190862765507,-1584.74403218819,-1529.9541269087,FALSE,FALSE,FALSE,"4,17,14,1,2,3,5,6,7,8,9,10,11","4,17","3,4,14,16,17","4,14,17","4,14,17"
45,14,0.98045466662027,0.0700324761871621,-1582.91143607386,-1523.90692269595,FALSE,FALSE,FALSE,"4,17,14,1,2,3,5,6,7,8,9,10,11,12","4,17","3,4,14,16,17","4,14,17","4,14,17"
45,15,0.980460367075062,0.0653640244716708,-1581.05728383508,-1517.83816235875,FALSE,FALSE,FALSE,"4,17,14,1,2,3,5,6,7,8,9,10,11,12,13","4,17","3,4,14,16,17","4,14,17","4,14,17"
45,16,0.980464252414908,0.0612790157759317,-1579.15671574867,-1511.72298617392,FALSE,FALSE,FALSE,"4,17,14,1,2,3,5,6,7,8,9,10,11,12,13,15","4,17","3,4,14,16,17","4,14,17","4,14,17"
45,17,0.980467124655923,0.0576745367444661,-1577.2302335951,-1505.58189592193,FALSE,FALSE,FALSE,"4,17,14,1,2,3,5,6,7,8,9,10,11,12,13,15,16","4,17","3,4,14,16,17","4,14,17","4,14,17"
45,18,0.980469193564117,0.054470510753562,-1575.28319604261,-1499.42025027101,FALSE,FALSE,FALSE,"4,17,14,1,2,3,5,6,7,8,9,10,11,12,13,15,16,18","4,17","3,4,14,16,17","4,14,17","4,14,17"
45,19,0.980470992467846,0.0516037364456761,-1573.32925114497,-1493.25169727495,FALSE,FALSE,FALSE,"4,17,14,1,2,3,5,6,7,8,9,10,11,12,13,15,16,18,19","4,17","3,4,14,16,17","4,14,17","4,14,17"
45,20,0.98047151887785,0.0490235759438925,-1571.34272897013,-1487.05056700168,FALSE,FALSE,FALSE,"4,17,14,1,2,3,5,6,7,8,9,10,11,12,13,15,16,18,19,20","4,17","3,4,14,16,17","4,14,17","4,14,17"
46,1,0.475602018041961,0.475602018041961,38.3159447010315,42.5305527994537,FALSE,FALSE,FALSE,"7","1","2","2","2,7,12"
46,2,0.810640855103109,0.405320427551555,-468.986782375345,-460.557566178501,FALSE,FALSE,FALSE,"7,12","1,2","2,7","2,7","2,7,12"
46,3,0.979173662619007,0.326391220873002,-1570.70030411301,-1558.05647981774,FALSE,TRUE,TRUE,"7,12,2","1,2,3","2,7,12","2,7,12","2,7,12"
46,4,0.979212239988017,0.244803059997004,-1569.62733082939,-1552.7688984357,FALSE,FALSE,FALSE,"7,12,2,1","1,2,3,4","2,7,12","2,7,12","2,7,12"
46,5,0.979307510565737,0.195861502113147,-1569.92410451119,-1548.85106401908,FALSE,FALSE,FALSE,"7,12,2,1,3","1,2,3,4,6","2,7,12","2,7,12","2,7,12"
46,6,0.979350997917056,0.163225166319509,-1568.97601061722,-1543.68836202668,FALSE,FALSE,FALSE,"7,12,2,1,3,4","1,2,3,4,6,7","2,7,12","2,7,12","2,7,12"
46,7,0.979414567502352,0.13991636678605,-1568.51767443061,-1539.01541774165,FALSE,FALSE,FALSE,"7,12,2,1,3,4,5","1,2,3,4,6,7,8","2,7,12","2,7,12","2,7,12"
46,8,0.979445323092271,0.122430665386534,-1567.26525619673,-1533.54839140935,FALSE,FALSE,FALSE,"7,12,2,1,3,4,5,6","1,2,3,4,6,7,8,9","2,7,12","2,7,12","2,7,12"
46,9,0.979472404304348,0.108830267144928,-1565.92445088786,-1527.99297800206,FALSE,FALSE,FALSE,"7,12,2,1,3,4,5,6,8","1,2,3,4,6,7,8,9,10","2,7,12","2,7,12","2,7,12"
46,10,0.979495046627967,0.0979495046627967,-1564.47626466574,-1522.33018368151,FALSE,FALSE,FALSE,"7,12,2,1,3,4,5,6,8,9","1,2,3,4,6,7,8,9,10,11","2,7,12","2,7,12","2,7,12"
46,11,0.979523346443352,0.0890475769493956,-1563.16681396344,-1516.8061248808,FALSE,FALSE,FALSE,"7,12,2,1,3,4,5,6,8,9,10","1,2,3,4,6,7,8,9,10,11,12","2,7,12","2,7,12","2,7,12"
46,12,0.979533071408265,0.0816277559506888,-1561.40433507387,-1510.8290378928,FALSE,FALSE,FALSE,"7,12,2,1,3,4,5,6,8,9,10,11","1,2,3,4,6,7,8,9,10,11,12,13","2,7,12","2,7,12","2,7,12"
46,13,0.979542049641626,0.0753493884339713,-1559.62371833743,-1504.83381305794,FALSE,FALSE,FALSE,"7,12,2,1,3,4,5,6,8,9,10,11,13","1,2,3,4,6,7,8,9,10,11,12,13,14","2,7,12","2,7,12","2,7,12"
46,14,0.979552839756016,0.0699680599825726,-1557.88750236053,-1498.88298898262,FALSE,FALSE,FALSE,"7,12,2,1,3,4,5,6,8,9,10,11,13,14","1,2,3,4,6,7,8,9,10,11,12,13,14,15","2,7,12","2,7,12","2,7,12"
46,15,0.979557147901437,0.0653038098600958,-1555.99286171822,-1492.77374024189,FALSE,FALSE,FALSE,"7,12,2,1,3,4,5,6,8,9,10,11,13,14,15","1,2,3,4,6,7,8,9,10,11,12,13,14,15,16","2,7,12","2,7,12","2,7,12"
46,16,0.979559803196585,0.0612224876997865,-1554.05781027815,-1486.62408070339,FALSE,FALSE,FALSE,"7,12,2,1,3,4,5,6,8,9,10,11,13,14,15,16","1,2,3,4,6,7,8,9,10,11,12,13,14,15,16,17","2,7,12","2,7,12","2,7,12"
46,17,0.979560964165194,0.0576212331861879,-1552.08621023909,-1480.43787256591,FALSE,FALSE,FALSE,"7,12,2,1,3,4,5,6,8,9,10,11,13,14,15,16,17","1,2,3,4,6,7,8,9,10,11,12,13,14,15,16,17,18","2,7,12","2,7,12","2,7,12"
46,18,0.979562020533571,0.054420112251865,-1550.1120528396,-1474.249107068,FALSE,FALSE,FALSE,"7,12,2,1,3,4,5,6,8,9,10,11,13,14,15,16,17,18","1,2,3,4,6,7,8,9,10,11,12,13,14,15,16,17,18,19","2,7,12","2,7,12","2,7,12"
46,19,0.97956230829658,0.0515559109629779,-1548.11909279763,-1468.04153892761,TRUE,FALSE,FALSE,"7,12,2,1,3,4,5,6,8,9,10,11,13,14,15,16,17,18,19","1,2,3,4,6,7,8,9,10,11,12,13,14,15,16,17,18,19,20","2,7,12","2,7,12","2,7,12"
46,20,0.979562486490556,0.0489781243245278,-1546.1234522614,-1461.83129029295,FALSE,FALSE,FALSE,"7,12,2,1,3,4,5,6,8,9,10,11,13,14,15,16,17,18,19,20","1,2,3,4,6,7,8,9,10,11,12,13,14,15,16,17,18,19,20","2,7,12","2,7,12","2,7,12"
47,1,0.673117933938465,0.673117933938465,28.0020264077775,32.2166345061997,FALSE,FALSE,FALSE,"18","13","7","13","13,14,18"
47,2,0.737331751836595,0.368665875918297,-79.3517883429663,-70.9225721461219,TRUE,FALSE,FALSE,"18,13","13,18","7,13","13,14","13,14,18"
47,3,0.987631590196699,0.329210530065566,-1605.22488666365,-1592.58106236839,FALSE,FALSE,TRUE,"18,13,14","13,18","7,13,14","13,14,18","13,14,18"
47,4,0.987735618006263,0.246933904501566,-1607.4480550674,-1590.58962267371,FALSE,FALSE,FALSE,"18,13,14,1","13,18","7,13,14,17","13,14,18","13,14,18"
47,5,0.987792358139908,0.197558471627982,-1607.76663058279,-1586.69359009068,FALSE,TRUE,FALSE,"18,13,14,1,2","13,18","7,13,14,17,18","13,14,18","13,14,18"
47,6,0.987834190248997,0.164639031708166,-1607.48293038435,-1582.19528179382,FALSE,FALSE,FALSE,"18,13,14,1,2,3","13,18","7,13,14,17,18","13,14,18","13,14,18"
47,7,0.987871352042622,0.141124478863232,-1607.01257237327,-1577.51031568431,FALSE,FALSE,FALSE,"18,13,14,1,2,3,4","13,18","7,13,14,17,18","13,14,18","13,14,18"
47,8,0.98790664871633,0.123488331089541,-1606.46978894493,-1572.75292415755,FALSE,FALSE,FALSE,"18,13,14,1,2,3,4,5","13,18","7,13,14,17,18","13,14,18","13,14,18"
47,9,0.98792256700303,0.109769174111448,-1605.12836455488,-1567.19689166908,FALSE,FALSE,FALSE,"18,13,14,1,2,3,4,5,6","13,18","7,13,14,17,18","13,14,18","13,14,18"
47,10,0.987939923243233,0.0987939923243233,-1603.84742146556,-1561.70134048134,FALSE,FALSE,FALSE,"18,13,14,1,2,3,4,5,6,7","13,18","7,13,14,17,18","13,14,18","13,14,18"
47,11,0.987954118769798,0.0898140107972544,-1602.43630194952,-1556.07561286688,FALSE,FALSE,FALSE,"18,13,14,1,2,3,4,5,6,7,8","13,18","7,13,14,17,18","13,14,18","13,14,18"
47,12,0.987964999555514,0.0823304166296262,-1600.88814530823,-1550.31284812716,FALSE,FALSE,FALSE,"18,13,14,1,2,3,4,5,6,7,8,9","13,18","7,13,14,17,18","13,14,18","13,14,18"
47,13,0.987970787774183,0.0759977529057064,-1599.12867754003,-1544.33877226054,FALSE,FALSE,FALSE,"18,13,14,1,2,3,4,5,6,7,8,9,10","13,18","7,13,14,17,18","13,14,18","13,14,18"
47,14,0.987974105907978,0.070569578993427,-1597.26661639478,-1538.26210301687,FALSE,FALSE,FALSE,"18,13,14,1,2,3,4,5,6,7,8,9,10,11","13,18","7,13,14,17,18","13,14,18","13,14,18"
47,15,0.987979967543191,0.065865331169546,-1595.51038472355,-1532.29126324722,FALSE,FALSE,FALSE,"18,13,14,1,2,3,4,5,6,7,8,9,10,11,12","13,18","7,13,14,17,18","13,14,18","13,14,18"
47,16,0.987981367916242,0.0617488354947651,-1593.56863975061,-1526.13491017586,FALSE,FALSE,FALSE,"18,13,14,1,2,3,4,5,6,7,8,9,10,11,12,15","13,18","7,13,14,17,18","13,14,18","13,14,18"
47,17,0.98798260782657,0.0581166239897982,-1591.62022525059,-1519.97188757741,FALSE,FALSE,FALSE,"18,13,14,1,2,3,4,5,6,7,8,9,10,11,12,15,16","13,18","7,13,14,17,18","13,14,18","13,14,18"
47,18,0.987983765124454,0.0548879869513585,-1589.66837852691,-1513.80543275531,FALSE,FALSE,FALSE,"18,13,14,1,2,3,4,5,6,7,8,9,10,11,12,15,16,17","13,18","7,13,14,17,18","13,14,18","13,14,18"
47,19,0.987984124286037,0.0519991644361072,-1587.68332359728,-1507.60576972726,FALSE,FALSE,FALSE,"18,13,14,1,2,3,4,5,6,7,8,9,10,11,12,15,16,17,19","13,18","7,13,14,17,18","13,14,18","13,14,18"
47,20,0.987984148422189,0.0493992074211095,-1585.68432794257,-1501.39216597412,FALSE,FALSE,FALSE,"18,13,14,1,2,3,4,5,6,7,8,9,10,11,12,15,16,17,19,20","13,18","7,13,14,17,18","13,14,18","13,14,18"
48,1,0.620364784540183,0.620364784540183,-39.7303120416707,-35.5157039432485,FALSE,FALSE,FALSE,"1","1","1","1","1,2,10"
48,2,0.923022142048847,0.461511071024424,-835.576817503382,-827.147601306537,FALSE,FALSE,FALSE,"1,10","1,2","1,2","1,2","1,2,10"
48,3,0.983410792729442,0.327803597576481,-1600.95956847088,-1588.31574417561,FALSE,FALSE,FALSE,"1,10,2","1,2,3","1,2,3","1,2,5","1,2,10"
48,4,0.983731370917922,0.245932842729481,-1608.71639961264,-1591.85796721895,FALSE,FALSE,TRUE,"1,10,2,3","1,2,3,4","1,2,3,5","1,2,5,10","1,2,10"
48,5,0.983884323956799,0.19677686479136,-1611.439495434,-1590.36645494188,FALSE,FALSE,FALSE,"1,10,2,3,4","1,2,3,4,5","1,2,3,5,9","1,2,5,10","1,2,10"
48,6,0.984053241100559,0.16400887351676,-1614.70792582305,-1589.42027723252,FALSE,FALSE,FALSE,"1,10,2,3,4,5","1,2,3,4,5,7","1,2,3,5,9,10","1,2,5,10","1,2,10"
48,7,0.984178731003043,0.140596961571863,-1616.65814129177,-1587.15588460281,FALSE,FALSE,FALSE,"1,10,2,3,4,5,6","1,2,3,4,5,7,8","1,2,3,5,9,10,13","1,2,5,10","1,2,10"
48,8,0.984268205258438,0.123033525657305,-1617.49382456995,-1583.77695978257,FALSE,TRUE,FALSE,"1,10,2,3,4,5,6,7","1,2,3,4,5,7,8,9","1,2,3,5,9,10,13,20","1,2,5,10","1,2,10"
48,9,0.98432876107545,0.109369862341717,-1617.42216986023,-1579.49069697443,FALSE,FALSE,FALSE,"1,10,2,3,4,5,6,7,8","1,2,3,4,5,7,8,9,10","1,2,3,5,9,10,13,20","1,2,5,10","1,2,10"
48,10,0.984375400910834,0.0984375400910834,-1616.91245971578,-1574.76637873156,FALSE,FALSE,FALSE,"1,10,2,3,4,5,6,7,8,9","1,2,3,4,5,7,8,9,10,11","1,2,3,5,9,10,13,20","1,2,5,10","1,2,10"
48,11,0.984396710053447,0.0894906100048588,-1615.59483520059,-1569.23414611795,FALSE,FALSE,FALSE,"1,10,2,3,4,5,6,7,8,9,11","1,2,3,4,5,7,8,9,10,11,12","1,2,3,5,9,10,13,20","1,2,5,10","1,2,10"
48,12,0.984434777252556,0.082036231437713,-1614.81617092522,-1564.24087374415,FALSE,FALSE,FALSE,"1,10,2,3,4,5,6,7,8,9,11,12","1,2,3,4,5,7,8,9,10,11,12,13","1,2,3,5,9,10,13,20","1,2,5,10","1,2,10"
48,13,0.984452655685701,0.0757271273604385,-1613.39080801888,-1558.6009027394,FALSE,FALSE,FALSE,"1,10,2,3,4,5,6,7,8,9,11,12,13","1,2,3,4,5,7,8,9,10,11,12,13,14","1,2,3,5,9,10,13,20","1,2,5,10","1,2,10"
48,14,0.98446041391102,0.0703186009936443,-1611.64037352375,-1552.63586014584,FALSE,FALSE,FALSE,"1,10,2,3,4,5,6,7,8,9,11,12,13,14","1,2,3,4,5,7,8,9,10,11,12,13,14,15","1,2,3,5,9,10,13,20","1,2,5,10","1,2,10"
48,15,0.984461687124414,0.0656307791416276,-1609.68134197516,-1546.46222049883,FALSE,FALSE,FALSE,"1,10,2,3,4,5,6,7,8,9,11,12,13,14,15","1,2,3,4,5,7,8,9,10,11,12,13,14,15,16","1,2,3,5,9,10,13,20","1,2,5,10","1,2,10"
48,16,0.984462202912634,0.0615288876820396,-1607.69793955514,-1540.26420998039,FALSE,FALSE,FALSE,"1,10,2,3,4,5,6,7,8,9,11,12,13,14,15,16","1,2,3,4,5,7,8,9,10,11,12,13,14,15,16,17","1,2,3,5,9,10,13,20","1,2,5,10","1,2,10"
48,17,0.984462993638467,0.0579095878610863,-1605.7233854388,-1534.07504776562,FALSE,FALSE,FALSE,"1,10,2,3,4,5,6,7,8,9,11,12,13,14,15,16,17","1,2,3,4,5,7,8,9,10,11,12,13,14,15,16,17,18","1,2,3,5,9,10,13,20","1,2,5,10","1,2,10"
48,18,0.984463185031933,0.0546923991684407,-1603.72954475418,-1527.86659898258,FALSE,FALSE,FALSE,"1,10,2,3,4,5,6,7,8,9,11,12,13,14,15,16,17,18","1,2,3,4,5,7,8,9,10,11,12,13,14,15,16,17,18,19","1,2,3,5,9,10,13,20","1,2,5,10","1,2,10"
48,19,0.984463330513817,0.0518138595007272,-1601.73422661997,-1521.65667274994,TRUE,FALSE,FALSE,"1,10,2,3,4,5,6,7,8,9,11,12,13,14,15,16,17,18,19","1,2,3,4,5,7,8,9,10,11,12,13,14,15,16,17,18,19,20","1,2,3,5,9,10,13,20","1,2,5,10","1,2,10"
48,20,0.984463330838941,0.049223166541947,-1599.73423708309,-1515.44207511465,FALSE,FALSE,FALSE,"1,10,2,3,4,5,6,7,8,9,11,12,13,14,15,16,17,18,19,20","1,2,3,4,5,7,8,9,10,11,12,13,14,15,16,17,18,19,20","1,2,3,5,9,10,13,20","1,2,5,10","1,2,10"
49,1,0.536513718563064,0.536513718563064,315.254539937509,319.469148035932,FALSE,FALSE,FALSE,"16","1","1","1","1,6,16"
49,2,0.823771827040659,0.41188591352033,-166.244057136048,-157.814840939203,FALSE,FALSE,FALSE,"16,1","1,2","1,6","1,6","1,6,16"
49,3,0.990088580780279,0.33002952692676,-1603.29007898597,-1590.64625469071,FALSE,FALSE,TRUE,"16,1,6","1,2,3","1,6,9","1,6,16","1,6,16"
49,4,0.990169507275447,0.247542376818862,-1605.38932472708,-1588.53089233339,FALSE,TRUE,FALSE,"16,1,6,2","1,2,3,4","1,6,9,16","1,6,16","1,6,16"
49,5,0.990201649342967,0.198040329868593,-1605.02681786018,-1583.95377736807,FALSE,FALSE,FALSE,"16,1,6,2,3","1,2,3,4,5","1,6,9,16","1,6,16","1,6,16"
49,6,0.990218766862226,0.165036461143704,-1603.90107156238,-1578.61342297185,FALSE,FALSE,FALSE,"16,1,6,2,3,4","1,2,3,4,5,6","1,6,9,16","1,6,16","1,6,16"
49,7,0.990241345658003,0.141463049379715,-1603.05659540305,-1573.55433871409,FALSE,FALSE,FALSE,"16,1,6,2,3,4,5","1,2,3,4,5,6,7","1,6,9,16","1,6,16","1,6,16"
49,8,0.990256252481445,0.123782031560181,-1601.82095388831,-1568.10408910093,FALSE,FALSE,FALSE,"16,1,6,2,3,4,5,7","1,2,3,4,5,6,7,8","1,6,9,16","1,6,16","1,6,16"
49,9,0.990270860444308,0.110030095604923,-1600.57112336996,-1562.63965048416,FALSE,FALSE,FALSE,"16,1,6,2,3,4,5,7,8","1,2,3,4,5,6,7,8,9","1,6,9,16","1,6,16","1,6,16"
49,10,0.990285726241922,0.0990285726241922,-1599.33569079804,-1557.18960981382,FALSE,FALSE,FALSE,"16,1,6,2,3,4,5,7,8,9","1,2,3,4,5,6,7,8,9,10","1,6,9,16","1,6,16","1,6,16"
49,11,0.99029081955976,0.0900264381417964,-1597.59791593592,-1551.23722685327,FALSE,FALSE,FALSE,"16,1,6,2,3,4,5,7,8,9,10","1,2,3,4,5,6,7,8,9,10,11","1,6,9,16","1,6,16","1,6,16"
49,12,0.990293495385159,0.0825244579487632,-1595.73573365433,-1545.16043647326,FALSE,FALSE,FALSE,"16,1,6,2,3,4,5,7,8,9,10,11","1,2,3,4,5,6,7,8,9,10,11,12","1,6,9,16","1,6,16","1,6,16"
49,13,0.990294786936831,0.076176522072064,-1593.80226829571,-1539.01236301622,FALSE,FALSE,FALSE,"16,1,6,2,3,4,5,7,8,9,10,11,12","1,2,3,4,5,6,7,8,9,10,11,12,13","1,6,9,16","1,6,16","1,6,16"
49,14,0.990296619687126,0.0707354728347947,-1591.89669813228,-1532.89218475437,FALSE,FALSE,FALSE,"16,1,6,2,3,4,5,7,8,9,10,11,12,13","1,2,3,4,5,6,7,8,9,10,11,12,13,14","1,6,9,16","1,6,16","1,6,16"
49,15,0.990297599070911,0.0660198399380608,-1589.9471667928,-1526.72804531647,FALSE,FALSE,FALSE,"16,1,6,2,3,4,5,7,8,9,10,11,12,13,14","1,2,3,4,5,6,7,8,9,10,11,12,13,14,15","1,6,9,16","1,6,16","1,6,16"
49,16,0.990297958532389,0.0618936224082743,-1587.96569149298,-1520.53196191822,FALSE,FALSE,FALSE,"16,1,6,2,3,4,5,7,8,9,10,11,12,13,14,15","1,2,3,4,5,6,7,8,9,10,11,12,13,14,15,16","1,6,9,16","1,6,16","1,6,16"
49,17,0.990298265251722,0.0582528391324542,-1585.98149869102,-1514.33316101784,FALSE,FALSE,FALSE,"16,1,6,2,3,4,5,7,8,9,10,11,12,13,14,15,17","1,2,3,4,5,6,7,8,9,10,11,12,13,14,15,16,17","1,6,9,16","1,6,16","1,6,16"
49,18,0.990298309873437,0.0550165727707465,-1583.98379837343,-1508.12085260183,FALSE,FALSE,FALSE,"16,1,6,2,3,4,5,7,8,9,10,11,12,13,14,15,17,18","1,2,3,4,5,6,7,8,9,10,11,12,13,14,15,16,17,18","1,6,9,16","1,6,16","1,6,16"
49,19,0.990298351503306,0.052120965868595,-1581.98594387372,-1501.9083900037,TRUE,FALSE,FALSE,"16,1,6,2,3,4,5,7,8,9,10,11,12,13,14,15,17,18,19","1,2,3,4,5,6,7,8,9,10,11,12,13,14,15,16,17,18,20","1,6,9,16","1,6,16","1,6,16"
49,20,0.990298387849772,0.0495149193924886,-1579.98781708807,-1495.69565511962,FALSE,FALSE,FALSE,"16,1,6,2,3,4,5,7,8,9,10,11,12,13,14,15,17,18,19,20","1,2,3,4,5,6,7,8,9,10,11,12,13,14,15,16,17,18,20","1,6,9,16","1,6,16","1,6,16"
50,1,0.270763137088348,0.270763137088348,17.2068891255979,21.4214972240201,FALSE,FALSE,FALSE,"6","1","6","6","6,10,11"
50,2,0.636326652509148,0.318163326254574,-328.664374041516,-320.235157844672,FALSE,FALSE,FALSE,"6,10","1,2","6,10","6,10","6,10,11"
50,3,0.972140052139701,0.324046684046567,-1611.1973594773,-1598.55353518203,FALSE,FALSE,TRUE,"6,10,11","1,2,3","6,10,11","6,10,11","6,10,11"
50,4,0.972252062066292,0.243063015516573,-1611.21164353933,-1594.35321114564,FALSE,FALSE,FALSE,"6,10,11,1","1,2,3,4","6,10,11,12","6,10,11","6,10,11"
50,5,0.972520277192862,0.194504055438572,-1614.06821779404,-1592.99517730193,FALSE,TRUE,FALSE,"6,10,11,1,2","1,2,3,4,5","6,10,11,12,14","6,10,11","6,10,11"
50,6,0.972602387110531,0.162100397851755,-1613.56446351919,-1588.27681492866,FALSE,FALSE,FALSE,"6,10,11,1,2,3","1,2,3,4,5,6","6,10,11,12,14","6,10,11","6,10,11"
50,7,0.972716243864896,0.138959463409271,-1613.6466520404,-1584.14439535144,FALSE,FALSE,FALSE,"6,10,11,1,2,3,4","1,2,3,4,5,6,7","6,10,11,12,14","6,10,11","6,10,11"
50,8,0.972807394662799,0.12160092433285,-1613.31987103858,-1579.6030062512,FALSE,FALSE,FALSE,"6,10,11,1,2,3,4,5","1,2,3,4,5,6,7,8","6,10,11,12,14","6,10,11","6,10,11"
50,9,0.972856496705674,0.10809516630063,-1612.2235437063,-1574.2920708205,FALSE,FALSE,FALSE,"6,10,11,1,2,3,4,5,7","1,2,3,4,5,6,7,8,10","6,10,11,12,14","6,10,11","6,10,11"
50,10,0.972929112433313,0.0972929112433314,-1611.56296244571,-1569.41688146149,FALSE,FALSE,FALSE,"6,10,11,1,2,3,4,5,7,8","1,2,3,4,5,6,7,8,10,11","6,10,11,12,14","6,10,11","6,10,11"
50,11,0.972972932849555,0.088452084804505,-1610.3729824558,-1564.01229337316,FALSE,FALSE,FALSE,"6,10,11,1,2,3,4,5,7,8,9","1,2,3,4,5,6,7,8,10,11,12","6,10,11,12,14","6,10,11","6,10,11"
50,12,0.97302305384291,0.0810852544869092,-1609.30108028921,-1558.72578310814,FALSE,FALSE,FALSE,"6,10,11,1,2,3,4,5,7,8,9,12","1,2,3,4,5,6,7,8,10,11,12,13","6,10,11,12,14","6,10,11","6,10,11"
50,13,0.973039856917834,0.0748492197629103,-1607.61261129142,-1552.82270601193,FALSE,FALSE,FALSE,"6,10,11,1,2,3,4,5,7,8,9,12,13","1,2,3,4,5,6,7,8,10,11,12,13,14","6,10,11,12,14","6,10,11","6,10,11"
50,14,0.973051069494153,0.0695036478210109,-1605.82060181572,-1546.81608843781,FALSE,FALSE,FALSE,"6,10,11,1,2,3,4,5,7,8,9,12,13,14","1,2,3,4,5,6,7,8,10,11,12,13,14,15","6,10,11,12,14","6,10,11","6,10,11"
50,15,0.973058528751453,0.0648705685834302,-1603.9590171384,-1540.73989566206,FALSE,FALSE,FALSE,"6,10,11,1,2,3,4,5,7,8,9,12,13,14,15","1,2,3,4,5,6,7,8,10,11,12,13,14,15,16","6,10,11,12,14","6,10,11","6,10,11"
50,16,0.97306365040918,0.0608164781505737,-1602.05407773407,-1534.62034815931,FALSE,FALSE,FALSE,"6,10,11,1,2,3,4,5,7,8,9,12,13,14,15,16","1,2,3,4,5,6,7,8,10,11,12,13,14,15,16,17","6,10,11,12,14","6,10,11","6,10,11"
50,17,0.97306719958684,0.05723924703452,-1600.11996289589,-1528.47162522272,FALSE,FALSE,FALSE,"6,10,11,1,2,3,4,5,7,8,9,12,13,14,15,16,17","1,2,3,4,5,6,7,8,10,11,12,13,14,15,16,17,18","6,10,11,12,14","6,10,11","6,10,11"
50,18,0.973069790769675,0.0540594328205375,-1598.16806980366,-1522.30512403206,FALSE,FALSE,FALSE,"6,10,11,1,2,3,4,5,7,8,9,12,13,14,15,16,17,18","1,2,3,4,5,6,7,8,10,11,12,13,14,15,16,17,18,19","6,10,11,12,14","6,10,11","6,10,11"
50,19,0.973071715428239,0.0512143008120126,-1596.2038052732,-1516.12625140318,TRUE,FALSE,FALSE,"6,10,11,1,2,3,4,5,7,8,9,12,13,14,15,16,17,18,19","1,2,3,4,5,6,7,8,10,11,12,13,14,15,16,17,18,19,20","6,10,11,12,14","6,10,11","6,10,11"
50,20,0.973071756955445,0.0486535878477723,-1594.20457634419,-1509.91241437575,FALSE,FALSE,FALSE,"6,10,11,1,2,3,4,5,7,8,9,12,13,14,15,16,17,18,19,20","1,2,3,4,5,6,7,8,10,11,12,13,14,15,16,17,18,19,20","6,10,11,12,14","6,10,11","6,10,11"
51,1,0.474672389631418,0.474672389631418,77.9971262241891,82.2117343226113,FALSE,FALSE,FALSE,"9","1","2","2","2,9,18"
51,2,0.853588196752363,0.426794098376182,-558.802306860012,-550.373090663168,FALSE,FALSE,FALSE,"9,18","1,2","2,6","2,9","2,9,18"
51,3,0.982247077393787,0.327415692464596,-1611.73883951749,-1599.09501522222,FALSE,FALSE,TRUE,"9,18,2","1,2,3","2,6,9","2,9,18","2,9,18"
51,4,0.982357590809956,0.245589397702489,-1612.86110931059,-1596.0026769169,FALSE,FALSE,FALSE,"9,18,2,1","1,2,3,4","2,6,9,16","2,9,18","2,9,18"
51,5,0.982426884620271,0.196485376924054,-1612.82881817177,-1591.75577767966,FALSE,FALSE,FALSE,"9,18,2,1,3","1,2,3,4,5","2,6,9,16,18","2,9,18","2,9,18"
51,6,0.982513251515794,0.163752208585966,-1613.29223533056,-1588.00458674002,FALSE,TRUE,FALSE,"9,18,2,1,3,4","1,2,3,4,5,6","2,6,9,16,18,19","2,9,18","2,9,18"
51,7,0.982557879865962,0.140365411409423,-1612.56992843137,-1583.06767174241,FALSE,FALSE,FALSE,"9,18,2,1,3,4,5","1,2,3,4,5,6,7","2,6,9,16,18,19","2,9,18","2,9,18"
51,8,0.982603079780518,0.122825384972565,-1611.86732179978,-1578.1504570124,FALSE,FALSE,FALSE,"9,18,2,1,3,4,5,6","1,2,3,4,5,6,7,8","2,6,9,16,18,19","2,9,18","2,9,18"
51,9,0.982635456745427,0.109181717416159,-1610.79872603413,-1572.86725314833,FALSE,FALSE,FALSE,"9,18,2,1,3,4,5,6,7","1,2,3,4,5,6,7,8,9","2,6,9,16,18,19","2,9,18","2,9,18"
51,10,0.982653474824219,0.0982653474824219,-1609.317813496,-1567.17173251177,FALSE,FALSE,FALSE,"9,18,2,1,3,4,5,6,7,8","1,2,3,4,5,6,7,8,9,10","2,6,9,16,18,19","2,9,18","2,9,18"
51,11,0.982666450184258,0.0893333136531144,-1607.69195803425,-1561.33126895161,FALSE,FALSE,FALSE,"9,18,2,1,3,4,5,6,7,8,10","1,2,3,4,5,6,7,8,9,10,11","2,6,9,16,18,19","2,9,18","2,9,18"
51,12,0.982680002257474,0.0818900001881228,-1606.08303123921,-1555.50773405814,FALSE,FALSE,FALSE,"9,18,2,1,3,4,5,6,7,8,10,11","1,2,3,4,5,6,7,8,9,10,11,12","2,6,9,16,18,19","2,9,18","2,9,18"
51,13,0.982694167853187,0.0755918590656298,-1604.49213613429,-1549.7022308548,FALSE,FALSE,FALSE,"9,18,2,1,3,4,5,6,7,8,10,11,12","1,2,3,4,5,6,7,8,9,10,11,12,13","2,6,9,16,18,19","2,9,18","2,9,18"
51,14,0.982703750547854,0.0701931250391324,-1602.76907597342,-1543.76456259551,FALSE,FALSE,FALSE,"9,18,2,1,3,4,5,6,7,8,10,11,12,13","1,2,3,4,5,6,7,8,9,10,11,12,13,15","2,6,9,16,18,19","2,9,18","2,9,18"
51,15,0.98270909218251,0.065513939478834,-1600.92351580369,-1537.70439432735,FALSE,FALSE,FALSE,"9,18,2,1,3,4,5,6,7,8,10,11,12,13,14","1,2,3,4,5,6,7,8,9,10,11,12,13,15,16","2,6,9,16,18,19","2,9,18","2,9,18"
51,16,0.982713468515744,0.061419591782234,-1599.05008195046,-1531.6163523757,FALSE,FALSE,FALSE,"9,18,2,1,3,4,5,6,7,8,10,11,12,13,14,15","1,2,3,4,5,6,7,8,9,10,11,12,13,15,16,17","2,6,9,16,18,19","2,9,18","2,9,18"
51,17,0.982715181240789,0.0578067753671053,-1597.09962369629,-1525.45128602311,FALSE,FALSE,FALSE,"9,18,2,1,3,4,5,6,7,8,10,11,12,13,14,15,16","1,2,3,4,5,6,7,8,9,10,11,12,13,15,16,17,18","2,6,9,16,18,19","2,9,18","2,9,18"
51,18,0.982715454413963,0.054595303022998,-1595.1075258715,-1519.2445800999,FALSE,FALSE,FALSE,"9,18,2,1,3,4,5,6,7,8,10,11,12,13,14,15,16,17","1,2,3,4,5,6,7,8,9,10,11,12,13,15,16,17,18,19","2,6,9,16,18,19","2,9,18","2,9,18"
51,19,0.982715520473553,0.0517218694986081,-1593.10943681894,-1513.03188294892,TRUE,FALSE,FALSE,"9,18,2,1,3,4,5,6,7,8,10,11,12,13,14,15,16,17,19","1,2,3,4,5,6,7,8,9,10,11,12,13,15,16,17,18,19,20","2,6,9,16,18,19","2,9,18","2,9,18"
51,20,0.982715522238003,0.0491357761119002,-1591.10948786039,-1506.81732589195,FALSE,FALSE,FALSE,"9,18,2,1,3,4,5,6,7,8,10,11,12,13,14,15,16,17,19,20","1,2,3,4,5,6,7,8,9,10,11,12,13,15,16,17,18,19,20","2,6,9,16,18,19","2,9,18","2,9,18"
52,1,0.402242683611244,0.402242683611244,-123.972369174745,-119.757761076323,FALSE,FALSE,FALSE,"15","1","2","2","2,12,15"
52,2,0.823744831077076,0.411872415538538,-732.598408004612,-724.169191807767,FALSE,FALSE,FALSE,"15,2","1,2","2,8","2,12","2,12,15"
52,3,0.969125669229137,0.323041889743046,-1601.60223260912,-1588.95840831385,FALSE,FALSE,TRUE,"15,2,12","1,2,3","2,8,9","2,12,15","2,12,15"
52,4,0.969495521030848,0.242373880257712,-1605.62803010724,-1588.76959771355,FALSE,FALSE,FALSE,"15,2,12,1","1,2,3,4","2,8,9,12","2,12,15","2,12,15"
52,5,0.969605643203651,0.19392112864073,-1605.4363125062,-1584.36327201409,FALSE,FALSE,FALSE,"15,2,12,1,3","1,2,3,4,5","2,8,9,12,15","2,12,15","2,12,15"
52,6,0.96984901380013,0.161641502300022,-1607.45597603775,-1582.16832744722,FALSE,TRUE,FALSE,"15,2,12,1,3,4","1,2,3,4,5,6","2,8,9,12,15,16","2,12,15","2,12,15"
52,7,0.969931107504529,0.138561586786361,-1606.8192095253,-1577.31695283634,FALSE,FALSE,FALSE,"15,2,12,1,3,4,5","1,2,3,4,5,6,7","2,8,9,12,15,16","2,12,15","2,12,15"
52,8,0.969952471238807,0.121244058904851,-1605.17458222931,-1571.45771744193,FALSE,FALSE,FALSE,"15,2,12,1,3,4,5,6","1,2,3,4,5,6,7,8","2,8,9,12,15,16","2,12,15","2,12,15"
52,9,0.969974475554987,0.107774941728332,-1603.54087486783,-1565.60940198203,FALSE,FALSE,FALSE,"15,2,12,1,3,4,5,6,7","1,2,3,4,5,6,7,8,9","2,8,9,12,15,16","2,12,15","2,12,15"
52,10,0.969991090650017,0.0969991090650017,-1601.81763429413,-1559.6715533099,FALSE,FALSE,FALSE,"15,2,12,1,3,4,5,6,7,8","1,2,3,4,5,6,7,8,9,10","2,8,9,12,15,16","2,12,15","2,12,15"
52,11,0.970002240254486,0.088182021841317,-1600.00344038478,-1553.64275130213,FALSE,FALSE,FALSE,"15,2,12,1,3,4,5,6,7,8,9","1,2,3,4,5,6,7,8,9,10,11","2,8,9,12,15,16","2,12,15","2,12,15"
52,12,0.970018821460469,0.0808349017883724,-1598.27989086687,-1547.70459368581,FALSE,FALSE,FALSE,"15,2,12,1,3,4,5,6,7,8,9,10","1,2,3,4,5,6,7,8,9,10,11,12","2,8,9,12,15,16","2,12,15","2,12,15"
52,13,0.970028439116527,0.0746175722397328,-1596.44031149541,-1541.65040621592,FALSE,FALSE,FALSE,"15,2,12,1,3,4,5,6,7,8,9,10,11","1,2,3,4,5,6,7,8,9,10,11,12,14","2,8,9,12,15,16","2,12,15","2,12,15"
52,14,0.970033281175465,0.0692880915125332,-1594.52109557817,-1535.51658220026,FALSE,FALSE,FALSE,"15,2,12,1,3,4,5,6,7,8,9,10,11,13","1,2,3,4,5,6,7,8,9,10,11,12,14,15","2,8,9,12,15,16","2,12,15","2,12,15"
52,15,0.970037359553055,0.064669157303537,-1592.58914866009,-1529.37002718376,FALSE,FALSE,FALSE,"15,2,12,1,3,4,5,6,7,8,9,10,11,13,14","1,2,3,4,5,6,7,8,9,10,11,12,14,15,16","2,8,9,12,15,16","2,12,15","2,12,15"
52,16,0.970041182000721,0.0606275738750451,-1590.65293962531,-1523.21921005056,FALSE,FALSE,FALSE,"15,2,12,1,3,4,5,6,7,8,9,10,11,13,14,16","1,2,3,4,5,6,7,8,9,10,11,12,14,15,16,17","2,8,9,12,15,16","2,12,15","2,12,15"
52,17,0.970044839383554,0.0570614611402091,-1588.71398352395,-1517.06564585078,FALSE,FALSE,FALSE,"15,2,12,1,3,4,5,6,7,8,9,10,11,13,14,16,17","1,2,3,4,5,6,7,8,9,10,11,12,14,15,16,17,18","2,8,9,12,15,16","2,12,15","2,12,15"
52,18,0.970046288367483,0.0538914604648602,-1586.73816999041,-1510.87522421881,FALSE,FALSE,FALSE,"15,2,12,1,3,4,5,6,7,8,9,10,11,13,14,16,17,18","1,2,3,4,5,6,7,8,9,10,11,12,14,15,16,17,18,19","2,8,9,12,15,16","2,12,15","2,12,15"
52,19,0.970046331259041,0.0510550700662653,-1584.73888595492,-1504.6613320849,TRUE,FALSE,FALSE,"15,2,12,1,3,4,5,6,7,8,9,10,11,13,14,16,17,18,19","1,2,3,4,5,6,7,8,9,10,11,12,14,15,16,17,18,19,20","2,8,9,12,15,16","2,12,15","2,12,15"
52,20,0.970046331749754,0.0485023165874877,-1582.73889414611,-1498.44673217767,FALSE,FALSE,FALSE,"15,2,12,1,3,4,5,6,7,8,9,10,11,13,14,16,17,18,19,20","1,2,3,4,5,6,7,8,9,10,11,12,14,15,16,17,18,19,20","2,8,9,12,15,16","2,12,15","2,12,15"
53,1,0.595655447204571,0.595655447204571,191.37450532207,195.589113420492,FALSE,FALSE,FALSE,"1","1","1","1","1,18,20"
53,2,0.893985125128488,0.446992562564244,-475.969472027387,-467.540255830542,FALSE,FALSE,FALSE,"1,20","1,2","1,6","1,18","1,18,20"
53,3,0.988373611865055,0.329457870621685,-1579.12050174792,-1566.47667745265,FALSE,FALSE,TRUE,"1,20,18","1,2,3","1,6,14","1,18,20","1,18,20"
53,4,0.988433149880157,0.247108287470039,-1579.68754931706,-1562.82911692337,FALSE,FALSE,FALSE,"1,20,18,2","1,2,3,4","1,6,14,18","1,18,20","1,18,20"
53,5,0.988502018149936,0.197700403629987,-1580.67341431406,-1559.60037382195,FALSE,TRUE,FALSE,"1,20,18,2,3","1,2,3,4,5","1,6,14,18,20","1,18,20","1,18,20"
53,6,0.988537126574365,0.164756187762394,-1580.20247110959,-1554.91482251906,FALSE,FALSE,FALSE,"1,20,18,2,3,4","1,2,3,4,5,6","1,6,14,18,20","1,18,20","1,18,20"
53,7,0.988568808429815,0.141224115489974,-1579.58631778252,-1550.08406109356,FALSE,FALSE,FALSE,"1,20,18,2,3,4,5","1,2,3,4,5,6,7","1,6,14,18,20","1,18,20","1,18,20"
53,8,0.988592926370537,0.123574115796317,-1578.64235025592,-1544.92548546855,FALSE,FALSE,FALSE,"1,20,18,2,3,4,5,6","1,2,3,4,5,6,7,8","1,6,14,18,20","1,18,20","1,18,20"
53,9,0.988610297890924,0.109845588654547,-1577.40436695289,-1539.47289406709,FALSE,FALSE,FALSE,"1,20,18,2,3,4,5,6,7","1,2,3,4,5,6,7,8,10","1,6,14,18,20","1,18,20","1,18,20"
53,10,0.988629847936988,0.0988629847936988,-1576.26333778479,-1534.11725680057,FALSE,FALSE,FALSE,"1,20,18,2,3,4,5,6,7,8","1,2,3,4,5,6,7,8,10,11","1,6,14,18,20","1,18,20","1,18,20"
53,11,0.988641998607831,0.0898765453279846,-1574.79794663563,-1528.43725755298,FALSE,FALSE,FALSE,"1,20,18,2,3,4,5,6,7,8,9","1,2,3,4,5,6,7,8,10,11,12","1,6,14,18,20","1,18,20","1,18,20"
53,12,0.988661153615843,0.0823884294679869,-1573.64189698278,-1523.06659980171,FALSE,FALSE,FALSE,"1,20,18,2,3,4,5,6,7,8,9,10","1,2,3,4,5,6,7,8,10,11,12,13","1,6,14,18,20","1,18,20","1,18,20"
53,13,0.988673363500352,0.0760517971923348,-1572.18059654426,-1517.39069126477,FALSE,FALSE,FALSE,"1,20,18,2,3,4,5,6,7,8,9,10,11","1,2,3,4,5,6,7,8,10,11,12,13,14","1,6,14,18,20","1,18,20","1,18,20"
53,14,0.988682471065551,0.0706201765046822,-1570.58280018105,-1511.57828680314,FALSE,FALSE,FALSE,"1,20,18,2,3,4,5,6,7,8,9,10,11,12","1,2,3,4,5,6,7,8,10,11,12,13,14,15","1,6,14,18,20","1,18,20","1,18,20"
53,15,0.988692025414312,0.0659128016942874,-1569.00508246618,-1505.78596098985,FALSE,FALSE,FALSE,"1,20,18,2,3,4,5,6,7,8,9,10,11,12,13","1,2,3,4,5,6,7,8,10,11,12,13,14,15,16","1,6,14,18,20","1,18,20","1,18,20"
53,16,0.988698504550689,0.0617936565344181,-1567.29164984459,-1499.85792026984,FALSE,FALSE,FALSE,"1,20,18,2,3,4,5,6,7,8,9,10,11,12,13,14","1,2,3,4,5,6,7,8,10,11,12,13,14,15,16,17","1,6,14,18,20","1,18,20","1,18,20"
53,17,0.98870337880725,0.0581590222827794,-1565.50734289163,-1493.85900521845,FALSE,FALSE,FALSE,"1,20,18,2,3,4,5,6,7,8,9,10,11,12,13,14,15","1,2,3,4,5,6,7,8,10,11,12,13,14,15,16,17,18","1,6,14,18,20","1,18,20","1,18,20"
53,18,0.988708459115253,0.0549282477286252,-1563.73225309334,-1487.86930732174,FALSE,FALSE,FALSE,"1,20,18,2,3,4,5,6,7,8,9,10,11,12,13,14,15,16","1,2,3,4,5,6,7,8,10,11,12,13,14,15,16,17,18,19","1,6,14,18,20","1,18,20","1,18,20"
53,19,0.988709502635848,0.052037342243992,-1561.77846329739,-1481.70090942736,TRUE,FALSE,FALSE,"1,20,18,2,3,4,5,6,7,8,9,10,11,12,13,14,15,16,17","1,2,3,4,5,6,7,8,10,11,12,13,14,15,16,17,18,19,20","1,6,14,18,20","1,18,20","1,18,20"
53,20,0.988709598623494,0.0494354799311747,-1559.78271413115,-1475.4905521627,FALSE,FALSE,FALSE,"1,20,18,2,3,4,5,6,7,8,9,10,11,12,13,14,15,16,17,19","1,2,3,4,5,6,7,8,10,11,12,13,14,15,16,17,18,19,20","1,6,14,18,20","1,18,20","1,18,20"
54,1,0.601498192260791,0.601498192260791,84.828915426831,89.0435235252531,FALSE,FALSE,FALSE,"1","1","1","1","1,13,19"
54,2,0.817310283296887,0.408655141648444,-303.13251353785,-294.703297341005,TRUE,FALSE,FALSE,"1,13","1,13","1,5","1,13","1,13,19"
54,3,0.98810053781153,0.329366845937177,-1666.78049943785,-1654.13667514259,FALSE,FALSE,TRUE,"1,13,19","1,13","1,5,13","1,13,19","1,13,19"
54,4,0.988237043310473,0.247059260827618,-1670.54943683911,-1653.69100444542,FALSE,FALSE,FALSE,"1,13,19,2","1,13","1,5,13,14","1,13,19","1,13,19"
54,5,0.988315415156385,0.197663083031277,-1671.89188268387,-1650.81884219176,FALSE,TRUE,FALSE,"1,13,19,2,3","1,13","1,5,13,14,19","1,13,19","1,13,19"
54,6,0.988352738873281,0.16472545647888,-1671.49157388623,-1646.2039252957,FALSE,FALSE,FALSE,"1,13,19,2,3,4","1,13","1,5,13,14,19","1,13,19","1,13,19"
54,7,0.98838671843722,0.141198102633889,-1670.95239913709,-1641.45014244814,FALSE,FALSE,FALSE,"1,13,19,2,3,4,5","1,13","1,5,13,14,19","1,13,19","1,13,19"
54,8,0.988400304708626,0.123550038088578,-1669.53768697168,-1635.8208221843,FALSE,FALSE,FALSE,"1,13,19,2,3,4,5,6","1,13","1,5,13,14,19","1,13,19","1,13,19"
54,9,0.988413509053842,0.109823723228205,-1668.10717893161,-1630.17570604581,FALSE,FALSE,FALSE,"1,13,19,2,3,4,5,6,7","1,13","1,5,13,14,19","1,13,19","1,13,19"
54,10,0.988421118301895,0.0988421118301895,-1666.43565404159,-1624.28957305737,FALSE,FALSE,FALSE,"1,13,19,2,3,4,5,6,7,8","1,13","1,5,13,14,19","1,13,19","1,13,19"
54,11,0.988427025537839,0.0898570023216218,-1664.69080576814,-1618.3301166855,FALSE,FALSE,FALSE,"1,13,19,2,3,4,5,6,7,8,9","1,13","1,5,13,14,19","1,13,19","1,13,19"
54,12,0.988432235510452,0.0823693529592043,-1662.91594865193,-1612.34065147086,FALSE,FALSE,FALSE,"1,13,19,2,3,4,5,6,7,8,9,10","1,13","1,5,13,14,19","1,13,19","1,13,19"
54,13,0.988437570358214,0.0760336592583242,-1661.1465929702,-1606.35668769071,FALSE,FALSE,FALSE,"1,13,19,2,3,4,5,6,7,8,9,10,11","1,13","1,5,13,14,19","1,13,19","1,13,19"
54,14,0.988440305605402,0.0706028789718144,-1659.26488864218,-1600.26037526427,FALSE,FALSE,FALSE,"1,13,19,2,3,4,5,6,7,8,9,10,11,12","1,13","1,5,13,14,19","1,13,19","1,13,19"
54,15,0.988443180762144,0.0658962120508096,-1657.3892653887,-1594.17014391236,FALSE,FALSE,FALSE,"1,13,19,2,3,4,5,6,7,8,9,10,11,12,14","1,13","1,5,13,14,19","1,13,19","1,13,19"
54,16,0.988445541342979,0.0617778463339362,-1655.49140516886,-1588.0576755941,FALSE,FALSE,FALSE,"1,13,19,2,3,4,5,6,7,8,9,10,11,12,14,15","1,13","1,5,13,14,19","1,13,19","1,13,19"
54,17,0.988446447358442,0.0581439086681436,-1653.53061301983,-1581.88227534666,FALSE,FALSE,FALSE,"1,13,19,2,3,4,5,6,7,8,9,10,11,12,14,15,16","1,13","1,5,13,14,19","1,13,19","1,13,19"
54,18,0.988447105036028,0.0549137280575571,-1651.55907596655,-1575.69613019495,FALSE,FALSE,FALSE,"1,13,19,2,3,4,5,6,7,8,9,10,11,12,14,15,16,17","1,13","1,5,13,14,19","1,13,19","1,13,19"
54,19,0.988447503534542,0.0520235528176075,-1649.57632295908,-1569.49876908906,FALSE,FALSE,FALSE,"1,13,19,2,3,4,5,6,7,8,9,10,11,12,14,15,16,17,18","1,13","1,5,13,14,19","1,13,19","1,13,19"
54,20,0.988447511275731,0.0494223755637866,-1647.57665800321,-1563.28449603476,FALSE,FALSE,FALSE,"1,13,19,2,3,4,5,6,7,8,9,10,11,12,14,15,16,17,18,20","1,13","1,5,13,14,19","1,13,19","1,13,19"
55,1,0.580349419323045,0.580349419323045,437.13371465798,441.348322756403,FALSE,FALSE,FALSE,"1","1","1","1","1,3,7"
55,2,0.952549961206783,0.476274980603392,-650.73882115685,-642.309604960005,FALSE,FALSE,FALSE,"1,7","1,2","1,3","1,3","1,3,7"
55,3,0.993096448143747,0.331032149381249,-1612.55947199731,-1599.91564770204,FALSE,FALSE,TRUE,"1,7,3","1,2,3","1,3,6","1,3,7","1,3,7"
55,4,0.993169490542265,0.248292372635566,-1615.87786147596,-1599.01942908227,FALSE,FALSE,FALSE,"1,7,3,2","1,2,3,4","1,3,6,7","1,3,7","1,3,7"
55,5,0.993228743070345,0.198645748614069,-1618.23412677299,-1597.16108628088,FALSE,FALSE,FALSE,"1,7,3,2,4","1,2,3,4,5","1,3,6,7,10","1,3,7","1,3,7"
55,6,0.993274740764345,0.165545790127391,-1619.64225606571,-1594.35460747517,FALSE,TRUE,FALSE,"1,7,3,2,4,5","1,2,3,4,5,6","1,3,6,7,10,20","1,3,7","1,3,7"
55,7,0.993297605893106,0.141899657984729,-1619.34509648602,-1589.84283979706,FALSE,FALSE,FALSE,"1,7,3,2,4,5,6","1,2,3,4,5,6,7","1,3,6,7,10,20","1,3,7","1,3,7"
55,8,0.993318460303682,0.12416480753796,-1618.90326523972,-1585.18640045234,FALSE,FALSE,FALSE,"1,7,3,2,4,5,6,8","1,2,3,4,5,6,7,9","1,3,6,7,10,20","1,3,7","1,3,7"
55,9,0.993322402188238,0.110369155798693,-1617.19833553653,-1579.26686265073,FALSE,FALSE,FALSE,"1,7,3,2,4,5,6,8,9","1,2,3,4,5,6,7,9,10","1,3,6,7,10,20","1,3,7","1,3,7"
55,10,0.99332658788889,0.099332658788889,-1615.51184745917,-1573.36576647494,FALSE,FALSE,FALSE,"1,7,3,2,4,5,6,8,9,10","1,2,3,4,5,6,7,9,10,11","1,3,6,7,10,20","1,3,7","1,3,7"
55,11,0.993330966088602,0.0903028150989638,-1613.83998818097,-1567.47929909832,FALSE,FALSE,FALSE,"1,7,3,2,4,5,6,8,9,10,11","1,2,3,4,5,6,7,9,10,11,12","1,3,6,7,10,20","1,3,7","1,3,7"
55,12,0.99333292776199,0.0827777439801658,-1611.9870830961,-1561.41178591504,FALSE,FALSE,FALSE,"1,7,3,2,4,5,6,8,9,10,11,12","1,2,3,4,5,6,7,9,10,11,12,13","1,3,6,7,10,20","1,3,7","1,3,7"
55,13,0.993334726134347,0.0764103635487959,-1610.12197101111,-1555.33206573162,FALSE,FALSE,FALSE,"1,7,3,2,4,5,6,8,9,10,11,12,13","1,2,3,4,5,6,7,9,10,11,12,13,14","1,3,6,7,10,20","1,3,7","1,3,7"
55,14,0.993335931390806,0.0709525665279147,-1608.21239231014,-1549.20787893223,FALSE,FALSE,FALSE,"1,7,3,2,4,5,6,8,9,10,11,12,13,14","1,2,3,4,5,6,7,9,10,11,12,13,14,15","1,3,6,7,10,20","1,3,7","1,3,7"
55,15,0.993337436535191,0.0662224957690127,-1606.32533490386,-1543.10621342753,FALSE,FALSE,FALSE,"1,7,3,2,4,5,6,8,9,10,11,12,13,14,15","1,2,3,4,5,6,7,9,10,11,12,13,14,15,16","1,3,6,7,10,20","1,3,7","1,3,7"
55,16,0.993338359432848,0.062083647464553,-1604.39459965368,-1536.96087007892,FALSE,FALSE,FALSE,"1,7,3,2,4,5,6,8,9,10,11,12,13,14,15,16","1,2,3,4,5,6,7,9,10,11,12,13,14,15,16,17","1,3,6,7,10,20","1,3,7","1,3,7"
55,17,0.993339209975266,0.0584317182338392,-1602.45844253978,-1530.8101048666,FALSE,FALSE,FALSE,"1,7,3,2,4,5,6,8,9,10,11,12,13,14,15,16,17","1,2,3,4,5,6,7,9,10,11,12,13,14,15,16,17,18","1,3,6,7,10,20","1,3,7","1,3,7"
55,18,0.993340008020896,0.0551855560011609,-1600.51835235821,-1524.65540658661,FALSE,FALSE,FALSE,"1,7,3,2,4,5,6,8,9,10,11,12,13,14,15,16,17,18","1,2,3,4,5,6,7,9,10,11,12,13,14,15,16,17,18,19","1,3,6,7,10,20","1,3,7","1,3,7"
55,19,0.993340239472579,0.0522810652353989,-1598.53572893349,-1518.45817506347,TRUE,FALSE,FALSE,"1,7,3,2,4,5,6,8,9,10,11,12,13,14,15,16,17,18,19","1,2,3,4,5,6,7,9,10,11,12,13,14,15,16,17,18,19,20","1,3,6,7,10,20","1,3,7","1,3,7"
55,20,0.993340308059053,0.0496670154029527,-1596.54087827989,-1512.24871631145,FALSE,FALSE,FALSE,"1,7,3,2,4,5,6,8,9,10,11,12,13,14,15,16,17,18,19,20","1,2,3,4,5,6,7,9,10,11,12,13,14,15,16,17,18,19,20","1,3,6,7,10,20","1,3,7","1,3,7"
56,1,0.504572924754587,0.504572924754587,-265.604641512887,-261.390033414464,FALSE,FALSE,FALSE,"19","12","12","12","12,16,19"
56,2,0.604174329194548,0.302087164597274,-375.827781400324,-367.398565203479,TRUE,FALSE,FALSE,"19,16","12,19","12,13","12,16","12,16,19"
56,3,0.964329430293373,0.321443143431124,-1577.15174052761,-1564.50791623234,FALSE,FALSE,TRUE,"19,16,12","12,19","12,13,16","12,16,19","12,16,19"
56,4,0.964680972608191,0.241170243152048,-1580.10380678521,-1563.24537439152,FALSE,TRUE,FALSE,"19,16,12,1","12,19","12,13,16,19","12,16,19","12,16,19"
56,5,0.964809641042944,0.192961928208589,-1579.92865003291,-1558.8556095408,FALSE,FALSE,FALSE,"19,16,12,1,2","12,19","12,13,16,19","12,16,19","12,16,19"
56,6,0.964946404104935,0.160824400684156,-1579.87562518669,-1554.58797659616,FALSE,FALSE,FALSE,"19,16,12,1,2,3","12,19","12,13,16,19","12,16,19","12,16,19"
56,7,0.965052404261339,0.137864629180191,-1579.38988851492,-1549.88763182596,FALSE,FALSE,FALSE,"19,16,12,1,2,3,4","12,19","12,13,16,19","12,16,19","12,16,19"
56,8,0.965136860264221,0.120642107533028,-1578.59967442407,-1544.88280963669,FALSE,FALSE,FALSE,"19,16,12,1,2,3,4,5","12,19","12,13,16,19","12,16,19","12,16,19"
56,9,0.965233135190884,0.10724812613232,-1577.98233967943,-1540.05086679363,FALSE,FALSE,FALSE,"19,16,12,1,2,3,4,5,6","12,19","12,13,16,19","12,16,19","12,16,19"
56,10,0.965288357634024,0.0965288357634024,-1576.77715316944,-1534.63107218522,FALSE,FALSE,FALSE,"19,16,12,1,2,3,4,5,6,7","12,19","12,13,16,19","12,16,19","12,16,19"
56,11,0.965319693186502,0.0877563357442274,-1575.22872651445,-1528.8680374318,FALSE,FALSE,FALSE,"19,16,12,1,2,3,4,5,6,7,8","12,19","12,13,16,19","12,16,19","12,16,19"
56,12,0.96533802381422,0.0804448353178517,-1573.49307645149,-1522.91777927043,FALSE,FALSE,FALSE,"19,16,12,1,2,3,4,5,6,7,8,9","12,19","12,13,16,19","12,16,19","12,16,19"
56,13,0.965364455710606,0.0742588042854313,-1571.87450276353,-1517.08459748404,FALSE,FALSE,FALSE,"19,16,12,1,2,3,4,5,6,7,8,9,10","12,19","12,13,16,19","12,16,19","12,16,19"
56,14,0.965385069472286,0.0689560763908776,-1570.17217238014,-1511.16765900222,FALSE,FALSE,FALSE,"19,16,12,1,2,3,4,5,6,7,8,9,10,11","12,19","12,13,16,19","12,16,19","12,16,19"
56,15,0.965406911013823,0.0643604607342549,-1568.48776502988,-1505.26864355355,FALSE,FALSE,FALSE,"19,16,12,1,2,3,4,5,6,7,8,9,10,11,13","12,19","12,13,16,19","12,16,19","12,16,19"
56,16,0.965423997200501,0.0603389998250313,-1566.73478557886,-1499.30105600411,FALSE,FALSE,FALSE,"19,16,12,1,2,3,4,5,6,7,8,9,10,11,13,14","12,19","12,13,16,19","12,16,19","12,16,19"
56,17,0.96544025671574,0.05679060333622,-1564.96996804901,-1493.32163037583,FALSE,FALSE,FALSE,"19,16,12,1,2,3,4,5,6,7,8,9,10,11,13,14,15","12,19","12,13,16,19","12,16,19","12,16,19"
56,18,0.965448561385712,0.0536360311880951,-1563.09013196147,-1487.22718618987,FALSE,FALSE,FALSE,"19,16,12,1,2,3,4,5,6,7,8,9,10,11,13,14,15,17","12,19","12,13,16,19","12,16,19","12,16,19"
56,19,0.965449069629301,0.0508131089278579,-1561.09748689873,-1481.01993302871,FALSE,FALSE,FALSE,"19,16,12,1,2,3,4,5,6,7,8,9,10,11,13,14,15,17,18","12,19","12,13,16,19","12,16,19","12,16,19"
56,20,0.965449069945879,0.048272453497294,-1559.09749148006,-1474.80532951161,FALSE,FALSE,FALSE,"19,16,12,1,2,3,4,5,6,7,8,9,10,11,13,14,15,17,18,20","12,19","12,13,16,19","12,16,19","12,16,19"
57,1,0.513886316273885,0.513886316273885,383.462473860361,387.677081958784,FALSE,FALSE,FALSE,"14","1","7","7","7,8,14"
57,2,0.955211831543634,0.477605915771817,-806.786779186128,-798.357562989283,FALSE,FALSE,FALSE,"14,7","1,2","7,8","7,8","7,8,14"
57,3,0.991115553642647,0.330371851214216,-1613.60770917577,-1600.9638848805,FALSE,FALSE,TRUE,"14,7,8","1,2,3","7,8,9","7,8,14","7,8,14"
57,4,0.99117776887074,0.247794442217685,-1615.12138271359,-1598.2629503199,FALSE,FALSE,FALSE,"14,7,8,1","1,2,3,4","7,8,9,14","7,8,14","7,8,14"
57,5,0.991221608447761,0.198244321689552,-1615.61218479914,-1594.53914430703,FALSE,TRUE,FALSE,"14,7,8,1,2","1,2,3,4,5","7,8,9,14,19","7,8,14","7,8,14"
57,6,0.991252828426855,0.165208804737809,-1615.39358331372,-1590.10593472319,FALSE,FALSE,FALSE,"14,7,8,1,2,3","1,2,3,4,5,6","7,8,9,14,19","7,8,14","7,8,14"
57,7,0.99127543984275,0.141610777120393,-1614.68775545803,-1585.18549876908,FALSE,FALSE,FALSE,"14,7,8,1,2,3,4","1,2,3,4,5,6,7","7,8,9,14,19","7,8,14","7,8,14"
57,8,0.991303154186587,0.123912894273323,-1614.27857810819,-1580.56171332082,FALSE,FALSE,FALSE,"14,7,8,1,2,3,4,5","1,2,3,4,5,6,7,8","7,8,9,14,19","7,8,14","7,8,14"
57,9,0.991323655562793,0.11014707284031,-1613.45863688998,-1575.52716400418,FALSE,FALSE,FALSE,"14,7,8,1,2,3,4,5,6","1,2,3,4,5,6,7,8,9","7,8,9,14,19","7,8,14","7,8,14"
57,10,0.991356333597674,0.0991356333597674,-1613.34536051613,-1571.19927953191,FALSE,FALSE,FALSE,"14,7,8,1,2,3,4,5,6,9","1,2,3,4,5,6,7,8,9,10","7,8,9,14,19","7,8,14","7,8,14"
57,11,0.991374684565872,0.0901249713241702,-1612.40801581795,-1566.0473267353,FALSE,FALSE,FALSE,"14,7,8,1,2,3,4,5,6,9,10","1,2,3,4,5,6,7,8,9,10,11","7,8,9,14,19","7,8,14","7,8,14"
57,12,0.991383032359477,0.0826152526966231,-1610.8921625067,-1560.31686532564,FALSE,FALSE,FALSE,"14,7,8,1,2,3,4,5,6,9,10,11","1,2,3,4,5,6,7,8,9,10,11,12","7,8,9,14,19","7,8,14","7,8,14"
57,13,0.991388583693964,0.076260660284151,-1609.2143827855,-1554.42447750601,FALSE,FALSE,FALSE,"14,7,8,1,2,3,4,5,6,9,10,11,12","1,2,3,4,5,6,7,8,9,10,11,12,13","7,8,9,14,19","7,8,14","7,8,14"
57,14,0.991394343078455,0.0708138816484611,-1607.54889868318,-1548.54438530527,FALSE,FALSE,FALSE,"14,7,8,1,2,3,4,5,6,9,10,11,12,13","1,2,3,4,5,6,7,8,9,10,11,12,13,14","7,8,9,14,19","7,8,14","7,8,14"
57,15,0.99139921907119,0.0660932812714126,-1605.83228057243,-1542.6131590961,FALSE,FALSE,FALSE,"14,7,8,1,2,3,4,5,6,9,10,11,12,13,15","1,2,3,4,5,6,7,8,9,10,11,12,13,14,15","7,8,9,14,19","7,8,14","7,8,14"
57,16,0.991404262464055,0.0619627664040034,-1604.12556046044,-1536.69183088568,FALSE,FALSE,FALSE,"14,7,8,1,2,3,4,5,6,9,10,11,12,13,15,16","1,2,3,4,5,6,7,8,9,10,11,12,13,14,15,16","7,8,9,14,19","7,8,14","7,8,14"
57,17,0.991408745607254,0.058318161506309,-1602.38640559956,-1530.73806792638,FALSE,FALSE,FALSE,"14,7,8,1,2,3,4,5,6,9,10,11,12,13,15,16,17","1,2,3,4,5,6,7,8,9,10,11,12,13,14,15,16,17","7,8,9,14,19","7,8,14","7,8,14"
57,18,0.991411981499224,0.0550784434166236,-1600.57476584209,-1524.71182007049,FALSE,FALSE,FALSE,"14,7,8,1,2,3,4,5,6,9,10,11,12,13,15,16,17,18","1,2,3,4,5,6,7,8,9,10,11,12,13,14,15,16,17,18","7,8,9,14,19","7,8,14","7,8,14"
57,19,0.991411992972557,0.052179578577503,-1598.5754338274,-1518.49787995737,TRUE,FALSE,FALSE,"14,7,8,1,2,3,4,5,6,9,10,11,12,13,15,16,17,18,19","1,2,3,4,5,6,7,8,9,10,11,12,13,14,15,16,17,18,19","7,8,9,14,19","7,8,14","7,8,14"
57,20,0.991411992972639,0.0495705996486319,-1596.57543383217,-1512.28327186373,FALSE,FALSE,FALSE,"14,7,8,1,2,3,4,5,6,9,10,11,12,13,15,16,17,18,19,20","1,2,3,4,5,6,7,8,9,10,11,12,13,14,15,16,17,18,19","7,8,9,14,19","7,8,14","7,8,14"
58,1,0.425724812901252,0.425724812901252,28.998422978192,33.2130310766142,FALSE,FALSE,FALSE,"17","2","2","2","2,10,17"
58,2,0.727517798952017,0.363758899476008,-341.769280397925,-333.340064201081,TRUE,FALSE,FALSE,"17,2","2,17","2,10","2,10","2,10,17"
58,3,0.978631776807682,0.326210592269227,-1612.60346729557,-1599.95964300031,FALSE,TRUE,TRUE,"17,2,10","2,17","2,10,17","2,10,17","2,10,17"
58,4,0.97868627139296,0.24467156784824,-1611.88022743872,-1595.02179504503,FALSE,FALSE,FALSE,"17,2,10,1","2,17","2,10,17","2,10,17","2,10,17"
58,5,0.978768093663278,0.195753618732656,-1611.80339467554,-1590.73035418343,FALSE,FALSE,FALSE,"17,2,10,1,3","2,17","2,10,17","2,10,17","2,10,17"
58,6,0.978804189730125,0.163134031621688,-1610.65416107172,-1585.36651248119,FALSE,FALSE,FALSE,"17,2,10,1,3,4","2,17","2,10,17","2,10,17","2,10,17"
58,7,0.978837255198127,0.139833893599733,-1609.43477019926,-1579.93251351031,FALSE,FALSE,FALSE,"17,2,10,1,3,4,5","2,17","2,10,17","2,10,17","2,10,17"
58,8,0.978862081781875,0.122357760222734,-1608.02167794078,-1574.3048131534,FALSE,FALSE,FALSE,"17,2,10,1,3,4,5,6","2,17","2,10,17","2,10,17","2,10,17"
58,9,0.978879379215013,0.108764375468335,-1606.43100193806,-1568.49952905226,FALSE,FALSE,FALSE,"17,2,10,1,3,4,5,6,7","2,17","2,10,17","2,10,17","2,10,17"
58,10,0.978905815367646,0.0978905815367646,-1605.0572314286,-1562.91115044437,FALSE,FALSE,FALSE,"17,2,10,1,3,4,5,6,7,8","2,17","2,10,17","2,10,17","2,10,17"
58,11,0.978922234014352,0.0889929303649411,-1603.44655768205,-1557.08586859941,FALSE,FALSE,FALSE,"17,2,10,1,3,4,5,6,7,8,9","2,17","2,10,17","2,10,17","2,10,17"
58,12,0.97892821591,0.0815773513258333,-1601.58847843036,-1551.0131812493,FALSE,FALSE,FALSE,"17,2,10,1,3,4,5,6,7,8,9,11","2,17","2,10,17","2,10,17","2,10,17"
58,13,0.978933417637587,0.0753025705875067,-1599.71192240915,-1544.92201712966,FALSE,FALSE,FALSE,"17,2,10,1,3,4,5,6,7,8,9,11,12","2,17","2,10,17","2,10,17","2,10,17"
58,14,0.978935247975818,0.069923946283987,-1597.75536604222,-1538.75085266431,FALSE,FALSE,FALSE,"17,2,10,1,3,4,5,6,7,8,9,11,12,13","2,17","2,10,17","2,10,17","2,10,17"
58,15,0.978936061191346,0.0652624040794231,-1595.77466917061,-1532.55554769428,FALSE,FALSE,FALSE,"17,2,10,1,3,4,5,6,7,8,9,11,12,13,14","2,17","2,10,17","2,10,17","2,10,17"
58,16,0.978936484772866,0.0611835302983041,-1593.78472393251,-1526.35099435776,FALSE,FALSE,FALSE,"17,2,10,1,3,4,5,6,7,8,9,11,12,13,14,15","2,17","2,10,17","2,10,17","2,10,17"
58,17,0.978936737435635,0.0575845139668021,-1591.79072160864,-1520.14238393546,FALSE,FALSE,FALSE,"17,2,10,1,3,4,5,6,7,8,9,11,12,13,14,15,16","2,17","2,10,17","2,10,17","2,10,17"
58,18,0.978936931208879,0.0543853850671599,-1589.79532142156,-1513.93237564996,FALSE,FALSE,FALSE,"17,2,10,1,3,4,5,6,7,8,9,11,12,13,14,15,16,18","2,17","2,10,17","2,10,17","2,10,17"
58,19,0.978936972665481,0.0515229985613411,-1587.79630552894,-1507.71875165892,FALSE,FALSE,FALSE,"17,2,10,1,3,4,5,6,7,8,9,11,12,13,14,15,16,18,19","2,17","2,10,17","2,10,17","2,10,17"
58,20,0.97893700776887,0.0489468503884435,-1585.79713882365,-1501.5049768552,FALSE,FALSE,FALSE,"17,2,10,1,3,4,5,6,7,8,9,11,12,13,14,15,16,18,19,20","2,17","2,10,17","2,10,17","2,10,17"
59,1,0.421532165082923,0.421532165082923,625.898768590362,630.113376688784,FALSE,FALSE,FALSE,"2","1","2","2","2,7,16"
59,2,0.771735097651101,0.38586754882555,162.960699930643,171.389916127487,FALSE,FALSE,FALSE,"2,16","1,2","2,4","2,7","2,7,16"
59,3,0.993286298083536,0.331095432694512,-1598.21745340485,-1585.57362910958,FALSE,FALSE,TRUE,"2,16,7","1,2,3","2,4,6","2,7,16","2,7,16"
59,4,0.993337312847288,0.248334328211822,-1600.03126375581,-1583.17283136212,FALSE,FALSE,FALSE,"2,16,7,1","1,2,3,4","2,4,6,7","2,7,16","2,7,16"
59,5,0.99337822492766,0.198675644985532,-1601.11096762514,-1580.03792713303,FALSE,TRUE,FALSE,"2,16,7,1,3","1,2,3,4,5","2,4,6,7,16","2,7,16","2,7,16"
59,6,0.993385899741181,0.16556431662353,-1599.69081702608,-1574.40316843555,FALSE,FALSE,FALSE,"2,16,7,1,3,4","1,2,3,4,5,6","2,4,6,7,16","2,7,16","2,7,16"
59,7,0.993411689816342,0.141915955688049,-1599.6442563679,-1570.14199967895,FALSE,FALSE,FALSE,"2,16,7,1,3,4,5","1,2,3,4,5,6,7","2,4,6,7,16","2,7,16","2,7,16"
59,8,0.993418301329934,0.124177287666242,-1598.14626925342,-1564.42940446604,FALSE,FALSE,FALSE,"2,16,7,1,3,4,5,6","1,2,3,4,5,6,7,8","2,4,6,7,16","2,7,16","2,7,16"
59,9,0.993425726307739,0.110380636256415,-1596.71065008284,-1558.77917719704,FALSE,FALSE,FALSE,"2,16,7,1,3,4,5,6,8","1,2,3,4,5,6,7,8,9","2,4,6,7,16","2,7,16","2,7,16"
59,10,0.993432519437117,0.0993432519437117,-1595.22756204535,-1553.08148106113,FALSE,FALSE,FALSE,"2,16,7,1,3,4,5,6,8,9","1,2,3,4,5,6,7,8,9,10","2,4,6,7,16","2,7,16","2,7,16"
59,11,0.993437127801601,0.0903124661637819,-1593.57853240824,-1547.2178433256,FALSE,FALSE,FALSE,"2,16,7,1,3,4,5,6,8,9,10","1,2,3,4,5,6,7,8,9,10,11","2,4,6,7,16","2,7,16","2,7,16"
59,12,0.99344165604722,0.0827868046706016,-1591.92364110444,-1541.34834392337,FALSE,FALSE,FALSE,"2,16,7,1,3,4,5,6,8,9,10,11","1,2,3,4,5,6,7,8,9,10,11,12","2,4,6,7,16","2,7,16","2,7,16"
59,13,0.993443824772443,0.0764187557517264,-1590.0890093664,-1535.29910408691,FALSE,FALSE,FALSE,"2,16,7,1,3,4,5,6,8,9,10,11,12","1,2,3,4,5,6,7,8,9,10,11,12,13","2,4,6,7,16","2,7,16","2,7,16"
59,14,0.993444971326061,0.0709603550947186,-1588.17645775243,-1529.17194437452,FALSE,FALSE,FALSE,"2,16,7,1,3,4,5,6,8,9,10,11,12,13","1,2,3,4,5,6,7,8,9,10,11,12,13,14","2,4,6,7,16","2,7,16","2,7,16"
59,15,0.99344580714402,0.066229720476268,-1586.24021576878,-1523.02109429245,FALSE,FALSE,FALSE,"2,16,7,1,3,4,5,6,8,9,10,11,12,13,14","1,2,3,4,5,6,7,8,9,10,11,12,13,14,16","2,4,6,7,16","2,7,16","2,7,16"
59,16,0.993446257486134,0.0620903910928833,-1584.27457221784,-1516.84084264308,FALSE,FALSE,FALSE,"2,16,7,1,3,4,5,6,8,9,10,11,12,13,14,15","1,2,3,4,5,6,7,8,9,10,11,12,13,14,16,17","2,4,6,7,16","2,7,16","2,7,16"
59,17,0.993446469283252,0.0584380276048972,-1582.29073096532,-1510.64239329214,FALSE,FALSE,FALSE,"2,16,7,1,3,4,5,6,8,9,10,11,12,13,14,15,17","1,2,3,4,5,6,7,8,9,10,11,12,13,14,16,17,18","2,4,6,7,16","2,7,16","2,7,16"
59,18,0.993446632408977,0.0551914795782765,-1580.30317675693,-1504.44023098533,FALSE,FALSE,FALSE,"2,16,7,1,3,4,5,6,8,9,10,11,12,13,14,15,17,18","1,2,3,4,5,6,7,8,9,10,11,12,13,14,16,17,18,19","2,4,6,7,16","2,7,16","2,7,16"
59,19,0.99344664333468,0.0522866654386674,-1578.30401035218,-1498.22645648216,TRUE,FALSE,FALSE,"2,16,7,1,3,4,5,6,8,9,10,11,12,13,14,15,17,18,19","1,2,3,4,5,6,7,8,9,10,11,12,13,14,16,17,18,19,20","2,4,6,7,16","2,7,16","2,7,16"
59,20,0.993446645570482,0.0496723322785241,-1576.30418093673,-1492.01201896828,FALSE,FALSE,FALSE,"2,16,7,1,3,4,5,6,8,9,10,11,12,13,14,15,17,18,19,20","1,2,3,4,5,6,7,8,9,10,11,12,13,14,16,17,18,19,20","2,4,6,7,16","2,7,16","2,7,16"
60,1,0.53911855429234,0.53911855429234,125.275684986,129.490293084422,FALSE,FALSE,FALSE,"2","1","2","2","2,9,15"
60,2,0.840951864622753,0.420475932311376,-404.691288831544,-396.2620726347,FALSE,FALSE,FALSE,"2,9","1,2","2,6","2,9","2,9,15"
60,3,0.986442160476633,0.328814053492211,-1633.81226482803,-1621.16844053276,FALSE,FALSE,TRUE,"2,9,15","1,2,3","2,6,9","2,9,15","2,9,15"
60,4,0.986550008260744,0.246637502065186,-1635.80549021154,-1618.94705781785,FALSE,FALSE,FALSE,"2,9,15,1","1,2,3,4","2,6,9,15","2,9,15","2,9,15"
60,5,0.986655875486383,0.197331175097277,-1637.75664782988,-1616.68360733777,FALSE,TRUE,FALSE,"2,9,15,1,3","1,2,3,4,5","2,6,9,15,20","2,9,15","2,9,15"
60,6,0.986692691285333,0.164448781880889,-1637.13803028881,-1611.85038169828,FALSE,FALSE,FALSE,"2,9,15,1,3,4","1,2,3,4,5,6","2,6,9,15,20","2,9,15","2,9,15"
60,7,0.986724755474109,0.140960679353444,-1636.34424265061,-1606.84198596166,FALSE,FALSE,FALSE,"2,9,15,1,3,4,5","1,2,3,4,5,6,7","2,6,9,15,20","2,9,15","2,9,15"
60,8,0.986756354233179,0.123344544279147,-1635.53579982648,-1601.8189350391,FALSE,FALSE,FALSE,"2,9,15,1,3,4,5,6","1,2,3,4,5,6,7,8","2,6,9,15,20","2,9,15","2,9,15"
60,9,0.98678579611619,0.109642866235132,-1634.64858471085,-1596.71711182506,FALSE,FALSE,FALSE,"2,9,15,1,3,4,5,6,7","1,2,3,4,5,6,7,8,9","2,6,9,15,20","2,9,15","2,9,15"
60,10,0.986809779157155,0.0986809779157155,-1633.5568812486,-1591.41080026438,FALSE,FALSE,FALSE,"2,9,15,1,3,4,5,6,7,8","1,2,3,4,5,6,7,8,9,10","2,6,9,15,20","2,9,15","2,9,15"
60,11,0.986821280189699,0.0897110254717908,-1631.99303958443,-1585.63235050179,FALSE,FALSE,FALSE,"2,9,15,1,3,4,5,6,7,8,10","1,2,3,4,5,6,7,8,9,10,11","2,6,9,15,20","2,9,15","2,9,15"
60,12,0.986840699283468,0.082236724940289,-1630.73034242267,-1580.1550452416,FALSE,FALSE,FALSE,"2,9,15,1,3,4,5,6,7,8,10,11","1,2,3,4,5,6,7,8,9,10,11,12","2,6,9,15,20","2,9,15","2,9,15"
60,13,0.98684775639806,0.0759113658767738,-1628.99855605071,-1574.20865077122,FALSE,FALSE,FALSE,"2,9,15,1,3,4,5,6,7,8,10,11,12","1,2,3,4,5,6,7,8,9,10,11,12,13","2,6,9,15,20","2,9,15","2,9,15"
60,14,0.986853583607418,0.0704895416862442,-1627.22013423967,-1568.21562086176,FALSE,FALSE,FALSE,"2,9,15,1,3,4,5,6,7,8,10,11,12,13","1,2,3,4,5,6,7,8,9,10,11,12,13,15","2,6,9,15,20","2,9,15","2,9,15"
60,15,0.986854928758768,0.0657903285839179,-1625.27129723851,-1562.05217576218,FALSE,FALSE,FALSE,"2,9,15,1,3,4,5,6,7,8,10,11,12,13,14","1,2,3,4,5,6,7,8,9,10,11,12,13,15,16","2,6,9,15,20","2,9,15","2,9,15"
60,16,0.986856204240784,0.061678512765049,-1623.31981519163,-1555.88608561687,FALSE,FALSE,FALSE,"2,9,15,1,3,4,5,6,7,8,10,11,12,13,14,16","1,2,3,4,5,6,7,8,9,10,11,12,13,15,16,17","2,6,9,15,20","2,9,15","2,9,15"
60,17,0.986857045773763,0.0580504144572802,-1621.35182877183,-1549.70349109865,FALSE,FALSE,FALSE,"2,9,15,1,3,4,5,6,7,8,10,11,12,13,14,16,17","1,2,3,4,5,6,7,8,9,10,11,12,13,15,16,17,18","2,6,9,15,20","2,9,15","2,9,15"
60,18,0.986857806103732,0.0548254336724296,-1619.38075499155,-1543.51780921995,FALSE,FALSE,FALSE,"2,9,15,1,3,4,5,6,7,8,10,11,12,13,14,16,17,18","1,2,3,4,5,6,7,8,9,10,11,12,13,15,16,17,18,19","2,6,9,15,20","2,9,15","2,9,15"
60,19,0.986858293617444,0.0519399101903918,-1617.39930298888,-1537.32174911885,TRUE,FALSE,FALSE,"2,9,15,1,3,4,5,6,7,8,10,11,12,13,14,16,17,18,19","1,2,3,4,5,6,7,8,9,10,11,12,13,15,16,17,18,19,20","2,6,9,15,20","2,9,15","2,9,15"
60,20,0.986858616839491,0.0493429308419746,-1615.41160070777,-1531.11943873932,FALSE,FALSE,FALSE,"2,9,15,1,3,4,5,6,7,8,10,11,12,13,14,16,17,18,19,20","1,2,3,4,5,6,7,8,9,10,11,12,13,15,16,17,18,19,20","2,6,9,15,20","2,9,15","2,9,15"
61,1,0.699146551643794,0.699146551643794,-122.150847594618,-117.936239496196,FALSE,FALSE,FALSE,"13","13","8","13","13,18,19"
61,2,0.778056301197063,0.389028150598532,-272.250609061251,-263.821392864406,TRUE,FALSE,FALSE,"13,18","13,18","8,9","13,18","13,18,19"
61,3,0.985144274930786,0.328381424976929,-1622.26982066798,-1609.62599637271,FALSE,FALSE,TRUE,"13,18,19","13,18","8,9,13","13,18,19","13,18,19"
61,4,0.985253810829688,0.246313452707422,-1623.97013538239,-1607.1117029887,FALSE,FALSE,FALSE,"13,18,19,1","13,18","8,9,13,15","13,18,19","13,18,19"
61,5,0.985349629762312,0.197069925952462,-1625.22967574696,-1604.15663525485,FALSE,FALSE,FALSE,"13,18,19,1,2","13,18","8,9,13,15,16","13,18,19","13,18,19"
61,6,0.985448378247383,0.164241396374564,-1626.6112553838,-1601.32360679327,FALSE,FALSE,FALSE,"13,18,19,1,2,3","13,18","8,9,13,15,16,18","13,18,19","13,18,19"
61,7,0.985535536336089,0.140790790905156,-1627.61504964449,-1598.11279295554,FALSE,FALSE,FALSE,"13,18,19,1,2,3,4","13,18","8,9,13,15,16,18,19","13,18,19","13,18,19"
61,8,0.985624377108077,0.12320304713851,-1628.69552073905,-1594.97865595168,FALSE,TRUE,FALSE,"13,18,19,1,2,3,4,5","13,18","8,9,13,15,16,18,19,20","13,18,19","13,18,19"
61,9,0.98565617434494,0.109517352704993,-1627.80268858054,-1589.87121569474,FALSE,FALSE,FALSE,"13,18,19,1,2,3,4,5,6","13,18","8,9,13,15,16,18,19,20","13,18,19","13,18,19"
61,10,0.985674227252754,0.0985674227252754,-1626.43237686378,-1584.28629587956,FALSE,FALSE,FALSE,"13,18,19,1,2,3,4,5,6,7","13,18","8,9,13,15,16,18,19,20","13,18,19","13,18,19"
61,11,0.985699784837948,0.0896090713489043,-1625.32518769238,-1578.96449860974,FALSE,FALSE,FALSE,"13,18,19,1,2,3,4,5,6,7,8","13,18","8,9,13,15,16,18,19,20","13,18,19","13,18,19"
61,12,0.985714407838779,0.0821428673198982,-1623.83673532654,-1573.26143814548,FALSE,FALSE,FALSE,"13,18,19,1,2,3,4,5,6,7,8,9","13,18","8,9,13,15,16,18,19,20","13,18,19","13,18,19"
61,13,0.985727943150572,0.0758252263961978,-1622.31069986058,-1567.52079458109,FALSE,FALSE,FALSE,"13,18,19,1,2,3,4,5,6,7,8,9,10","13,18","8,9,13,15,16,18,19,20","13,18,19","13,18,19"
61,14,0.985738761475245,0.070409911533946,-1620.68984727588,-1561.68533389797,FALSE,FALSE,FALSE,"13,18,19,1,2,3,4,5,6,7,8,9,10,11","13,18","8,9,13,15,16,18,19,20","13,18,19","13,18,19"
61,15,0.985744740159976,0.0657163160106651,-1618.89950432223,-1555.68038284589,FALSE,FALSE,FALSE,"13,18,19,1,2,3,4,5,6,7,8,9,10,11,12","13,18","8,9,13,15,16,18,19,20","13,18,19","13,18,19"
61,16,0.985749318328446,0.0616093323955279,-1617.060108332,-1549.62637875725,FALSE,FALSE,FALSE,"13,18,19,1,2,3,4,5,6,7,8,9,10,11,12,14","13,18","8,9,13,15,16,18,19,20","13,18,19","13,18,19"
61,17,0.985751693532093,0.0579853937371819,-1615.14345177004,-1543.49511409687,FALSE,FALSE,FALSE,"13,18,19,1,2,3,4,5,6,7,8,9,10,11,12,14,15","13,18","8,9,13,15,16,18,19,20","13,18,19","13,18,19"
61,18,0.985752631481017,0.0547640350822787,-1613.17636725371,-1537.31342148211,FALSE,FALSE,FALSE,"13,18,19,1,2,3,4,5,6,7,8,9,10,11,12,14,15,16","13,18","8,9,13,15,16,18,19,20","13,18,19","13,18,19"
61,19,0.985753513362018,0.0518817638611589,-1611.2073171198,-1531.12976324978,FALSE,FALSE,FALSE,"13,18,19,1,2,3,4,5,6,7,8,9,10,11,12,14,15,16,17","13,18","8,9,13,15,16,18,19,20","13,18,19","13,18,19"
61,20,0.985753761633092,0.0492876880816546,-1609.21603060978,-1524.92386864133,FALSE,FALSE,FALSE,"13,18,19,1,2,3,4,5,6,7,8,9,10,11,12,14,15,16,17,20","13,18","8,9,13,15,16,18,19,20","13,18,19","13,18,19"
62,1,0.534115647469868,0.534115647469868,55.1408048148711,59.3554129132932,FALSE,FALSE,FALSE,"14","1","4","4","4,10,14"
62,2,0.862425048387213,0.431212524193606,-552.74347596485,-544.314259768005,FALSE,FALSE,FALSE,"14,4","1,2","4,6","4,10","4,10,14"
62,3,0.98164795494909,0.32721598498303,-1557.95740397669,-1545.31357968142,FALSE,FALSE,TRUE,"14,4,10","1,2,3","4,6,9","4,10,14","4,10,14"
62,4,0.981802880689171,0.245450720172293,-1560.19626061493,-1543.33782822124,FALSE,FALSE,FALSE,"14,4,10,1","1,2,3,4","4,6,9,10","4,10,14","4,10,14"
62,5,0.981955419514142,0.196391083902828,-1562.40521677823,-1541.33217628612,FALSE,TRUE,FALSE,"14,4,10,1,2","1,2,3,4,5","4,6,9,10,14","4,10,14","4,10,14"
62,6,0.982017303847089,0.163669550641182,-1562.12292623575,-1536.83527764522,FALSE,FALSE,FALSE,"14,4,10,1,2,3","1,2,3,4,5,6","4,6,9,10,14","4,10,14","4,10,14"
62,7,0.982070260910408,0.14029575155863,-1561.5975436307,-1532.09528694174,FALSE,FALSE,FALSE,"14,4,10,1,2,3,5","1,2,3,4,5,6,7","4,6,9,10,14","4,10,14","4,10,14"
62,8,0.982126906206337,0.122765863275792,-1561.17969059036,-1527.46282580298,FALSE,FALSE,FALSE,"14,4,10,1,2,3,5,6","1,2,3,4,5,6,7,8","4,6,9,10,14","4,10,14","4,10,14"
62,9,0.982153585255909,0.109128176139545,-1559.92659489071,-1521.99512200491,FALSE,FALSE,FALSE,"14,4,10,1,2,3,5,6,7","1,2,3,4,5,6,7,8,9","4,6,9,10,14","4,10,14","4,10,14"
62,10,0.982175768807193,0.0982175768807193,-1558.54849431422,-1516.40241333,FALSE,FALSE,FALSE,"14,4,10,1,2,3,5,6,7,8","1,2,3,4,5,6,7,8,9,10","4,6,9,10,14","4,10,14","4,10,14"
62,11,0.982196984340095,0.0892906349400086,-1557.14398055814,-1510.78329147549,FALSE,FALSE,FALSE,"14,4,10,1,2,3,5,6,7,8,9","1,2,3,4,5,6,7,8,9,10,11","4,6,9,10,14","4,10,14","4,10,14"
62,12,0.982219550198992,0.0818516291832494,-1555.77814762506,-1505.20285044399,FALSE,FALSE,FALSE,"14,4,10,1,2,3,5,6,7,8,9,11","1,2,3,4,5,6,7,8,9,10,11,12","4,6,9,10,14","4,10,14","4,10,14"
62,13,0.982238240848037,0.0755567877575413,-1554.30401957612,-1499.51411429664,FALSE,FALSE,FALSE,"14,4,10,1,2,3,5,6,7,8,9,11,12","1,2,3,4,5,6,7,8,9,10,11,12,13","4,6,9,10,14","4,10,14","4,10,14"
62,14,0.982252713941047,0.0701609081386462,-1552.71160850808,-1493.70709513017,FALSE,FALSE,FALSE,"14,4,10,1,2,3,5,6,7,8,9,11,12,13","1,2,3,4,5,6,7,8,9,10,11,12,13,14","4,6,9,10,14","4,10,14","4,10,14"
62,15,0.982261881660753,0.0654841254440502,-1550.96996035909,-1487.75083888275,FALSE,FALSE,FALSE,"14,4,10,1,2,3,5,6,7,8,9,11,12,13,15","1,2,3,4,5,6,7,8,9,10,11,12,13,14,15","4,6,9,10,14","4,10,14","4,10,14"
62,16,0.982269472024703,0.0613918420015439,-1549.18396243849,-1481.75023286374,FALSE,FALSE,FALSE,"14,4,10,1,2,3,5,6,7,8,9,11,12,13,15,16","1,2,3,4,5,6,7,8,9,10,11,12,13,14,15,17","4,6,9,10,14","4,10,14","4,10,14"
62,17,0.982271212717713,0.0577806595716302,-1547.23305230385,-1475.58471463068,FALSE,FALSE,FALSE,"14,4,10,1,2,3,5,6,7,8,9,11,12,13,15,16,17","1,2,3,4,5,6,7,8,9,10,11,12,13,14,15,17,18","4,6,9,10,14","4,10,14","4,10,14"
62,18,0.982272921151832,0.0545707178417684,-1545.28123711236,-1469.41829134076,FALSE,FALSE,FALSE,"14,4,10,1,2,3,5,6,7,8,9,11,12,13,15,16,17,18","1,2,3,4,5,6,7,8,9,10,11,12,13,14,15,17,18,19","4,6,9,10,14","4,10,14","4,10,14"
62,19,0.982273209764613,0.0516985899876112,-1543.28937762817,-1463.21182375815,TRUE,FALSE,FALSE,"14,4,10,1,2,3,5,6,7,8,9,11,12,13,15,16,17,18,19","1,2,3,4,5,6,7,8,9,10,11,12,13,14,15,17,18,19,20","4,6,9,10,14","4,10,14","4,10,14"
62,20,0.982273391427623,0.0491136695713811,-1541.29450162236,-1457.00233965391,FALSE,FALSE,FALSE,"14,4,10,1,2,3,5,6,7,8,9,11,12,13,15,16,17,18,19,20","1,2,3,4,5,6,7,8,9,10,11,12,13,14,15,17,18,19,20","4,6,9,10,14","4,10,14","4,10,14"
63,1,0.517384870066273,0.517384870066273,288.516996489509,292.731604587931,FALSE,FALSE,FALSE,"9","1","1","1","1,9,18"
63,2,0.841498567909115,0.420749283954558,-266.210941024128,-257.781724827284,FALSE,FALSE,FALSE,"9,1","1,2","1,9","1,9","1,9,18"
63,3,0.989523013939121,0.329841004646374,-1622.50223133911,-1609.85840704384,FALSE,TRUE,TRUE,"9,1,18","1,2,3","1,9,18","1,9,18","1,9,18"
63,4,0.989559582119936,0.247389895529984,-1622.25045105948,-1605.39201866579,FALSE,FALSE,FALSE,"9,1,18,2","1,2,3,4","1,9,18","1,9,18","1,9,18"
63,5,0.989593032588809,0.197918606517762,-1621.85499268966,-1600.78195219755,FALSE,FALSE,FALSE,"9,1,18,2,3","1,2,3,4,5","1,9,18","1,9,18","1,9,18"
63,6,0.989621180355306,0.164936863392551,-1621.20917685537,-1595.92152826484,FALSE,FALSE,FALSE,"9,1,18,2,3,4","1,2,3,4,5,6","1,9,18","1,9,18","1,9,18"
63,7,0.989647055233794,0.141378150747685,-1620.4572564404,-1590.95499975145,FALSE,FALSE,FALSE,"9,1,18,2,3,4,5","1,2,3,4,5,6,7","1,9,18","1,9,18","1,9,18"
63,8,0.989677121626669,0.123709640203334,-1619.91143864468,-1586.1945738573,FALSE,FALSE,FALSE,"9,1,18,2,3,4,5,6","1,2,3,4,5,6,7,8","1,9,18","1,9,18","1,9,18"
63,9,0.989694321591434,0.109966035732382,-1618.74523273572,-1580.81375984992,FALSE,FALSE,FALSE,"9,1,18,2,3,4,5,6,7","1,2,3,4,5,6,7,8,9","1,9,18","1,9,18","1,9,18"
63,10,0.989709718022135,0.0989709718022135,-1617.49277901567,-1575.34669803145,FALSE,FALSE,FALSE,"9,1,18,2,3,4,5,6,7,8","1,2,3,4,5,6,7,8,9,10","1,9,18","1,9,18","1,9,18"
63,11,0.989725851953187,0.0899750774502897,-1616.27733440294,-1569.91664532029,FALSE,FALSE,FALSE,"9,1,18,2,3,4,5,6,7,8,10","1,2,3,4,5,6,7,8,9,10,11","1,9,18","1,9,18","1,9,18"
63,12,0.989736677470744,0.0824780564558954,-1614.80444500889,-1564.22914782782,FALSE,FALSE,FALSE,"9,1,18,2,3,4,5,6,7,8,10,11","1,2,3,4,5,6,7,8,9,10,11,12","1,9,18","1,9,18","1,9,18"
63,13,0.989745505508313,0.0761342696544856,-1613.23470706379,-1558.4448017843,FALSE,FALSE,FALSE,"9,1,18,2,3,4,5,6,7,8,10,11,12","1,2,3,4,5,6,7,8,9,10,11,12,13","1,9,18","1,9,18","1,9,18"
63,14,0.989751332114538,0.070696523722467,-1611.51888792693,-1552.51437454902,FALSE,FALSE,FALSE,"9,1,18,2,3,4,5,6,7,8,10,11,12,13","1,2,3,4,5,6,7,8,9,10,11,12,13,14","1,9,18","1,9,18","1,9,18"
63,15,0.989759663842844,0.0659839775895229,-1609.92553183935,-1546.70641036302,FALSE,FALSE,FALSE,"9,1,18,2,3,4,5,6,7,8,10,11,12,13,14","1,2,3,4,5,6,7,8,9,10,11,12,13,14,15","1,9,18","1,9,18","1,9,18"
63,16,0.989762863995276,0.0618601789997048,-1608.08180857278,-1540.64807899803,FALSE,FALSE,FALSE,"9,1,18,2,3,4,5,6,7,8,10,11,12,13,14,15","1,2,3,4,5,6,7,8,9,10,11,12,13,14,15,17","1,9,18","1,9,18","1,9,18"
63,17,0.989766280401347,0.0582215459059616,-1606.24869979456,-1534.60036212139,FALSE,FALSE,FALSE,"9,1,18,2,3,4,5,6,7,8,10,11,12,13,14,15,16","1,2,3,4,5,6,7,8,9,10,11,12,13,14,15,17,18","1,9,18","1,9,18","1,9,18"
63,18,0.989767993176956,0.0549871107320531,-1604.33238974416,-1528.46944397256,FALSE,FALSE,FALSE,"9,1,18,2,3,4,5,6,7,8,10,11,12,13,14,15,16,17","1,2,3,4,5,6,7,8,9,10,11,12,13,14,15,17,18,19","1,9,18","1,9,18","1,9,18"
63,19,0.989768032181332,0.0520930543253333,-1602.33429574613,-1522.25674187611,TRUE,FALSE,FALSE,"9,1,18,2,3,4,5,6,7,8,10,11,12,13,14,15,16,17,19","1,2,3,4,5,6,7,8,9,10,11,12,13,14,15,17,18,19,20","1,9,18","1,9,18","1,9,18"
63,20,0.98976803416656,0.049488401708328,-1600.33439275721,-1516.04223078877,FALSE,FALSE,FALSE,"9,1,18,2,3,4,5,6,7,8,10,11,12,13,14,15,16,17,19,20","1,2,3,4,5,6,7,8,9,10,11,12,13,14,15,17,18,19,20","1,9,18","1,9,18","1,9,18"
64,1,0.560558317587144,0.560558317587144,368.511579776451,372.726187874874,FALSE,FALSE,FALSE,"11","1","3","6","6,8,11"
64,2,0.929972725741691,0.464986362870845,-547.798529794208,-539.369313597364,FALSE,FALSE,FALSE,"11,6","1,3","3,5","6,8","6,8,11"
64,3,0.991089703526833,0.330363234508944,-1576.63717143909,-1563.99334714382,FALSE,FALSE,TRUE,"11,6,8","1,3,4","3,5,6","6,8,11","6,8,11"
64,4,0.9911465824467,0.247786645611675,-1577.83915466004,-1560.98072226635,FALSE,FALSE,FALSE,"11,6,8,1","1,3,4,5","3,5,6,8","6,8,11","6,8,11"
64,5,0.991200580294208,0.198240116058842,-1578.89804061311,-1557.825000121,FALSE,FALSE,FALSE,"11,6,8,1,2","1,3,4,5,6","3,5,6,8,11","6,8,11","6,8,11"
64,6,0.991228232380497,0.16520470539675,-1578.47175948619,-1553.18411089566,FALSE,FALSE,FALSE,"11,6,8,1,2,3","1,3,4,5,6,7","3,5,6,8,11,12","6,8,11","6,8,11"
64,7,0.991272265869753,0.141610323695679,-1578.98803582483,-1549.48577913588,FALSE,TRUE,FALSE,"11,6,8,1,2,3,4","1,3,4,5,6,7,8","3,5,6,8,11,12,20","6,8,11","6,8,11"
64,8,0.991303780727744,0.123912972590968,-1578.79674660529,-1545.07988181791,FALSE,FALSE,FALSE,"11,6,8,1,2,3,4,5","1,3,4,5,6,7,8,9","3,5,6,8,11,12,20","6,8,11","6,8,11"
64,9,0.991318705909047,0.110146522878783,-1577.65562581668,-1539.72415293088,FALSE,FALSE,FALSE,"11,6,8,1,2,3,4,5,7","1,3,4,5,6,7,8,9,10","3,5,6,8,11,12,20","6,8,11","6,8,11"
64,10,0.99132751765256,0.099132751765256,-1576.16339680824,-1534.01731582402,FALSE,FALSE,FALSE,"11,6,8,1,2,3,4,5,7,9","1,3,4,5,6,7,8,9,10,11","3,5,6,8,11,12,20","6,8,11","6,8,11"
64,11,0.991335055697413,0.0901213686997649,-1574.59818136311,-1528.23749228047,FALSE,FALSE,FALSE,"11,6,8,1,2,3,4,5,7,9,10","1,3,4,5,6,7,8,9,10,11,12","3,5,6,8,11,12,20","6,8,11","6,8,11"
64,12,0.991341310151013,0.0826117758459178,-1572.95921726453,-1522.38392008346,FALSE,FALSE,FALSE,"11,6,8,1,2,3,4,5,7,9,10,12","1,3,4,5,6,7,8,9,10,11,12,13","3,5,6,8,11,12,20","6,8,11","6,8,11"
64,13,0.991346590836942,0.0762574300643802,-1571.26424590889,-1516.47434062941,FALSE,FALSE,FALSE,"11,6,8,1,2,3,4,5,7,9,10,12,13","1,3,4,5,6,7,8,9,10,11,12,13,14","3,5,6,8,11,12,20","6,8,11","6,8,11"
64,14,0.991351089809576,0.0708107921292554,-1569.52426727616,-1510.51975389825,FALSE,FALSE,FALSE,"11,6,8,1,2,3,4,5,7,9,10,12,13,14","1,3,4,5,6,7,8,9,10,11,12,13,14,15","3,5,6,8,11,12,20","6,8,11","6,8,11"
64,15,0.991355198309374,0.0660903465539583,-1567.76183916957,-1504.54271769324,FALSE,FALSE,FALSE,"11,6,8,1,2,3,4,5,7,9,10,12,13,14,15","1,3,4,5,6,7,8,9,10,11,12,13,14,15,16","3,5,6,8,11,12,20","6,8,11","6,8,11"
64,16,0.99135726847192,0.061959829279495,-1565.88158803888,-1498.44785846412,FALSE,FALSE,FALSE,"11,6,8,1,2,3,4,5,7,9,10,12,13,14,15,16","1,3,4,5,6,7,8,9,10,11,12,13,14,15,16,17","3,5,6,8,11,12,20","6,8,11","6,8,11"
64,17,0.991359401547937,0.0583152589145845,-1564.00500615502,-1492.35666848184,FALSE,FALSE,FALSE,"11,6,8,1,2,3,4,5,7,9,10,12,13,14,15,16,17","1,3,4,5,6,7,8,9,10,11,12,13,14,15,16,17,18","3,5,6,8,11,12,20","6,8,11","6,8,11"
64,18,0.991360576458406,0.0550755875810225,-1562.07299857258,-1486.21005280098,FALSE,FALSE,FALSE,"11,6,8,1,2,3,4,5,7,9,10,12,13,14,15,16,17,18","1,3,4,5,6,7,8,9,10,11,12,13,14,15,16,17,18,19","3,5,6,8,11,12,20","6,8,11","6,8,11"
64,19,0.991361004280774,0.052176894962146,-1560.09775907656,-1480.02020520654,TRUE,FALSE,FALSE,"11,6,8,1,2,3,4,5,7,9,10,12,13,14,15,16,17,18,19","1,3,4,5,6,7,8,9,10,11,12,13,14,15,16,17,18,19,20","3,5,6,8,11,12,20","6,8,11","6,8,11"
64,20,0.991361188145942,0.0495680594072971,-1558.10840077207,-1473.81623880363,FALSE,FALSE,FALSE,"11,6,8,1,2,3,4,5,7,9,10,12,13,14,15,16,17,18,19,20","1,3,4,5,6,7,8,9,10,11,12,13,14,15,16,17,18,19,20","3,5,6,8,11,12,20","6,8,11","6,8,11"
65,1,0.754770745524508,0.754770745524508,-13.5716377265233,-9.35702962810111,FALSE,FALSE,FALSE,"15","10","5","10","10,12,15"
65,2,0.883696252761867,0.441848126380934,-384.5657507861,-376.136534589255,TRUE,FALSE,FALSE,"15,12","10,15","5,7","10,12","10,12,15"
65,3,0.990646303834957,0.330215434611652,-1642.78260203559,-1630.13877774032,FALSE,FALSE,TRUE,"15,12,10","10,15","5,7,10","10,12,15","10,12,15"
65,4,0.990704931788355,0.247676232947089,-1643.92641067433,-1627.06797828064,FALSE,FALSE,FALSE,"15,12,10,1","10,15","5,7,10,12","10,12,15","10,12,15"
65,5,0.990742454405623,0.198148490881125,-1643.94891105203,-1622.87587055992,FALSE,TRUE,FALSE,"15,12,10,1,2","10,15","5,7,10,12,15","10,12,15","10,12,15"
65,6,0.990763994578401,0.165127332429733,-1643.11365126333,-1617.82600267279,FALSE,FALSE,FALSE,"15,12,10,1,2,3","10,15","5,7,10,12,15","10,12,15","10,12,15"
65,7,0.990786317192379,0.141540902456054,-1642.32357007568,-1612.82131338673,FALSE,FALSE,FALSE,"15,12,10,1,2,3,4","10,15","5,7,10,12,15","10,12,15","10,12,15"
65,8,0.990795891036483,0.12384948637956,-1640.84338510485,-1607.12652031747,FALSE,FALSE,FALSE,"15,12,10,1,2,3,4,5","10,15","5,7,10,12,15","10,12,15","10,12,15"
65,9,0.990807737852056,0.110089748650228,-1639.48736087263,-1601.55588798683,FALSE,FALSE,FALSE,"15,12,10,1,2,3,4,5,6","10,15","5,7,10,12,15","10,12,15","10,12,15"
65,10,0.990814751685486,0.0990814751685486,-1637.86901396892,-1595.7229329847,FALSE,FALSE,FALSE,"15,12,10,1,2,3,4,5,6,7","10,15","5,7,10,12,15","10,12,15","10,12,15"
65,11,0.990824598617266,0.0900749635106605,-1636.40532030265,-1590.04463122001,FALSE,FALSE,FALSE,"15,12,10,1,2,3,4,5,6,7,8","10,15","5,7,10,12,15","10,12,15","10,12,15"
65,12,0.990830634321647,0.082569219526804,-1634.73433536069,-1584.15903817963,FALSE,FALSE,FALSE,"15,12,10,1,2,3,4,5,6,7,8,9","10,15","5,7,10,12,15","10,12,15","10,12,15"
65,13,0.990836106494058,0.0762181620380044,-1633.03281870824,-1578.24291342875,FALSE,FALSE,FALSE,"15,12,10,1,2,3,4,5,6,7,8,9,11","10,15","5,7,10,12,15","10,12,15","10,12,15"
65,14,0.990839113352554,0.0707742223823253,-1631.19690572582,-1572.19239234791,FALSE,FALSE,FALSE,"15,12,10,1,2,3,4,5,6,7,8,9,11,13","10,15","5,7,10,12,15","10,12,15","10,12,15"
65,15,0.990840603228421,0.066056040215228,-1629.27822956979,-1566.05910809346,FALSE,FALSE,FALSE,"15,12,10,1,2,3,4,5,6,7,8,9,11,13,14","10,15","5,7,10,12,15","10,12,15","10,12,15"
65,16,0.990841169534991,0.061927573095937,-1627.30914449204,-1559.87541491729,FALSE,FALSE,FALSE,"15,12,10,1,2,3,4,5,6,7,8,9,11,13,14,16","10,15","5,7,10,12,15","10,12,15","10,12,15"
65,17,0.990841601198649,0.0582848000705088,-1625.33271048293,-1553.68437280975,FALSE,FALSE,FALSE,"15,12,10,1,2,3,4,5,6,7,8,9,11,13,14,16,17","10,15","5,7,10,12,15","10,12,15","10,12,15"
65,18,0.99084181665376,0.0550467675918756,-1623.34447332762,-1547.48152755602,FALSE,FALSE,FALSE,"15,12,10,1,2,3,4,5,6,7,8,9,11,13,14,16,17,18","10,15","5,7,10,12,15","10,12,15","10,12,15"
65,19,0.990842028006683,0.0521495804214044,-1621.35601248082,-1541.27845861079,FALSE,FALSE,FALSE,"15,12,10,1,2,3,4,5,6,7,8,9,11,13,14,16,17,18,19","10,15","5,7,10,12,15","10,12,15","10,12,15"
65,20,0.99084209808944,0.049542104904472,-1619.3598388206,-1535.06767685216,FALSE,FALSE,FALSE,"15,12,10,1,2,3,4,5,6,7,8,9,11,13,14,16,17,18,19,20","10,15","5,7,10,12,15","10,12,15","10,12,15"
66,1,0.419270287175297,0.419270287175297,-7.30716083259205,-3.09255273416986,FALSE,FALSE,FALSE,"9","1","8","8","8,9,19"
66,2,0.786856636957222,0.393428318478611,-506.467377379021,-498.038161182177,FALSE,FALSE,FALSE,"9,19","1,2","8,9","8,9","8,9,19"
66,3,0.974659768012464,0.324886589337488,-1569.25321507204,-1556.60939077678,FALSE,FALSE,TRUE,"9,19,8","1,2,3","8,9,11","8,9,19","8,9,19"
66,4,0.974796738019628,0.243699184504907,-1569.96316509144,-1553.10473269775,FALSE,FALSE,FALSE,"9,19,8,1","1,2,3,4","8,9,11,15","8,9,19","8,9,19"
66,5,0.974872271051559,0.194974454210312,-1569.46389232216,-1548.39085183005,FALSE,FALSE,FALSE,"9,19,8,1,2","1,2,3,4,5","8,9,11,15,17","8,9,19","8,9,19"
66,6,0.975011148538749,0.162501858089792,-1570.234988066,-1544.94733947546,FALSE,TRUE,FALSE,"9,19,8,1,2,3","1,2,3,4,5,7","8,9,11,15,17,19","8,9,19","8,9,19"
66,7,0.975066743749175,0.139295249107025,-1569.34862761282,-1539.84637092386,FALSE,FALSE,FALSE,"9,19,8,1,2,3,4","1,2,3,4,5,7,8","8,9,11,15,17,19","8,9,19","8,9,19"
66,8,0.975176353985731,0.121897044248216,-1569.55154638133,-1535.83468159395,FALSE,FALSE,FALSE,"9,19,8,1,2,3,4,5","1,2,3,4,5,7,8,9","8,9,11,15,17,19","8,9,19","8,9,19"
66,9,0.975237746828694,0.108359749647633,-1568.789657928,-1530.8581850422,FALSE,FALSE,FALSE,"9,19,8,1,2,3,4,5,6","1,2,3,4,5,7,8,9,10","8,9,11,15,17,19","8,9,19","8,9,19"
66,10,0.975341681639276,0.0975341681639277,-1568.89272878678,-1526.74664780256,FALSE,FALSE,FALSE,"9,19,8,1,2,3,4,5,6,7","1,2,3,4,5,7,8,9,10,11","8,9,11,15,17,19","8,9,19","8,9,19"
66,11,0.975379089503596,0.0886708263185087,-1567.65182896697,-1521.29113988432,FALSE,FALSE,FALSE,"9,19,8,1,2,3,4,5,6,7,10","1,2,3,4,5,7,8,9,10,11,12","8,9,11,15,17,19","8,9,19","8,9,19"
66,12,0.975417309013101,0.0812847757510918,-1566.42859156239,-1515.85329438132,FALSE,FALSE,FALSE,"9,19,8,1,2,3,4,5,6,7,10,11","1,2,3,4,5,7,8,9,10,11,12,13","8,9,11,15,17,19","8,9,19","8,9,19"
66,13,0.975434783686954,0.0750334448989965,-1564.78414433257,-1509.99423905308,FALSE,FALSE,FALSE,"9,19,8,1,2,3,4,5,6,7,10,11,12","1,2,3,4,5,7,8,9,10,11,12,13,14","8,9,11,15,17,19","8,9,19","8,9,19"
66,14,0.975450902872519,0.0696750644908942,-1563.11234165459,-1504.10782827667,FALSE,FALSE,FALSE,"9,19,8,1,2,3,4,5,6,7,10,11,12,13","1,2,3,4,5,7,8,9,10,11,12,13,14,15","8,9,11,15,17,19","8,9,19","8,9,19"
66,15,0.975467216427019,0.0650311477618013,-1561.44471594154,-1498.22559446521,FALSE,FALSE,FALSE,"9,19,8,1,2,3,4,5,6,7,10,11,12,13,14","1,2,3,4,5,7,8,9,10,11,12,13,14,15,16","8,9,11,15,17,19","8,9,19","8,9,19"
66,16,0.97547946397505,0.0609674664984406,-1559.69439421787,-1492.26066464311,FALSE,FALSE,FALSE,"9,19,8,1,2,3,4,5,6,7,10,11,12,13,14,15","1,2,3,4,5,7,8,9,10,11,12,13,14,15,16,17","8,9,11,15,17,19","8,9,19","8,9,19"
66,17,0.975482742975136,0.0573813378220668,-1557.76126101361,-1486.11292334043,FALSE,FALSE,FALSE,"9,19,8,1,2,3,4,5,6,7,10,11,12,13,14,15,16","1,2,3,4,5,7,8,9,10,11,12,13,14,15,16,17,18","8,9,11,15,17,19","8,9,19","8,9,19"
66,18,0.975484859087106,0.054193603282617,-1555.80441843727,-1479.94147266567,FALSE,FALSE,FALSE,"9,19,8,1,2,3,4,5,6,7,10,11,12,13,14,15,16,17","1,2,3,4,5,7,8,9,10,11,12,13,14,15,16,17,18,19","8,9,11,15,17,19","8,9,19","8,9,19"
66,19,0.97548534310393,0.0513413338475753,-1553.81429032836,-1473.73673645834,TRUE,FALSE,FALSE,"9,19,8,1,2,3,4,5,6,7,10,11,12,13,14,15,16,17,18","1,2,3,4,5,7,8,9,10,11,12,13,14,15,16,17,18,19,20","8,9,11,15,17,19","8,9,19","8,9,19"
66,20,0.975485377341452,0.0487742688670726,-1551.81498863603,-1467.52282666759,FALSE,FALSE,FALSE,"9,19,8,1,2,3,4,5,6,7,10,11,12,13,14,15,16,17,18,20","1,2,3,4,5,7,8,9,10,11,12,13,14,15,16,17,18,19,20","8,9,11,15,17,19","8,9,19","8,9,19"
67,1,0.617827198790731,0.617827198790731,-18.9628565709078,-14.7482484724856,FALSE,FALSE,FALSE,"17","9","2","2","2,9,17"
67,2,0.857251291917781,0.428625645958891,-509.356390184174,-500.92717398733,TRUE,FALSE,FALSE,"17,9","9,17","2,6","2,9","2,9,17"
67,3,0.983170559672923,0.327723519890974,-1576.33441274152,-1563.69058844626,FALSE,FALSE,TRUE,"17,9,2","9,17","2,6,9","2,9,17","2,9,17"
67,4,0.983254115408825,0.245813528852206,-1576.82302330889,-1559.9645909152,FALSE,FALSE,FALSE,"17,9,2,1","9,17","2,6,9,10","2,9,17","2,9,17"
67,5,0.983424597310091,0.196684919462018,-1579.93937392874,-1558.86633343663,FALSE,TRUE,FALSE,"17,9,2,1,3","9,17","2,6,9,10,17","2,9,17","2,9,17"
67,6,0.983478811219738,0.16391313520329,-1579.57742654165,-1554.28977795112,FALSE,FALSE,FALSE,"17,9,2,1,3,4","9,17","2,6,9,10,17","2,9,17","2,9,17"
67,7,0.983531542354305,0.140504506050615,-1579.17584256569,-1549.67358587674,FALSE,FALSE,FALSE,"17,9,2,1,3,4,5","9,17","2,6,9,10,17","2,9,17","2,9,17"
67,8,0.983561880088329,0.122945235011041,-1578.0977780835,-1544.38091329612,FALSE,FALSE,FALSE,"17,9,2,1,3,4,5,6","9,17","2,6,9,10,17","2,9,17","2,9,17"
67,9,0.983601484826088,0.109289053869565,-1577.30389304808,-1539.37242016228,FALSE,FALSE,FALSE,"17,9,2,1,3,4,5,6,7","9,17","2,6,9,10,17","2,9,17","2,9,17"
67,10,0.983628100018031,0.0983628100018031,-1576.11606456524,-1533.96998358101,FALSE,FALSE,FALSE,"17,9,2,1,3,4,5,6,7,8","9,17","2,6,9,10,17","2,9,17","2,9,17"
67,11,0.983637630657543,0.0894216027870493,-1574.4072163147,-1528.04652723205,FALSE,FALSE,FALSE,"17,9,2,1,3,4,5,6,7,8,10","9,17","2,6,9,10,17","2,9,17","2,9,17"
67,12,0.983648726971,0.0819707272475833,-1572.7464116191,-1522.17111443804,FALSE,FALSE,FALSE,"17,9,2,1,3,4,5,6,7,8,10,11","9,17","2,6,9,10,17","2,9,17","2,9,17"
67,13,0.983659412122912,0.0756661086248394,-1571.07325603836,-1516.28335075888,FALSE,FALSE,FALSE,"17,9,2,1,3,4,5,6,7,8,10,11,12","9,17","2,6,9,10,17","2,9,17","2,9,17"
67,14,0.983666865523903,0.0702619189659931,-1569.30137210792,-1510.29685873001,FALSE,FALSE,FALSE,"17,9,2,1,3,4,5,6,7,8,10,11,12,13","9,17","2,6,9,10,17","2,9,17","2,9,17"
67,15,0.983674140904175,0.0655782760602783,-1567.52414016034,-1504.30501868401,FALSE,FALSE,FALSE,"17,9,2,1,3,4,5,6,7,8,10,11,12,13,14","9,17","2,6,9,10,17","2,9,17","2,9,17"
67,16,0.983679595071745,0.061479974691984,-1565.69120882144,-1498.25747924668,FALSE,FALSE,FALSE,"17,9,2,1,3,4,5,6,7,8,10,11,12,13,14,15","9,17","2,6,9,10,17","2,9,17","2,9,17"
67,17,0.983681967986257,0.0578636451756622,-1563.76391188994,-1492.11557421676,FALSE,FALSE,FALSE,"17,9,2,1,3,4,5,6,7,8,10,11,12,13,14,15,16","9,17","2,6,9,10,17","2,9,17","2,9,17"
67,18,0.983684112642044,0.0546491173690025,-1561.82963049903,-1485.96668472743,FALSE,FALSE,FALSE,"17,9,2,1,3,4,5,6,7,8,10,11,12,13,14,15,16,18","9,17","2,6,9,10,17","2,9,17","2,9,17"
67,19,0.983684515779965,0.0517728692515771,-1559.84198480413,-1479.76443093411,FALSE,FALSE,FALSE,"17,9,2,1,3,4,5,6,7,8,10,11,12,13,14,15,16,18,19","9,17","2,6,9,10,17","2,9,17","2,9,17"
67,20,0.983684807097582,0.0491842403548791,-1557.85091252623,-1473.55875055779,FALSE,FALSE,FALSE,"17,9,2,1,3,4,5,6,7,8,10,11,12,13,14,15,16,18,19,20","9,17","2,6,9,10,17","2,9,17","2,9,17"
68,1,0.605397801295146,0.605397801295146,-123.100054950638,-118.885446852216,FALSE,FALSE,FALSE,"19","9","5","5","5,9,19"
68,2,0.842837071977925,0.421418535988962,-581.397625053091,-572.968408856246,TRUE,FALSE,FALSE,"19,9","9,19","5,8","5,9","5,9,19"
68,3,0.98123384080626,0.32707794693542,-1642.01153526621,-1629.36771097094,FALSE,FALSE,TRUE,"19,9,5","9,19","5,8,9","5,9,19","5,9,19"
68,4,0.981357231544999,0.24533930788625,-1643.30997748255,-1626.45154508886,FALSE,TRUE,FALSE,"19,9,5,1","9,19","5,8,9,19","5,9,19","5,9,19"
68,5,0.981397990271439,0.196279598054288,-1642.40432532669,-1621.33128483458,FALSE,FALSE,FALSE,"19,9,5,1,2","9,19","5,8,9,19","5,9,19","5,9,19"
68,6,0.98146716857922,0.16357786142987,-1642.26722242452,-1616.97957383399,FALSE,FALSE,FALSE,"19,9,5,1,2,3","9,19","5,8,9,19","5,9,19","5,9,19"
68,7,0.981514241062969,0.140216320151853,-1641.53881349985,-1612.0365568109,FALSE,FALSE,FALSE,"19,9,5,1,2,3,4","9,19","5,8,9,19","5,9,19","5,9,19"
68,8,0.981528059988212,0.122691007498527,-1639.91272546625,-1606.19586067887,FALSE,FALSE,FALSE,"19,9,5,1,2,3,4,6","9,19","5,8,9,19","5,9,19","5,9,19"
68,9,0.981551204330295,0.109061244925588,-1638.53959122845,-1600.60811834265,FALSE,FALSE,FALSE,"19,9,5,1,2,3,4,6,7","9,19","5,8,9,19","5,9,19","5,9,19"
68,10,0.981558802731972,0.0981558802731972,-1636.74556583511,-1594.59948485089,FALSE,FALSE,FALSE,"19,9,5,1,2,3,4,6,7,8","9,19","5,8,9,19","5,9,19","5,9,19"
68,11,0.981563670594034,0.089233060963094,-1634.87756660982,-1588.51687752718,FALSE,FALSE,FALSE,"19,9,5,1,2,3,4,6,7,8,10","9,19","5,8,9,19","5,9,19","5,9,19"
68,12,0.981571424497212,0.081797618708101,-1633.08789953516,-1582.51260235409,FALSE,FALSE,FALSE,"19,9,5,1,2,3,4,6,7,8,10,11","9,19","5,8,9,19","5,9,19","5,9,19"
68,13,0.981575050365743,0.0755057731050571,-1631.18628547054,-1576.39638019105,FALSE,FALSE,FALSE,"19,9,5,1,2,3,4,6,7,8,10,11,12","9,19","5,8,9,19","5,9,19","5,9,19"
68,14,0.981579596641219,0.0701128283315156,-1629.30967349995,-1570.30516012204,FALSE,FALSE,FALSE,"19,9,5,1,2,3,4,6,7,8,10,11,12,13","9,19","5,8,9,19","5,9,19","5,9,19"
68,15,0.981583866925321,0.0654389244616881,-1627.42559873439,-1564.20647725806,FALSE,FALSE,FALSE,"19,9,5,1,2,3,4,6,7,8,10,11,12,13,14","9,19","5,8,9,19","5,9,19","5,9,19"
68,16,0.981585898974756,0.0613491186859222,-1625.48077213978,-1558.04704256503,FALSE,FALSE,FALSE,"19,9,5,1,2,3,4,6,7,8,10,11,12,13,14,15","9,19","5,8,9,19","5,9,19","5,9,19"
68,17,0.981586575246279,0.0577403867791929,-1623.49913534797,-1551.8507976748,FALSE,FALSE,FALSE,"19,9,5,1,2,3,4,6,7,8,10,11,12,13,14,15,16","9,19","5,8,9,19","5,9,19","5,9,19"
68,18,0.981586768631636,0.0545325982573131,-1621.50438658112,-1545.64144080953,FALSE,FALSE,FALSE,"19,9,5,1,2,3,4,6,7,8,10,11,12,13,14,15,16,17","9,19","5,8,9,19","5,9,19","5,9,19"
68,19,0.981586952271226,0.0516624711721698,-1619.50937322637,-1539.43181935635,FALSE,FALSE,FALSE,"19,9,5,1,2,3,4,6,7,8,10,11,12,13,14,15,16,17,18","9,19","5,8,9,19","5,9,19","5,9,19"
68,20,0.981587126179025,0.0490793563089513,-1617.51409565535,-1533.22193368691,FALSE,FALSE,FALSE,"19,9,5,1,2,3,4,6,7,8,10,11,12,13,14,15,16,17,18,20","9,19","5,8,9,19","5,9,19","5,9,19"
69,1,0.66827946334981,0.66827946334981,-234.314852319117,-230.100244220695,FALSE,FALSE,FALSE,"2","2","2","2","2,4,5"
69,2,0.818546146842412,0.409273073421206,-533.960596599295,-525.531380402451,TRUE,FALSE,FALSE,"2,5","2,5","2,4","2,4","2,4,5"
69,3,0.978768815909575,0.326256271969858,-1604.72575672242,-1592.08193242715,FALSE,FALSE,TRUE,"2,5,4","2,5","2,4,5","2,4,5","2,4,5"
69,4,0.97891934881847,0.244729837204617,-1606.28347392004,-1589.42504152635,FALSE,FALSE,FALSE,"2,5,4,1","2,5","2,4,5,11","2,4,5","2,4,5"
69,5,0.979033945452312,0.195806789090462,-1607.00894112614,-1585.93590063403,FALSE,FALSE,FALSE,"2,5,4,1,3","2,5","2,4,5,11,17","2,4,5","2,4,5"
69,6,0.979134082081213,0.163189013680202,-1607.40272784632,-1582.11507925579,FALSE,TRUE,FALSE,"2,5,4,1,3,6","2,5","2,4,5,11,17,20","2,4,5","2,4,5"
69,7,0.979186641768396,0.139883805966914,-1606.66377937838,-1577.16152268942,FALSE,FALSE,FALSE,"2,5,4,1,3,6,7","2,5","2,4,5,11,17,20","2,4,5","2,4,5"
69,8,0.979280602235484,0.122410075279436,-1606.9261052254,-1573.20924043803,FALSE,FALSE,FALSE,"2,5,4,1,3,6,7,8","2,5","2,4,5,11,17,20","2,4,5","2,4,5"
69,9,0.979318566746427,0.108813174082936,-1605.84310424813,-1567.91163136233,FALSE,FALSE,FALSE,"2,5,4,1,3,6,7,8,9","2,5","2,4,5,11,17,20","2,4,5","2,4,5"
69,10,0.97933385751753,0.097933385751753,-1604.21291484835,-1562.06683386413,FALSE,FALSE,FALSE,"2,5,4,1,3,6,7,8,9,10","2,5","2,4,5,11,17,20","2,4,5","2,4,5"
69,11,0.979343437018038,0.0890312215470943,-1602.44473656892,-1556.08404748627,FALSE,FALSE,FALSE,"2,5,4,1,3,6,7,8,9,10,11","2,5","2,4,5,11,17,20","2,4,5","2,4,5"
69,12,0.979351765917871,0.0816126471598226,-1600.64638142711,-1550.07108424604,FALSE,FALSE,FALSE,"2,5,4,1,3,6,7,8,9,10,11,12","2,5","2,4,5,11,17,20","2,4,5","2,4,5"
69,13,0.979359052996309,0.0753353117689468,-1598.82287023898,-1544.03296495949,FALSE,FALSE,FALSE,"2,5,4,1,3,6,7,8,9,10,11,12,13","2,5","2,4,5,11,17,20","2,4,5","2,4,5"
69,14,0.979362440172755,0.0699544600123396,-1596.90492690027,-1537.90041352236,FALSE,FALSE,FALSE,"2,5,4,1,3,6,7,8,9,10,11,12,13,14","2,5","2,4,5,11,17,20","2,4,5","2,4,5"
69,15,0.979365068959593,0.0652910045973062,-1594.96862033835,-1531.74949886201,FALSE,FALSE,FALSE,"2,5,4,1,3,6,7,8,9,10,11,12,13,14,15","2,5","2,4,5,11,17,20","2,4,5","2,4,5"
69,16,0.979365600186414,0.0612103500116509,-1592.98149253206,-1525.54776295731,FALSE,FALSE,FALSE,"2,5,4,1,3,6,7,8,9,10,11,12,13,14,15,16","2,5","2,4,5,11,17,20","2,4,5","2,4,5"
69,17,0.979366142026755,0.0576097730603974,-1590.99462224411,-1519.34628457093,FALSE,FALSE,FALSE,"2,5,4,1,3,6,7,8,9,10,11,12,13,14,15,16,17","2,5","2,4,5,11,17,20","2,4,5","2,4,5"
69,18,0.979366374789942,0.0544092430438857,-1589.00026259746,-1513.13731682586,FALSE,FALSE,FALSE,"2,5,4,1,3,6,7,8,9,10,11,12,13,14,15,16,17,18","2,5","2,4,5,11,17,20","2,4,5","2,4,5"
69,19,0.979366518267592,0.0515456062246101,-1587.00373940165,-1506.92618553163,FALSE,FALSE,FALSE,"2,5,4,1,3,6,7,8,9,10,11,12,13,14,15,16,17,18,19","2,5","2,4,5,11,17,20","2,4,5","2,4,5"
69,20,0.979366520522713,0.0489683260261356,-1585.00379404877,-1500.71163208032,FALSE,FALSE,FALSE,"2,5,4,1,3,6,7,8,9,10,11,12,13,14,15,16,17,18,19,20","2,5","2,4,5,11,17,20","2,4,5","2,4,5"
70,1,0.71693748693817,0.71693748693817,-85.3924864316729,-81.1778783332507,FALSE,FALSE,FALSE,"19","4","4","4","4,19,20"
70,2,0.935614532600784,0.467807266300392,-823.782397091198,-815.353180894353,TRUE,FALSE,FALSE,"19,4","4,19","4,7","4,19","4,19,20"
70,3,0.987822056014546,0.329274018671515,-1654.41314739965,-1641.76932310439,FALSE,FALSE,TRUE,"19,4,20","4,19","4,7,8","4,19,20","4,19,20"
70,4,0.987870951900891,0.246967737975223,-1654.42474768851,-1637.56631529482,FALSE,FALSE,FALSE,"19,4,20,1","4,19","4,7,8,17","4,19,20","4,19,20"
70,5,0.987951547719842,0.197590309543968,-1655.75826505888,-1634.68522456677,FALSE,FALSE,FALSE,"19,4,20,1,2","4,19","4,7,8,17,19","4,19,20","4,19,20"
70,6,0.988011425530795,0.164668570921799,-1656.24933583204,-1630.96168724151,FALSE,TRUE,FALSE,"19,4,20,1,2,3","4,19","4,7,8,17,19,20","4,19,20","4,19,20"
70,7,0.988053193134654,0.141150456162093,-1655.9943527871,-1626.49209609814,FALSE,FALSE,FALSE,"19,4,20,1,2,3,5","4,19","4,7,8,17,19,20","4,19,20","4,19,20"
70,8,0.988086804300079,0.12351085053751,-1655.40303610829,-1621.68617132091,FALSE,FALSE,FALSE,"19,4,20,1,2,3,5,6","4,19","4,7,8,17,19,20","4,19,20","4,19,20"
70,9,0.98810646477164,0.109789607196849,-1654.22887297306,-1616.29740008726,FALSE,FALSE,FALSE,"19,4,20,1,2,3,5,6,7","4,19","4,7,8,17,19,20","4,19,20","4,19,20"
70,10,0.988124705151766,0.0988124705151766,-1652.99628069353,-1610.85019970931,FALSE,FALSE,FALSE,"19,4,20,1,2,3,5,6,7,8","4,19","4,7,8,17,19,20","4,19,20","4,19,20"
70,11,0.988144908952014,0.089831355359274,-1651.84767035142,-1605.48698126877,FALSE,FALSE,FALSE,"19,4,20,1,2,3,5,6,7,8,9","4,19","4,7,8,17,19,20","4,19,20","4,19,20"
70,12,0.988159544073247,0.0823466286727706,-1650.46530214145,-1599.89000496038,FALSE,FALSE,FALSE,"19,4,20,1,2,3,5,6,7,8,9,10","4,19","4,7,8,17,19,20","4,19,20","4,19,20"
70,13,0.988165009930393,0.0760126930715687,-1648.69616821444,-1593.90626293495,FALSE,FALSE,FALSE,"19,4,20,1,2,3,5,6,7,8,9,10,11","4,19","4,7,8,17,19,20","4,19,20","4,19,20"
70,14,0.988169227147542,0.0705835162248245,-1646.874367295,-1587.86985391709,FALSE,FALSE,FALSE,"19,4,20,1,2,3,5,6,7,8,9,10,11,12","4,19","4,7,8,17,19,20","4,19,20","4,19,20"
70,15,0.98817346692573,0.065878231128382,-1645.05358373859,-1581.83446226225,FALSE,FALSE,FALSE,"19,4,20,1,2,3,5,6,7,8,9,10,11,12,13","4,19","4,7,8,17,19,20","4,19,20","4,19,20"
70,16,0.988177298235602,0.0617610811397251,-1643.21558939886,-1575.78185982411,FALSE,FALSE,FALSE,"19,4,20,1,2,3,5,6,7,8,9,10,11,12,13,14","4,19","4,7,8,17,19,20","4,19,20","4,19,20"
70,17,0.988180815526042,0.0581282832662377,-1641.3643630809,-1569.71602540772,FALSE,FALSE,FALSE,"19,4,20,1,2,3,5,6,7,8,9,10,11,12,13,14,15","4,19","4,7,8,17,19,20","4,19,20","4,19,20"
70,18,0.988184502368295,0.0548991390204608,-1639.5203559674,-1563.6574101958,FALSE,FALSE,FALSE,"19,4,20,1,2,3,5,6,7,8,9,10,11,12,13,14,15,16","4,19","4,7,8,17,19,20","4,19,20","4,19,20"
70,19,0.988186730569231,0.0520098279246964,-1637.61465631481,-1557.53710244479,FALSE,FALSE,FALSE,"19,4,20,1,2,3,5,6,7,8,9,10,11,12,13,14,15,16,17","4,19","4,7,8,17,19,20","4,19,20","4,19,20"
70,20,0.988187177314881,0.049409358865744,-1635.63356530948,-1551.34140334103,FALSE,FALSE,FALSE,"19,4,20,1,2,3,5,6,7,8,9,10,11,12,13,14,15,16,17,18","4,19","4,7,8,17,19,20","4,19,20","4,19,20"
71,1,0.548220653277246,0.548220653277246,135.037980097798,139.252588196221,FALSE,FALSE,FALSE,"4","1","3","3","4,10,12"
71,2,0.868210375610336,0.434105187805168,-478.955516445171,-470.526300248327,FALSE,FALSE,FALSE,"4,10","1,2","3,4","3,4","4,10,12"
71,3,0.98576769754877,0.328589232516257,-1589.80186392281,-1577.15803962754,FALSE,FALSE,FALSE,"4,10,12","1,2,3","3,4,10","3,4,10","4,10,12"
71,4,0.98596293597418,0.246490733993545,-1594.7083338575,-1577.84990146381,FALSE,FALSE,TRUE,"4,10,12,1","1,2,3,4","3,4,10,11","3,4,10,12","4,10,12"
71,5,0.986090370699496,0.197218074139899,-1597.26828687538,-1576.19524638326,FALSE,FALSE,FALSE,"4,10,12,1,2","1,2,3,4,5","3,4,10,11,12","3,4,10,12","4,10,12"
71,6,0.986135307322352,0.164355884553725,-1596.88620799333,-1571.5985594028,FALSE,FALSE,FALSE,"4,10,12,1,2,3","1,2,3,4,5,6","3,4,10,11,12,14","3,4,10,12","4,10,12"
71,7,0.986209811287607,0.14088711589823,-1597.58027651794,-1568.07801982898,FALSE,TRUE,FALSE,"4,10,12,1,2,3,5","1,2,3,4,5,6,7","3,4,10,11,12,14,16","3,4,10,12","4,10,12"
71,8,0.986249792765271,0.123281224095659,-1597.03201692968,-1563.31515214231,FALSE,FALSE,FALSE,"4,10,12,1,2,3,5,6","1,2,3,4,5,6,7,8","3,4,10,11,12,14,16","3,4,10,12","4,10,12"
71,9,0.986298116290482,0.109588679587831,-1596.79230452386,-1558.86083163806,FALSE,FALSE,FALSE,"4,10,12,1,2,3,5,6,7","1,2,3,4,5,6,7,8,9","3,4,10,11,12,14,16","3,4,10,12","4,10,12"
71,10,0.986318979493326,0.0986318979493326,-1595.55421081094,-1553.40812982672,FALSE,FALSE,FALSE,"4,10,12,1,2,3,5,6,7,8","1,2,3,4,5,6,7,8,9,10","3,4,10,11,12,14,16","3,4,10,12","4,10,12"
71,11,0.986339813732435,0.0896672557938577,-1594.3162197198,-1547.95553063715,FALSE,FALSE,FALSE,"4,10,12,1,2,3,5,6,7,8,9","1,2,3,4,5,6,7,8,9,10,11","3,4,10,11,12,14,16","3,4,10,12","4,10,12"
71,12,0.986356262427348,0.082196355202279,-1592.91864950242,-1542.34335232136,FALSE,FALSE,FALSE,"4,10,12,1,2,3,5,6,7,8,9,11","1,2,3,4,5,6,7,8,9,10,11,12","3,4,10,11,12,14,16","3,4,10,12","4,10,12"
71,13,0.986375477530129,0.0758750367330868,-1591.62331881138,-1536.8334135319,FALSE,FALSE,FALSE,"4,10,12,1,2,3,5,6,7,8,9,11,13","1,2,3,4,5,6,7,8,9,10,11,12,13","3,4,10,11,12,14,16","3,4,10,12","4,10,12"
71,14,0.986383402342659,0.0704559573101899,-1589.91423242715,-1530.90971904924,FALSE,FALSE,FALSE,"4,10,12,1,2,3,5,6,7,8,9,11,13,14","1,2,3,4,5,6,7,8,9,10,11,12,13,14","3,4,10,11,12,14,16","3,4,10,12","4,10,12"
71,15,0.986390316881128,0.0657593544587419,-1588.16819802293,-1524.9490765466,FALSE,FALSE,FALSE,"4,10,12,1,2,3,5,6,7,8,9,11,13,14,15","1,2,3,4,5,6,7,8,9,10,11,12,13,14,15","3,4,10,11,12,14,16","3,4,10,12","4,10,12"
71,16,0.986392167958002,0.0616495104973752,-1586.23620852521,-1518.80247895045,FALSE,FALSE,FALSE,"4,10,12,1,2,3,5,6,7,8,9,11,13,14,15,16","1,2,3,4,5,6,7,8,9,10,11,12,13,14,15,16","3,4,10,11,12,14,16","3,4,10,12","4,10,12"
71,17,0.986394477270929,0.0580232045453488,-1584.32106807124,-1512.67273039806,FALSE,FALSE,FALSE,"4,10,12,1,2,3,5,6,7,8,9,11,13,14,15,16,17","1,2,3,4,5,6,7,8,9,10,11,12,13,14,15,16,17","3,4,10,11,12,14,16","3,4,10,12","4,10,12"
71,18,0.986396180849441,0.054799787824969,-1582.38367813077,-1506.52073235917,FALSE,FALSE,FALSE,"4,10,12,1,2,3,5,6,7,8,9,11,13,14,15,16,17,18","1,2,3,4,5,6,7,8,9,10,11,12,13,14,15,16,17,18","3,4,10,11,12,14,16","3,4,10,12","4,10,12"
71,19,0.986396536940104,0.0519156072073739,-1580.39676619521,-1500.31921232519,TRUE,FALSE,FALSE,"4,10,12,1,2,3,5,6,7,8,9,11,13,14,15,16,17,18,19","1,2,3,4,5,6,7,8,9,10,11,12,13,14,15,16,17,18,20","3,4,10,11,12,14,16","3,4,10,12","4,10,12"
71,20,0.986396701550114,0.0493198350775057,-1578.40281652979,-1494.11065456134,FALSE,FALSE,FALSE,"4,10,12,1,2,3,5,6,7,8,9,11,13,14,15,16,17,18,19,20","1,2,3,4,5,6,7,8,9,10,11,12,13,14,15,16,17,18,20","3,4,10,11,12,14,16","3,4,10,12","4,10,12"
72,1,0.831648028008427,0.831648028008427,241.221953468947,245.436561567369,FALSE,FALSE,FALSE,"14","14","6","6","11,14,15"
72,2,0.955739510349699,0.47786975517485,-424.760277318567,-416.331061121722,TRUE,FALSE,FALSE,"14,15","14,15","6,11","6,11","11,14,15"
72,3,0.996380538382373,0.332126846127458,-1674.64383093876,-1662.0000066435,FALSE,FALSE,FALSE,"14,15,11","14,15","6,11,13","6,11,13","11,14,15"
72,4,0.996435755114545,0.249108938778636,-1680.33036707405,-1663.47193468036,FALSE,FALSE,FALSE,"14,15,11,1","14,15","6,11,13,14","6,11,13,14","11,14,15"
72,5,0.996483365853895,0.199296673170779,-1685.05431429209,-1663.98127379998,FALSE,TRUE,TRUE,"14,15,11,1,2","14,15","6,11,13,14,15","6,11,13,14,15","11,14,15"
72,6,0.996491318963932,0.166081886493989,-1684.18637929249,-1658.89873070196,FALSE,FALSE,FALSE,"14,15,11,1,2,3","14,15","6,11,13,14,15","6,11,13,14,15","11,14,15"
72,7,0.996497397101345,0.142356771014478,-1683.05328740689,-1653.55103071793,FALSE,FALSE,FALSE,"14,15,11,1,2,3,4","14,15","6,11,13,14,15","6,11,13,14,15","11,14,15"
72,8,0.996505197433633,0.124563149679204,-1682.16803423095,-1648.45116944357,FALSE,FALSE,FALSE,"14,15,11,1,2,3,4,5","14,15","6,11,13,14,15","6,11,13,14,15","11,14,15"
72,9,0.99650991599913,0.110723323999903,-1680.84357365018,-1642.91210076438,FALSE,FALSE,FALSE,"14,15,11,1,2,3,4,5,6","14,15","6,11,13,14,15","6,11,13,14,15","11,14,15"
72,10,0.996513376970599,0.0996513376970599,-1679.33964891,-1637.19356792578,FALSE,FALSE,FALSE,"14,15,11,1,2,3,4,5,6,7","14,15","6,11,13,14,15","6,11,13,14,15","11,14,15"
72,11,0.996516029798895,0.0905923663453541,-1677.7202231792,-1631.35953409656,FALSE,FALSE,FALSE,"14,15,11,1,2,3,4,5,6,7,8","14,15","6,11,13,14,15","6,11,13,14,15","11,14,15"
72,12,0.996519132727995,0.0830432610606662,-1676.16573670575,-1625.59043952468,FALSE,FALSE,FALSE,"14,15,11,1,2,3,4,5,6,7,8,9","14,15","6,11,13,14,15","6,11,13,14,15","11,14,15"
72,13,0.996520819350291,0.07665544764233,-1674.40806583166,-1619.61816055217,FALSE,FALSE,FALSE,"14,15,11,1,2,3,4,5,6,7,8,9,10","14,15","6,11,13,14,15","6,11,13,14,15","11,14,15"
72,14,0.996522280563586,0.071180162897399,-1672.61810382259,-1613.61359044468,FALSE,FALSE,FALSE,"14,15,11,1,2,3,4,5,6,7,8,9,10,12","14,15","6,11,13,14,15","6,11,13,14,15","11,14,15"
72,15,0.996523372656502,0.0664348915104335,-1670.77514127833,-1607.55601980199,FALSE,FALSE,FALSE,"14,15,11,1,2,3,4,5,6,7,8,9,10,12,13","14,15","6,11,13,14,15","6,11,13,14,15","11,14,15"
72,16,0.996524192633522,0.0622827620395951,-1668.89308226707,-1601.45935269231,FALSE,FALSE,FALSE,"14,15,11,1,2,3,4,5,6,7,8,9,10,12,13,16","14,15","6,11,13,14,15","6,11,13,14,15","11,14,15"
72,17,0.996524699436508,0.0586190999668534,-1666.96599193733,-1595.31765426415,FALSE,FALSE,FALSE,"14,15,11,1,2,3,4,5,6,7,8,9,10,12,13,16,17","14,15","6,11,13,14,15","6,11,13,14,15","11,14,15"
72,18,0.996525101209338,0.055362505622741,-1665.02379931956,-1589.16085354796,FALSE,FALSE,FALSE,"14,15,11,1,2,3,4,5,6,7,8,9,10,12,13,16,17,18","14,15","6,11,13,14,15","6,11,13,14,15","11,14,15"
72,19,0.996525412568632,0.0524487059246648,-1663.06860252995,-1582.99104865992,FALSE,FALSE,FALSE,"14,15,11,1,2,3,4,5,6,7,8,9,10,12,13,16,17,18,19","14,15","6,11,13,14,15","6,11,13,14,15","11,14,15"
72,20,0.996525636831057,0.0498262818415529,-1661.10087537787,-1576.80871340942,FALSE,FALSE,FALSE,"14,15,11,1,2,3,4,5,6,7,8,9,10,12,13,16,17,18,19,20","14,15","6,11,13,14,15","6,11,13,14,15","11,14,15"
73,1,0.551717129979068,0.551717129979068,135.126191195476,139.340799293898,FALSE,FALSE,FALSE,"8","1","1","1","1,8,20"
73,2,0.863528642407113,0.431764321203556,-457.528649472666,-449.099433275822,FALSE,FALSE,FALSE,"8,1","1,2","1,8","1,8","1,8,20"
73,3,0.987290225423605,0.329096741807868,-1642.40035397424,-1629.75652967898,FALSE,FALSE,TRUE,"8,1,20","1,2,3","1,8,9","1,8,20","1,8,20"
73,4,0.987390871590612,0.246847717897653,-1644.37551424069,-1627.517081847,FALSE,FALSE,FALSE,"8,1,20,2","1,2,3,4","1,8,9,12","1,8,20","1,8,20"
73,5,0.987449109059222,0.197489821811844,-1644.6902013563,-1623.61716086419,FALSE,FALSE,FALSE,"8,1,20,2,3","1,2,3,4,5","1,8,9,12,13","1,8,20","1,8,20"
73,6,0.987508517278131,0.164584752879689,-1645.06251362816,-1619.77486503763,FALSE,FALSE,FALSE,"8,1,20,2,3,4","1,2,3,4,5,6","1,8,9,12,13,16","1,8,20","1,8,20"
73,7,0.98756754229266,0.14108107747038,-1645.43072362457,-1615.92846693561,FALSE,TRUE,FALSE,"8,1,20,2,3,4,5","1,2,3,4,5,6,7","1,8,9,12,13,16,20","1,8,20","1,8,20"
73,8,0.987599993904069,0.123449999238009,-1644.73754642472,-1611.02068163734,FALSE,FALSE,FALSE,"8,1,20,2,3,4,5,6","1,2,3,4,5,6,7,8","1,8,9,12,13,16,20","1,8,20","1,8,20"
73,9,0.987631054886066,0.10973678387623,-1643.99157603689,-1606.06010315109,FALSE,FALSE,FALSE,"8,1,20,2,3,4,5,6,7","1,2,3,4,5,6,7,8,9","1,8,9,12,13,16,20","1,8,20","1,8,20"
73,10,0.987654240256519,0.0987654240256519,-1642.92969677871,-1600.78361579449,FALSE,FALSE,FALSE,"8,1,20,2,3,4,5,6,7,9","1,2,3,4,5,6,7,8,9,10","1,8,9,12,13,16,20","1,8,20","1,8,20"
73,11,0.987677685700278,0.0897888805182071,-1641.88013380016,-1595.51944471752,FALSE,FALSE,FALSE,"8,1,20,2,3,4,5,6,7,9,10","1,2,3,4,5,6,7,8,9,10,11","1,8,9,12,13,16,20","1,8,20","1,8,20"
73,12,0.987698355077493,0.0823081962564578,-1640.71953504686,-1590.14423786579,FALSE,FALSE,FALSE,"8,1,20,2,3,4,5,6,7,9,10,11","1,2,3,4,5,6,7,8,9,10,11,12","1,8,9,12,13,16,20","1,8,20","1,8,20"
73,13,0.987712051444526,0.0759778501111174,-1639.27653361868,-1584.48662833919,FALSE,FALSE,FALSE,"8,1,20,2,3,4,5,6,7,9,10,11,12","1,2,3,4,5,6,7,8,9,10,11,12,13","1,8,9,12,13,16,20","1,8,20","1,8,20"
73,14,0.987732167026828,0.0705522976447734,-1638.09571287298,-1579.09119949507,FALSE,FALSE,FALSE,"8,1,20,2,3,4,5,6,7,9,10,11,12,13","1,2,3,4,5,6,7,8,9,10,11,12,13,14","1,8,9,12,13,16,20","1,8,20","1,8,20"
73,15,0.987743238096108,0.0658495492064072,-1636.54714010707,-1573.32801863074,FALSE,FALSE,FALSE,"8,1,20,2,3,4,5,6,7,9,10,11,12,13,14","1,2,3,4,5,6,7,8,9,10,11,12,13,14,15","1,8,9,12,13,16,20","1,8,20","1,8,20"
73,16,0.987744944041358,0.0617340590025849,-1634.61673695467,-1567.18300737992,FALSE,FALSE,FALSE,"8,1,20,2,3,4,5,6,7,9,10,11,12,13,14,15","1,2,3,4,5,6,7,8,9,10,11,12,13,14,15,16","1,8,9,12,13,16,20","1,8,20","1,8,20"
73,17,0.987745864704941,0.0581026979238201,-1632.65430096787,-1561.0059632947,FALSE,FALSE,FALSE,"8,1,20,2,3,4,5,6,7,9,10,11,12,13,14,15,16","1,2,3,4,5,6,7,8,9,10,11,12,13,14,15,16,17","1,8,9,12,13,16,20","1,8,20","1,8,20"
73,18,0.987746278223684,0.0548747932346491,-1630.67117387284,-1554.80822810124,FALSE,FALSE,FALSE,"8,1,20,2,3,4,5,6,7,9,10,11,12,13,14,15,16,17","1,2,3,4,5,6,7,8,9,10,11,12,13,14,15,16,17,19","1,8,9,12,13,16,20","1,8,20","1,8,20"
73,19,0.98774659261994,0.0519866627694706,-1628.6840026401,-1548.60644877008,TRUE,FALSE,FALSE,"8,1,20,2,3,4,5,6,7,9,10,11,12,13,14,15,16,17,18","1,2,3,4,5,6,7,8,9,10,11,12,13,14,15,16,17,19,20","1,8,9,12,13,16,20","1,8,20","1,8,20"
73,20,0.987746669947994,0.0493873334973997,-1626.68715801947,-1542.39499605103,FALSE,FALSE,FALSE,"8,1,20,2,3,4,5,6,7,9,10,11,12,13,14,15,16,17,18,19","1,2,3,4,5,6,7,8,9,10,11,12,13,14,15,16,17,19,20","1,8,9,12,13,16,20","1,8,20","1,8,20"
74,1,0.524075177326059,0.524075177326059,225.67991589786,229.894523996282,FALSE,FALSE,FALSE,"14","1","1","4","4,14,20"
74,2,0.85813842993361,0.429069214966805,-377.524175486765,-369.094959289921,FALSE,FALSE,FALSE,"14,20","1,2","1,4","4,14","4,14,20"
74,3,0.987825748522239,0.329275249507413,-1603.28844379549,-1590.64461950023,FALSE,FALSE,FALSE,"14,20,4","1,2,3","1,4,5","4,14,18","4,14,20"
74,4,0.98810340651749,0.247025851629373,-1612.82398862044,-1595.96555622675,FALSE,FALSE,TRUE,"14,20,4,1","1,2,3,4","1,4,5,14","4,14,18,20","4,14,20"
74,5,0.988179456798765,0.197635891359753,-1614.03055368519,-1592.95751319308,FALSE,FALSE,FALSE,"14,20,4,1,2","1,2,3,4,5","1,4,5,14,16","4,14,18,20","4,14,20"
74,6,0.988287685414222,0.164714614235704,-1616.62962871044,-1591.34198011991,FALSE,FALSE,FALSE,"14,20,4,1,2,3","1,2,3,4,5,6","1,4,5,14,16,18","4,14,18,20","4,14,20"
74,7,0.988372220981587,0.141196031568798,-1618.25154807601,-1588.74929138706,FALSE,TRUE,FALSE,"14,20,4,1,2,3,5","1,2,3,4,5,6,7","1,4,5,14,16,18,20","4,14,18,20","4,14,20"
74,8,0.988402985643664,0.123550373205458,-1617.57619624723,-1583.85933145985,FALSE,FALSE,FALSE,"14,20,4,1,2,3,5,6","1,2,3,4,5,6,7,8","1,4,5,14,16,18,20","4,14,18,20","4,14,20"
74,9,0.98845656682234,0.109828507424704,-1617.8916775859,-1579.9602047001,FALSE,FALSE,FALSE,"14,20,4,1,2,3,5,6,7","1,2,3,4,5,6,7,8,9","1,4,5,14,16,18,20","4,14,18,20","4,14,20"
74,10,0.988491743321363,0.0988491743321363,-1617.41766229883,-1575.27158131461,FALSE,FALSE,FALSE,"14,20,4,1,2,3,5,6,7,8","1,2,3,4,5,6,7,8,9,10","1,4,5,14,16,18,20","4,14,18,20","4,14,20"
74,11,0.988522349132561,0.0898656681029601,-1616.74916636165,-1570.38847727901,FALSE,FALSE,FALSE,"14,20,4,1,2,3,5,6,7,8,9","1,2,3,4,5,6,7,8,9,10,11","1,4,5,14,16,18,20","4,14,18,20","4,14,20"
74,12,0.988548870977389,0.0823790725814491,-1615.90587233481,-1565.33057515374,FALSE,FALSE,FALSE,"14,20,4,1,2,3,5,6,7,8,9,10","1,2,3,4,5,6,7,8,9,10,11,12","1,4,5,14,16,18,20","4,14,18,20","4,14,20"
74,13,0.988563761919912,0.0760433663015317,-1614.5564908423,-1559.76658556281,FALSE,FALSE,FALSE,"14,20,4,1,2,3,5,6,7,8,9,10,11","1,2,3,4,5,6,7,8,9,10,11,12,14","1,4,5,14,16,18,20","4,14,18,20","4,14,20"
74,14,0.988578214579841,0.0706127296128458,-1613.1887704379,-1554.18425705999,FALSE,FALSE,FALSE,"14,20,4,1,2,3,5,6,7,8,9,10,11,12","1,2,3,4,5,6,7,8,9,10,11,12,14,15","1,4,5,14,16,18,20","4,14,18,20","4,14,20"
74,15,0.988593056237942,0.0659062037491961,-1611.83890124778,-1548.61977977144,FALSE,FALSE,FALSE,"14,20,4,1,2,3,5,6,7,8,9,10,11,12,13","1,2,3,4,5,6,7,8,9,10,11,12,14,15,16","1,4,5,14,16,18,20","4,14,18,20","4,14,20"
74,16,0.988600866431104,0.061787554151944,-1610.18136230999,-1542.74763273524,FALSE,FALSE,FALSE,"14,20,4,1,2,3,5,6,7,8,9,10,11,12,13,15","1,2,3,4,5,6,7,8,9,10,11,12,14,15,16,17","1,4,5,14,16,18,20","4,14,18,20","4,14,20"
74,17,0.988604383596332,0.0581531990350784,-1608.33565947314,-1536.68732179996,FALSE,FALSE,FALSE,"14,20,4,1,2,3,5,6,7,8,9,10,11,12,13,15,16","1,2,3,4,5,6,7,8,9,10,11,12,14,15,16,17,18","1,4,5,14,16,18,20","4,14,18,20","4,14,20"
74,18,0.98860624522445,0.0549225691791361,-1606.4173479106,-1530.554402139,FALSE,FALSE,FALSE,"14,20,4,1,2,3,5,6,7,8,9,10,11,12,13,15,16,17","1,2,3,4,5,6,7,8,9,10,11,12,14,15,16,17,18,19","1,4,5,14,16,18,20","4,14,18,20","4,14,20"
74,19,0.988607038419861,0.052031949390519,-1604.45215746364,-1524.37460359362,TRUE,FALSE,FALSE,"14,20,4,1,2,3,5,6,7,8,9,10,11,12,13,15,16,17,18","1,2,3,4,5,6,7,8,9,10,11,12,14,15,16,17,18,19,20","1,4,5,14,16,18,20","4,14,18,20","4,14,20"
74,20,0.988607062752279,0.0494303531376139,-1602.45322533538,-1518.16106336693,FALSE,FALSE,FALSE,"14,20,4,1,2,3,5,6,7,8,9,10,11,12,13,15,16,17,18,19","1,2,3,4,5,6,7,8,9,10,11,12,14,15,16,17,18,19,20","1,4,5,14,16,18,20","4,14,18,20","4,14,20"
75,1,0.806923934071417,0.806923934071417,40.2868101079155,44.5014182063377,FALSE,FALSE,FALSE,"19","16","3","13","15,16,19"
75,2,0.93511522904234,0.46755761452117,-502.948836407782,-494.519620210938,TRUE,FALSE,FALSE,"19,16","16,19","3,6","13,15","15,16,19"
75,3,0.993313473201005,0.331104491067002,-1637.20801938826,-1624.564195093,FALSE,FALSE,FALSE,"19,16,15","16,19","3,6,10","13,15,16","15,16,19"
75,4,0.993462046071362,0.24836551151784,-1646.44317672671,-1629.58474433302,FALSE,FALSE,TRUE,"19,16,15,1","16,19","3,6,10,11","13,15,16,19","15,16,19"
75,5,0.993499255421187,0.198699851084237,-1647.29694704855,-1626.22390655644,FALSE,FALSE,FALSE,"19,16,15,1,2","16,19","3,6,10,11,13","13,15,16,19","15,16,19"
75,6,0.993550264328915,0.165591710721486,-1649.23573314208,-1623.94808455155,FALSE,FALSE,FALSE,"19,16,15,1,2,3","16,19","3,6,10,11,13,15","13,15,16,19","15,16,19"
75,7,0.993587508973299,0.141941072710471,-1650.13140193696,-1620.62914524801,FALSE,FALSE,FALSE,"19,16,15,1,2,3,4","16,19","3,6,10,11,13,15,16","13,15,16,19","15,16,19"
75,8,0.993618810012635,0.124202351251579,-1650.5780083324,-1616.86114354502,FALSE,TRUE,FALSE,"19,16,15,1,2,3,4,5","16,19","3,6,10,11,13,15,16,19","13,15,16,19","15,16,19"
75,9,0.993636482153658,0.110404053572629,-1649.96463504682,-1612.03316216102,FALSE,FALSE,FALSE,"19,16,15,1,2,3,4,5,6","16,19","3,6,10,11,13,15,16,19","13,15,16,19","15,16,19"
75,10,0.993650801175359,0.0993650801175359,-1649.09098971408,-1606.94490872986,FALSE,FALSE,FALSE,"19,16,15,1,2,3,4,5,6,7","16,19","3,6,10,11,13,15,16,19","13,15,16,19","15,16,19"
75,11,0.993661886639026,0.090332898785366,-1647.96473399702,-1601.60404491438,FALSE,FALSE,FALSE,"19,16,15,1,2,3,4,5,6,7,8","16,19","3,6,10,11,13,15,16,19","13,15,16,19","15,16,19"
75,12,0.99366620643977,0.0828055172033142,-1646.30562988097,-1595.7303326999,FALSE,FALSE,FALSE,"19,16,15,1,2,3,4,5,6,7,8,9","16,19","3,6,10,11,13,15,16,19","13,15,16,19","15,16,19"
75,13,0.993672539751326,0.0764363492116405,-1644.80584195952,-1590.01593668003,FALSE,FALSE,FALSE,"19,16,15,1,2,3,4,5,6,7,8,9,10","16,19","3,6,10,11,13,15,16,19","13,15,16,19","15,16,19"
75,14,0.993674327472495,0.0709767376766068,-1642.94712880227,-1583.94261542436,FALSE,FALSE,FALSE,"19,16,15,1,2,3,4,5,6,7,8,9,10,11","16,19","3,6,10,11,13,15,16,19","13,15,16,19","15,16,19"
75,15,0.993676902688132,0.0662451268458755,-1641.1507229624,-1577.93160148606,FALSE,FALSE,FALSE,"19,16,15,1,2,3,4,5,6,7,8,9,10,11,12","16,19","3,6,10,11,13,15,16,19","13,15,16,19","15,16,19"
75,16,0.993677835366987,0.0621048647104367,-1639.22448014207,-1571.79075056732,FALSE,FALSE,FALSE,"19,16,15,1,2,3,4,5,6,7,8,9,10,11,12,13","16,19","3,6,10,11,13,15,16,19","13,15,16,19","15,16,19"
75,17,0.99367804154759,0.0584516495027994,-1637.24078657958,-1565.5924489064,FALSE,FALSE,FALSE,"19,16,15,1,2,3,4,5,6,7,8,9,10,11,12,13,14","16,19","3,6,10,11,13,15,16,19","13,15,16,19","15,16,19"
75,18,0.993678123483363,0.0552043401935202,-1635.24726687394,-1559.38432110234,FALSE,FALSE,FALSE,"19,16,15,1,2,3,4,5,6,7,8,9,10,11,12,13,14,17","16,19","3,6,10,11,13,15,16,19","13,15,16,19","15,16,19"
75,19,0.9936781997346,0.0522988526176105,-1633.25329765424,-1553.17574378422,FALSE,FALSE,FALSE,"19,16,15,1,2,3,4,5,6,7,8,9,10,11,12,13,14,17,18","16,19","3,6,10,11,13,15,16,19","13,15,16,19","15,16,19"
75,20,0.993678216255631,0.0496839108127816,-1631.25460432738,-1546.96244235894,FALSE,FALSE,FALSE,"19,16,15,1,2,3,4,5,6,7,8,9,10,11,12,13,14,17,18,20","16,19","3,6,10,11,13,15,16,19","13,15,16,19","15,16,19"
76,1,0.507211959633718,0.507211959633718,370.266051885276,374.480659983698,FALSE,FALSE,FALSE,"14","1","1","2","2,8,14"
76,2,0.83368630383738,0.41684315191869,-170.83564922285,-162.406433026005,FALSE,FALSE,FALSE,"14,8","1,2","1,2","2,8","2,8,14"
76,3,0.990477076694576,0.330159025564859,-1598.92258392629,-1586.27875963102,FALSE,FALSE,TRUE,"14,8,2","1,2,3","1,2,8","2,8,14","2,8,14"
76,4,0.990523874315548,0.247630968578887,-1599.38574487925,-1582.52731248556,FALSE,TRUE,FALSE,"14,8,2,1","1,2,3,4","1,2,8,14","2,8,14","2,8,14"
76,5,0.990546563021568,0.198109312604314,-1598.58433130667,-1577.51129081456,FALSE,FALSE,FALSE,"14,8,2,1,3","1,2,3,4,5","1,2,8,14","2,8,14","2,8,14"
76,6,0.990586872038071,0.165097812006345,-1598.72086638679,-1573.43321779626,FALSE,FALSE,FALSE,"14,8,2,1,3,4","1,2,3,4,5,6","1,2,8,14","2,8,14","2,8,14"
76,7,0.990614595234745,0.141516370747821,-1598.19562067612,-1568.69336398716,FALSE,FALSE,FALSE,"14,8,2,1,3,4,5","1,2,3,4,5,6,7","1,2,8,14","2,8,14","2,8,14"
76,8,0.990629409610463,0.123828676201308,-1596.98546833159,-1563.26860354421,FALSE,FALSE,FALSE,"14,8,2,1,3,4,5,6","1,2,3,4,5,6,7,8","1,2,8,14","2,8,14","2,8,14"
76,9,0.990639631151378,0.110071070127931,-1595.53117139997,-1557.59969851417,FALSE,FALSE,FALSE,"14,8,2,1,3,4,5,6,7","1,2,3,4,5,6,7,8,9","1,2,8,14","2,8,14","2,8,14"
76,10,0.990645702716887,0.0990645702716887,-1593.85559961466,-1551.70951863044,FALSE,FALSE,FALSE,"14,8,2,1,3,4,5,6,7,9","1,2,3,4,5,6,7,8,9,10","1,2,8,14","2,8,14","2,8,14"
76,11,0.990651524433199,0.0900592294939272,-1592.16687519645,-1545.80618611381,FALSE,FALSE,FALSE,"14,8,2,1,3,4,5,6,7,9,10","1,2,3,4,5,6,7,8,9,10,11","1,2,8,14","2,8,14","2,8,14"
76,12,0.990656196837874,0.0825546830698229,-1590.4168396251,-1539.84154244403,FALSE,FALSE,FALSE,"14,8,2,1,3,4,5,6,7,9,10,11","1,2,3,4,5,6,7,8,9,10,11,12","1,2,8,14","2,8,14","2,8,14"
76,13,0.990657966272703,0.0762044589440541,-1588.51153352853,-1533.72162824904,FALSE,FALSE,FALSE,"14,8,2,1,3,4,5,6,7,9,10,11,12","1,2,3,4,5,6,7,8,9,10,11,12,14","1,2,8,14","2,8,14","2,8,14"
76,14,0.990660779044774,0.0707614842174839,-1586.66210007988,-1527.65758670197,FALSE,FALSE,FALSE,"14,8,2,1,3,4,5,6,7,9,10,11,12,13","1,2,3,4,5,6,7,8,9,10,11,12,14,15","1,2,8,14","2,8,14","2,8,14"
76,15,0.990662199831576,0.0660441466554384,-1584.73817146169,-1521.51904998536,FALSE,FALSE,FALSE,"14,8,2,1,3,4,5,6,7,9,10,11,12,13,15","1,2,3,4,5,6,7,8,9,10,11,12,14,15,16","1,2,8,14","2,8,14","2,8,14"
76,16,0.990662870601568,0.061916429412598,-1582.77408966902,-1515.34036009427,FALSE,FALSE,FALSE,"14,8,2,1,3,4,5,6,7,9,10,11,12,13,15,16","1,2,3,4,5,6,7,8,9,10,11,12,14,15,16,17","1,2,8,14","2,8,14","2,8,14"
76,17,0.990663584016635,0.0582743284715668,-1580.81229425483,-1509.16395658165,FALSE,FALSE,FALSE,"14,8,2,1,3,4,5,6,7,9,10,11,12,13,15,16,17","1,2,3,4,5,6,7,8,9,10,11,12,14,15,16,17,18","1,2,8,14","2,8,14","2,8,14"
76,18,0.990663810178204,0.0550368783432336,-1578.82440619957,-1502.96146042797,FALSE,FALSE,FALSE,"14,8,2,1,3,4,5,6,7,9,10,11,12,13,15,16,17,18","1,2,3,4,5,6,7,8,9,10,11,12,14,15,16,17,18,19","1,2,8,14","2,8,14","2,8,14"
76,19,0.990663831693382,0.0521402016680727,-1576.82555844705,-1496.74800457703,TRUE,FALSE,FALSE,"14,8,2,1,3,4,5,6,7,9,10,11,12,13,15,16,17,18,19","1,2,3,4,5,6,7,8,9,10,11,12,14,15,16,17,18,19,20","1,2,8,14","2,8,14","2,8,14"
76,20,0.990663833268938,0.0495331916634469,-1574.82564282621,-1490.53348085776,FALSE,FALSE,FALSE,"14,8,2,1,3,4,5,6,7,9,10,11,12,13,15,16,17,18,19,20","1,2,3,4,5,6,7,8,9,10,11,12,14,15,16,17,18,19,20","1,2,8,14","2,8,14","2,8,14"
77,1,0.572356644157412,0.572356644157412,222.710081599959,226.924689698381,FALSE,FALSE,FALSE,"3","1","3","3","3,9,17"
77,2,0.865575673641194,0.432787836820597,-353.933996432402,-345.504780235558,FALSE,FALSE,FALSE,"3,9","1,2","3,8","3,9","3,9,17"
77,3,0.98986045596708,0.32995348532236,-1644.21318714226,-1631.56936284699,FALSE,FALSE,TRUE,"3,9,17","1,2,3","3,8,9","3,9,17","3,9,17"
77,4,0.989941467174711,0.247485366793678,-1646.22404632498,-1629.36561393129,FALSE,FALSE,FALSE,"3,9,17,1","1,2,3,4","3,8,9,17","3,9,17","3,9,17"
77,5,0.990011008519493,0.198002201703899,-1647.69288480333,-1626.61984431122,FALSE,TRUE,FALSE,"3,9,17,1,2","1,2,3,4,5","3,8,9,17,19","3,9,17","3,9,17"
77,6,0.990045305430932,0.165007550905155,-1647.4125741909,-1622.12492560036,FALSE,FALSE,FALSE,"3,9,17,1,2,4","1,2,3,4,5,6","3,8,9,17,19","3,9,17","3,9,17"
77,7,0.990065138210698,0.141437876887243,-1646.40971992818,-1616.90746323923,FALSE,FALSE,FALSE,"3,9,17,1,2,4,5","1,2,3,4,5,6,7","3,8,9,17,19","3,9,17","3,9,17"
77,8,0.990082770814039,0.123760346351755,-1645.2979189597,-1611.58105417232,FALSE,FALSE,FALSE,"3,9,17,1,2,4,5,6","1,2,3,4,5,6,7,8","3,8,9,17,19","3,9,17","3,9,17"
77,9,0.990088444738576,0.110009827193175,-1643.58406482542,-1605.65259193962,FALSE,FALSE,FALSE,"3,9,17,1,2,4,5,6,7","1,2,3,4,5,6,7,8,9","3,8,9,17,19","3,9,17","3,9,17"
77,10,0.990095754290957,0.0990095754290957,-1641.95293978148,-1599.80685879726,FALSE,FALSE,FALSE,"3,9,17,1,2,4,5,6,7,8","1,2,3,4,5,6,7,8,9,10","3,8,9,17,19","3,9,17","3,9,17"
77,11,0.990101730110947,0.0900092481919043,-1640.25471054098,-1593.89402145834,FALSE,FALSE,FALSE,"3,9,17,1,2,4,5,6,7,8,10","1,2,3,4,5,6,7,8,9,10,11","3,8,9,17,19","3,9,17","3,9,17"
77,12,0.990105931544347,0.0825088276286956,-1638.46698629078,-1587.89168910972,FALSE,FALSE,FALSE,"3,9,17,1,2,4,5,6,7,8,10,11","1,2,3,4,5,6,7,8,9,10,11,12","3,8,9,17,19","3,9,17","3,9,17"
77,13,0.990112548820584,0.0761625037554296,-1636.8015043969,-1582.01159911741,FALSE,FALSE,FALSE,"3,9,17,1,2,4,5,6,7,8,10,11,12","1,2,3,4,5,6,7,8,9,10,11,12,13","3,8,9,17,19","3,9,17","3,9,17"
77,14,0.990118149155291,0.0707227249396636,-1635.08478879661,-1576.0802754187,FALSE,FALSE,FALSE,"3,9,17,1,2,4,5,6,7,8,10,11,12,13","1,2,3,4,5,6,7,8,9,10,11,12,13,14","3,8,9,17,19","3,9,17","3,9,17"
77,15,0.990120860366137,0.0660080573577425,-1633.22198894688,-1570.00286747055,FALSE,FALSE,FALSE,"3,9,17,1,2,4,5,6,7,8,10,11,12,13,14","1,2,3,4,5,6,7,8,9,10,11,12,13,14,15","3,8,9,17,19","3,9,17","3,9,17"
77,16,0.990124629494946,0.0618827893434341,-1631.4127873432,-1563.97905776845,FALSE,FALSE,FALSE,"3,9,17,1,2,4,5,6,7,8,10,11,12,13,14,15","1,2,3,4,5,6,7,8,9,10,11,12,13,14,15,16","3,8,9,17,19","3,9,17","3,9,17"
77,17,0.990126413542286,0.0582427302083698,-1629.50312362517,-1557.85478595199,FALSE,FALSE,FALSE,"3,9,17,1,2,4,5,6,7,8,10,11,12,13,14,15,16","1,2,3,4,5,6,7,8,9,10,11,12,13,14,15,16,17","3,8,9,17,19","3,9,17","3,9,17"
77,18,0.990127585935947,0.0550070881075526,-1627.56249735311,-1551.69955158151,FALSE,FALSE,FALSE,"3,9,17,1,2,4,5,6,7,8,10,11,12,13,14,15,16,18","1,2,3,4,5,6,7,8,9,10,11,12,13,14,15,16,17,18","3,8,9,17,19","3,9,17","3,9,17"
77,19,0.990127971542665,0.0521119985022455,-1625.5820272394,-1545.50447336938,TRUE,FALSE,FALSE,"3,9,17,1,2,4,5,6,7,8,10,11,12,13,14,15,16,18,19","1,2,3,4,5,6,7,8,9,10,11,12,13,14,15,16,17,18,19","3,8,9,17,19","3,9,17","3,9,17"
77,20,0.99012820872443,0.0495064104362215,-1623.59404020185,-1539.3018782334,FALSE,FALSE,FALSE,"3,9,17,1,2,4,5,6,7,8,10,11,12,13,14,15,16,18,19,20","1,2,3,4,5,6,7,8,9,10,11,12,13,14,15,16,17,18,19","3,8,9,17,19","3,9,17","3,9,17"
78,1,0.556684352698566,0.556684352698566,416.650956521512,420.865564619935,FALSE,FALSE,FALSE,"4","1","1","4","4,12,13"
78,2,0.897512225582507,0.448756112791254,-313.618303957398,-305.189087760553,FALSE,FALSE,FALSE,"4,13","1,2","1,4","4,12","4,12,13"
78,3,0.99277163245534,0.330923877485113,-1637.48345192385,-1624.83962762858,FALSE,FALSE,TRUE,"4,13,12","1,2,3","1,4,12","4,12,13","4,12,13"
78,4,0.992852122775319,0.24821303069383,-1641.08235221598,-1624.22391982229,FALSE,FALSE,FALSE,"4,13,12,1","1,2,3,4","1,4,12,13","4,12,13","4,12,13"
78,5,0.992892188691212,0.198578437738242,-1641.89288088979,-1620.81984039768,FALSE,TRUE,FALSE,"4,13,12,1,2","1,2,3,4,5","1,4,12,13,18","4,12,13","4,12,13"
78,6,0.992916143372857,0.165486023895476,-1641.58082232862,-1616.29317373808,FALSE,FALSE,FALSE,"4,13,12,1,2,3","1,2,3,4,5,7","1,4,12,13,18","4,12,13","4,12,13"
78,7,0.992935179474995,0.141847882782142,-1640.92625649316,-1611.42399980421,FALSE,FALSE,FALSE,"4,13,12,1,2,3,5","1,2,3,4,5,7,8","1,4,12,13,18","4,12,13","4,12,13"
78,8,0.992945490054733,0.124118186256842,-1639.65650227872,-1605.93963749135,FALSE,FALSE,FALSE,"4,13,12,1,2,3,5,6","1,2,3,4,5,7,8,9","1,4,12,13,18","4,12,13","4,12,13"
78,9,0.992952674682056,0.110328074964673,-1638.1659840455,-1600.2345111597,FALSE,FALSE,FALSE,"4,13,12,1,2,3,5,6,7","1,2,3,4,5,7,8,9,10","1,4,12,13,18","4,12,13","4,12,13"
78,10,0.99295892696208,0.099295892696208,-1636.6097733448,-1594.46369236058,FALSE,FALSE,FALSE,"4,13,12,1,2,3,5,6,7,8","1,2,3,4,5,7,8,9,10,11","1,4,12,13,18","4,12,13","4,12,13"
78,11,0.992963855977449,0.0902694414524954,-1634.95991467952,-1588.59922559687,FALSE,FALSE,FALSE,"4,13,12,1,2,3,5,6,7,8,9","1,2,3,4,5,7,8,9,10,11,12","1,4,12,13,18","4,12,13","4,12,13"
78,12,0.992969206323297,0.0827474338602748,-1633.34026370931,-1582.76496652825,FALSE,FALSE,FALSE,"4,13,12,1,2,3,5,6,7,8,9,10","1,2,3,4,5,7,8,9,10,11,12,13","1,4,12,13,18","4,12,13","4,12,13"
78,13,0.992970125041862,0.0763823173109125,-1631.40560331656,-1576.61569803707,FALSE,FALSE,FALSE,"4,13,12,1,2,3,5,6,7,8,9,10,11","1,2,3,4,5,7,8,9,10,11,12,13,14","1,4,12,13,18","4,12,13","4,12,13"
78,14,0.992972640301706,0.0709266171644076,-1629.58453323641,-1570.5800198585,FALSE,FALSE,FALSE,"4,13,12,1,2,3,5,6,7,8,9,10,11,14","1,2,3,4,5,7,8,9,10,11,12,13,14,15","1,4,12,13,18","4,12,13","4,12,13"
78,15,0.992973557321516,0.0661982371547678,-1627.64978389152,-1564.43066241519,FALSE,FALSE,FALSE,"4,13,12,1,2,3,5,6,7,8,9,10,11,14,15","1,2,3,4,5,7,8,9,10,11,12,13,14,15,16","1,4,12,13,18","4,12,13","4,12,13"
78,16,0.992974488608984,0.0620609055380615,-1625.71605847971,-1558.28232890495,FALSE,FALSE,FALSE,"4,13,12,1,2,3,5,6,7,8,9,10,11,14,15,16","1,2,3,4,5,7,8,9,10,11,12,13,14,15,16,17","1,4,12,13,18","4,12,13","4,12,13"
78,17,0.992975304719541,0.0584103120423259,-1623.77414378596,-1552.12580611278,FALSE,FALSE,FALSE,"4,13,12,1,2,3,5,6,7,8,9,10,11,14,15,16,17","1,2,3,4,5,7,8,9,10,11,12,13,14,15,16,17,18","1,4,12,13,18","4,12,13","4,12,13"
78,18,0.992976077973033,0.0551653376651685,-1621.82918503849,-1545.96623926689,FALSE,FALSE,FALSE,"4,13,12,1,2,3,5,6,7,8,9,10,11,14,15,16,17,18","1,2,3,4,5,7,8,9,10,11,12,13,14,15,16,17,18,19","1,4,12,13,18","4,12,13","4,12,13"
78,19,0.992976545808316,0.0522619234635956,-1619.86248914281,-1539.78493527279,TRUE,FALSE,FALSE,"4,13,12,1,2,3,5,6,7,8,9,10,11,14,15,16,17,18,19","1,2,3,4,5,7,8,9,10,11,12,13,14,15,16,17,18,19,20","1,4,12,13,18","4,12,13","4,12,13"
78,20,0.992976800577654,0.0496488400288827,-1617.88062651173,-1533.58846454329,FALSE,FALSE,FALSE,"4,13,12,1,2,3,5,6,7,8,9,10,11,14,15,16,17,18,19,20","1,2,3,4,5,7,8,9,10,11,12,13,14,15,16,17,18,19,20","1,4,12,13,18","4,12,13","4,12,13"
79,1,0.555367622757239,0.555367622757239,-7.96819684450637,-3.75358874608418,FALSE,FALSE,FALSE,"7","2","1","2","2,7,9"
79,2,0.738414468456574,0.369207234228287,-271.211452688931,-262.782236492086,TRUE,FALSE,FALSE,"7,9","2,7","1,2","2,7","2,7,9"
79,3,0.98236214143467,0.32745404714489,-1617.56828459471,-1604.92446029944,FALSE,FALSE,TRUE,"7,9,2","2,7","1,2,7","2,7,9","2,7,9"
79,4,0.982487402486689,0.245621850621672,-1619.13186800808,-1602.27343561439,FALSE,FALSE,FALSE,"7,9,2,1","2,7","1,2,7,9","2,7,9","2,7,9"
79,5,0.982611662724773,0.196522332544955,-1620.69225296313,-1599.61921247102,FALSE,FALSE,FALSE,"7,9,2,1,3","2,7","1,2,7,9,12","2,7,9","2,7,9"
79,6,0.982732220617534,0.163788703436256,-1622.17095717736,-1596.88330858683,FALSE,FALSE,FALSE,"7,9,2,1,3,4","2,7","1,2,7,9,12,15","2,7,9","2,7,9"
79,7,0.982787424347747,0.14039820347825,-1621.77197831898,-1592.26972163002,FALSE,FALSE,FALSE,"7,9,2,1,3,4,5","2,7","1,2,7,9,12,15,17","2,7,9","2,7,9"
79,8,0.982889410807575,0.122861176350947,-1622.74334650241,-1589.02648171503,FALSE,TRUE,FALSE,"7,9,2,1,3,4,5,6","2,7","1,2,7,9,12,15,17,20","2,7,9","2,7,9"
79,9,0.982940336161326,0.109215592906814,-1622.23368932805,-1584.30221644225,FALSE,FALSE,FALSE,"7,9,2,1,3,4,5,6,8","2,7","1,2,7,9,12,15,17,20","2,7,9","2,7,9"
79,10,0.982986041970971,0.0982986041970971,-1621.57507408708,-1579.42899310285,FALSE,FALSE,FALSE,"7,9,2,1,3,4,5,6,8,10","2,7","1,2,7,9,12,15,17,20","2,7,9","2,7,9"
79,11,0.98301503378835,0.0893650030716682,-1620.4278017852,-1574.06711270255,FALSE,FALSE,FALSE,"7,9,2,1,3,4,5,6,8,10,11","2,7","1,2,7,9,12,15,17,20","2,7,9","2,7,9"
79,12,0.983038018685309,0.0819198348904424,-1619.1048847675,-1568.52958758644,FALSE,FALSE,FALSE,"7,9,2,1,3,4,5,6,8,10,11,12","2,7","1,2,7,9,12,15,17,20","2,7,9","2,7,9"
79,13,0.983057896263272,0.0756198381740978,-1617.69117341708,-1562.90126813759,FALSE,FALSE,FALSE,"7,9,2,1,3,4,5,6,8,10,11,12,13","2,7","1,2,7,9,12,15,17,20","2,7,9","2,7,9"
79,14,0.983077214789969,0.0702198010564264,-1616.26163236125,-1557.25711898334,FALSE,FALSE,FALSE,"7,9,2,1,3,4,5,6,8,10,11,12,13,14","2,7","1,2,7,9,12,15,17,20","2,7,9","2,7,9"
79,15,0.983083710111991,0.065538914007466,-1614.45357974996,-1551.23445827362,FALSE,FALSE,FALSE,"7,9,2,1,3,4,5,6,8,10,11,12,13,14,15","2,7","1,2,7,9,12,15,17,20","2,7,9","2,7,9"
79,16,0.983086781195689,0.0614429238247306,-1612.5443609592,-1545.11063138444,FALSE,FALSE,FALSE,"7,9,2,1,3,4,5,6,8,10,11,12,13,14,15,16","2,7","1,2,7,9,12,15,17,20","2,7,9","2,7,9"
79,17,0.983090632475908,0.0578288607338769,-1610.65822807148,-1539.0098903983,FALSE,FALSE,FALSE,"7,9,2,1,3,4,5,6,8,10,11,12,13,14,15,16,17","2,7","1,2,7,9,12,15,17,20","2,7,9","2,7,9"
79,18,0.98309173793912,0.0546162076632845,-1608.69091703361,-1532.82797126201,FALSE,FALSE,FALSE,"7,9,2,1,3,4,5,6,8,10,11,12,13,14,15,16,17,18","2,7","1,2,7,9,12,15,17,20","2,7,9","2,7,9"
79,19,0.983091964543599,0.0517416823443999,-1606.69761807705,-1526.62006420703,FALSE,FALSE,FALSE,"7,9,2,1,3,4,5,6,8,10,11,12,13,14,15,16,17,18,19","2,7","1,2,7,9,12,15,17,20","2,7,9","2,7,9"
79,20,0.983092093640141,0.049154604682007,-1604.70143570079,-1520.40927373234,FALSE,FALSE,FALSE,"7,9,2,1,3,4,5,6,8,10,11,12,13,14,15,16,17,18,19,20","2,7","1,2,7,9,12,15,17,20","2,7,9","2,7,9"
80,1,0.442036788816491,0.442036788816491,-522.27849878256,-518.063890684138,FALSE,FALSE,FALSE,"8","8","7","7","7,8,14"
80,2,0.702401387419897,0.351200693709949,-834.552193537733,-826.122977340889,TRUE,FALSE,FALSE,"8,7","8,14","7,8","7,8","7,8,14"
80,3,0.935141770267114,0.311713923422371,-1594.32311057633,-1581.67928628106,FALSE,FALSE,TRUE,"8,7,14","8,14","7,8,14","7,8,14","7,8,14"
80,4,0.935682695584387,0.233920673896097,-1596.51065648152,-1579.65222408783,FALSE,TRUE,FALSE,"8,7,14,1","8,14","7,8,14,19","7,8,14","7,8,14"
80,5,0.935854839366295,0.187170967873259,-1595.85068903407,-1574.77764854196,FALSE,FALSE,FALSE,"8,7,14,1,2","8,14","7,8,14,19","7,8,14","7,8,14"
80,6,0.936139077265972,0.156023179544329,-1596.07119574249,-1570.78354715196,FALSE,FALSE,FALSE,"8,7,14,1,2,3","8,14","7,8,14,19","7,8,14","7,8,14"
80,7,0.936290235924952,0.133755747989279,-1595.25609748992,-1565.75384080097,FALSE,FALSE,FALSE,"8,7,14,1,2,3,4","8,14","7,8,14,19","7,8,14","7,8,14"
80,8,0.93639252421285,0.117049065526606,-1594.05951036643,-1560.34264557905,FALSE,FALSE,FALSE,"8,7,14,1,2,3,4,5","8,14","7,8,14,19","7,8,14","7,8,14"
80,9,0.936516381883355,0.104057375764817,-1593.03406889695,-1555.10259601115,FALSE,FALSE,FALSE,"8,7,14,1,2,3,4,5,6","8,14","7,8,14,19","7,8,14","7,8,14"
80,10,0.936610994981757,0.0936610994981757,-1591.77980200786,-1549.63372102364,FALSE,FALSE,FALSE,"8,7,14,1,2,3,4,5,6,9","8,14","7,8,14,19","7,8,14","7,8,14"
80,11,0.936700975655578,0.0851546341505071,-1590.49005608163,-1544.12936699898,FALSE,FALSE,FALSE,"8,7,14,1,2,3,4,5,6,9,10","8,14","7,8,14,19","7,8,14","7,8,14"
80,12,0.936779671149228,0.078064972595769,-1589.11205976574,-1538.53676258467,FALSE,FALSE,FALSE,"8,7,14,1,2,3,4,5,6,9,10,11","8,14","7,8,14,19","7,8,14","7,8,14"
80,13,0.936858275138355,0.0720660211644888,-1587.73411359405,-1532.94420831456,FALSE,FALSE,FALSE,"8,7,14,1,2,3,4,5,6,9,10,11,12","8,14","7,8,14,19","7,8,14","7,8,14"
80,14,0.936897470382243,0.0669212478844459,-1586.04458511063,-1527.04007173272,FALSE,FALSE,FALSE,"8,7,14,1,2,3,4,5,6,9,10,11,12,13","8,14","7,8,14,19","7,8,14","7,8,14"
80,15,0.936925213010372,0.0624616808673581,-1584.26445528477,-1521.04533380844,FALSE,FALSE,FALSE,"8,7,14,1,2,3,4,5,6,9,10,11,12,13,15","8,14","7,8,14,19","7,8,14","7,8,14"
80,16,0.93693991621067,0.0585587447631669,-1582.38102257718,-1514.94729300243,FALSE,FALSE,FALSE,"8,7,14,1,2,3,4,5,6,9,10,11,12,13,15,16","8,14","7,8,14,19","7,8,14","7,8,14"
80,17,0.936950125029381,0.0551147132370224,-1580.46197430244,-1508.81363662926,FALSE,FALSE,FALSE,"8,7,14,1,2,3,4,5,6,9,10,11,12,13,15,16,17","8,14","7,8,14,19","7,8,14","7,8,14"
80,18,0.93695743152101,0.0520531906400561,-1578.51991981794,-1502.65697404634,FALSE,FALSE,FALSE,"8,7,14,1,2,3,4,5,6,9,10,11,12,13,15,16,17,18","8,14","7,8,14,19","7,8,14","7,8,14"
80,19,0.936965538432877,0.0493139757069935,-1576.58422107786,-1496.50666720784,FALSE,FALSE,FALSE,"8,7,14,1,2,3,4,5,6,9,10,11,12,13,15,16,17,18,19","8,14","7,8,14,19","7,8,14","7,8,14"
80,20,0.936966170277497,0.0468483085138749,-1574.58923300127,-1490.29707103282,FALSE,FALSE,FALSE,"8,7,14,1,2,3,4,5,6,9,10,11,12,13,15,16,17,18,19,20","8,14","7,8,14,19","7,8,14","7,8,14"
81,1,0.572430163266462,0.572430163266462,-6.77685781622844,-2.56224971780625,FALSE,FALSE,FALSE,"14","5","5","5","5,12,14"
81,2,0.686313412652632,0.343156706326316,-159.638496734608,-151.209280537764,TRUE,FALSE,FALSE,"14,12","5,14","5,12","5,12","5,12,14"
81,3,0.982373193042926,0.327457731014309,-1597.12524280856,-1584.4814185133,FALSE,FALSE,FALSE,"14,12,5","5,14","5,12,14","5,12,14","5,12,14"
81,4,0.982492607982615,0.245623151995654,-1598.52407935541,-1581.66564696172,FALSE,FALSE,FALSE,"14,12,5,1","5,14","5,12,14,16","5,12,14,17","5,12,14"
81,5,0.98293800872778,0.196587601745556,-1609.4090472472,-1588.33600675508,FALSE,FALSE,TRUE,"14,12,5,1,2","5,14","5,12,14,16,17","5,12,14,17,18","5,12,14"
81,6,0.983011583796442,0.163835263966074,-1609.56981972019,-1584.28217112966,FALSE,TRUE,FALSE,"14,12,5,1,2,3","5,14","5,12,14,16,17,18","5,12,14,17,18","5,12,14"
81,7,0.983072121233644,0.140438874461949,-1609.35472876008,-1579.85247207112,FALSE,FALSE,FALSE,"14,12,5,1,2,3,4","5,14","5,12,14,16,17,18","5,12,14,17,18","5,12,14"
81,8,0.983110337638434,0.122888792204804,-1608.48480563094,-1574.76794084357,FALSE,FALSE,FALSE,"14,12,5,1,2,3,4,6","5,14","5,12,14,16,17,18","5,12,14,17,18","5,12,14"
81,9,0.983154820606771,0.109239424511863,-1607.8034125016,-1569.8719396158,FALSE,FALSE,FALSE,"14,12,5,1,2,3,4,6,7","5,14","5,12,14,16,17,18","5,12,14,17,18","5,12,14"
81,10,0.983190317764759,0.0983190317764759,-1606.85815376137,-1564.71207277715,FALSE,FALSE,FALSE,"14,12,5,1,2,3,4,6,7,8","5,14","5,12,14,16,17,18","5,12,14,17,18","5,12,14"
81,11,0.98321076254228,0.0893827965947527,-1605.46664892224,-1559.10595983959,FALSE,FALSE,FALSE,"14,12,5,1,2,3,4,6,7,8,9","5,14","5,12,14,16,17,18","5,12,14,17,18","5,12,14"
81,12,0.98322777649442,0.0819356480412017,-1603.97359805705,-1553.39830087598,FALSE,FALSE,FALSE,"14,12,5,1,2,3,4,6,7,8,9,10","5,14","5,12,14,16,17,18","5,12,14,17,18","5,12,14"
81,13,0.983244130243437,0.0756341638648798,-1602.46136066812,-1547.67145538863,FALSE,FALSE,FALSE,"14,12,5,1,2,3,4,6,7,8,9,10,11","5,14","5,12,14,16,17,18","5,12,14,17,18","5,12,14"
81,14,0.983257292324868,0.0702326637374906,-1600.8542753265,-1541.84976194859,FALSE,FALSE,FALSE,"14,12,5,1,2,3,4,6,7,8,9,10,11,13","5,14","5,12,14,16,17,18","5,12,14,17,18","5,12,14"
81,15,0.983268270433865,0.0655512180289243,-1599.18223033623,-1535.9631088599,FALSE,FALSE,FALSE,"14,12,5,1,2,3,4,6,7,8,9,10,11,13,15","5,14","5,12,14,16,17,18","5,12,14,17,18","5,12,14"
81,16,0.98327436826394,0.0614546480164962,-1597.36448709243,-1529.93075751768,FALSE,FALSE,FALSE,"14,12,5,1,2,3,4,6,7,8,9,10,11,13,15,16","5,14","5,12,14,16,17,18","5,12,14,17,18","5,12,14"
81,17,0.983279022563209,0.0578399425037182,-1595.50364318072,-1523.85530550755,FALSE,FALSE,FALSE,"14,12,5,1,2,3,4,6,7,8,9,10,11,13,15,16,17","5,14","5,12,14,16,17,18","5,12,14,17,18","5,12,14"
81,18,0.983283088186872,0.054626838232604,-1593.62523051099,-1517.76228473939,FALSE,FALSE,FALSE,"14,12,5,1,2,3,4,6,7,8,9,10,11,13,15,16,17,18","5,14","5,12,14,16,17,18","5,12,14,17,18","5,12,14"
81,19,0.9832838992607,0.0517517841716158,-1591.64949018028,-1511.57193631026,FALSE,FALSE,FALSE,"14,12,5,1,2,3,4,6,7,8,9,10,11,13,15,16,17,18,19","5,14","5,12,14,16,17,18","5,12,14,17,18","5,12,14"
81,20,0.983284100270876,0.0491642050135438,-1589.65550268845,-1505.36334072001,FALSE,FALSE,FALSE,"14,12,5,1,2,3,4,6,7,8,9,10,11,13,15,16,17,18,19,20","5,14","5,12,14,16,17,18","5,12,14,17,18","5,12,14"
82,1,0.572743981918606,0.572743981918606,167.417126406443,171.631734504865,FALSE,FALSE,FALSE,"10","1","6","10","10,13,15"
82,2,0.878693603672196,0.439346801836098,-460.114804335193,-451.685588138348,FALSE,FALSE,FALSE,"10,13","1,3","6,7","10,13","10,13,15"
82,3,0.988252530338055,0.329417510112685,-1625.45564261216,-1612.8118183169,FALSE,FALSE,TRUE,"10,13,15","1,3,4","6,7,8","10,13,15","10,13,15"
82,4,0.988353066868012,0.247088266717003,-1627.75312991106,-1610.89469751738,FALSE,FALSE,FALSE,"10,13,15,1","1,3,4,5","6,7,8,10","10,13,15","10,13,15"
82,5,0.988430754517754,0.197686150903551,-1629.09941445707,-1608.02637396496,FALSE,FALSE,FALSE,"10,13,15,1,2","1,3,4,5,6","6,7,8,10,13","10,13,15","10,13,15"
82,6,0.988520860064308,0.164753476677385,-1631.00884255651,-1605.72119396598,FALSE,FALSE,FALSE,"10,13,15,1,2,3","1,3,4,5,6,7","6,7,8,10,13,15","10,13,15","10,13,15"
82,7,0.988566793691448,0.141223827670207,-1631.01359965066,-1601.5113429617,FALSE,FALSE,FALSE,"10,13,15,1,2,3,4","1,3,4,5,6,7,8","6,7,8,10,13,15,16","10,13,15","10,13,15"
82,8,0.988622934266612,0.123577866783326,-1631.47480170989,-1597.75793692251,FALSE,TRUE,FALSE,"10,13,15,1,2,3,4,5","1,3,4,5,6,7,8,9","6,7,8,10,13,15,16,19","10,13,15","10,13,15"
82,9,0.988662888354172,0.109851432039352,-1631.23379690044,-1593.30232401464,FALSE,FALSE,FALSE,"10,13,15,1,2,3,4,5,6","1,3,4,5,6,7,8,9,10","6,7,8,10,13,15,16,19","10,13,15","10,13,15"
82,10,0.988705405593393,0.0988705405593393,-1631.1124572693,-1588.96637628507,FALSE,FALSE,FALSE,"10,13,15,1,2,3,4,5,6,7","1,3,4,5,6,7,8,9,10,11","6,7,8,10,13,15,16,19","10,13,15","10,13,15"
82,11,0.988741479740976,0.0898855890673615,-1630.71197817285,-1584.35128909021,FALSE,FALSE,FALSE,"10,13,15,1,2,3,4,5,6,7,8","1,3,4,5,6,7,8,9,10,11,12","6,7,8,10,13,15,16,19","10,13,15","10,13,15"
82,12,0.98876723087567,0.0823972692396392,-1629.85691679807,-1579.281619617,FALSE,FALSE,FALSE,"10,13,15,1,2,3,4,5,6,7,8,9","1,3,4,5,6,7,8,9,10,11,12,13","6,7,8,10,13,15,16,19","10,13,15","10,13,15"
82,13,0.988790327270321,0.0760607944054093,-1628.8860562721,-1574.09615099261,FALSE,FALSE,FALSE,"10,13,15,1,2,3,4,5,6,7,8,9,11","1,3,4,5,6,7,8,9,10,11,12,13,14","6,7,8,10,13,15,16,19","10,13,15","10,13,15"
82,14,0.988808457112726,0.0706291755080519,-1627.69538049241,-1568.6908671145,FALSE,FALSE,FALSE,"10,13,15,1,2,3,4,5,6,7,8,9,11,12","1,3,4,5,6,7,8,9,10,11,12,13,14,15","6,7,8,10,13,15,16,19","10,13,15","10,13,15"
82,15,0.988815678485334,0.0659210452323556,-1626.01811094557,-1562.79898946924,FALSE,FALSE,FALSE,"10,13,15,1,2,3,4,5,6,7,8,9,11,12,14","1,3,4,5,6,7,8,9,10,11,12,13,14,15,16","6,7,8,10,13,15,16,19","10,13,15","10,13,15"
82,16,0.988821844511996,0.0618013652819998,-1624.29384188619,-1556.86011231144,FALSE,FALSE,FALSE,"10,13,15,1,2,3,4,5,6,7,8,9,11,12,14,16","1,3,4,5,6,7,8,9,10,11,12,13,14,15,16,17","6,7,8,10,13,15,16,19","10,13,15","10,13,15"
82,17,0.988823071364846,0.0581660630214616,-1622.3487221472,-1550.70038447402,FALSE,FALSE,FALSE,"10,13,15,1,2,3,4,5,6,7,8,9,11,12,14,16,17","1,3,4,5,6,7,8,9,10,11,12,13,14,15,16,17,18","6,7,8,10,13,15,16,19","10,13,15","10,13,15"
82,18,0.98882411756211,0.054934673197895,-1620.39552598143,-1544.53258020984,FALSE,FALSE,FALSE,"10,13,15,1,2,3,4,5,6,7,8,9,11,12,14,16,17,18","1,3,4,5,6,7,8,9,10,11,12,13,14,15,16,17,18,19","6,7,8,10,13,15,16,19","10,13,15","10,13,15"
82,19,0.988824524591536,0.0520433960311335,-1618.41373648252,-1538.3361826125,TRUE,FALSE,FALSE,"10,13,15,1,2,3,4,5,6,7,8,9,11,12,14,16,17,18,19","1,3,4,5,6,7,8,9,10,11,12,13,14,15,16,17,18,19,20","6,7,8,10,13,15,16,19","10,13,15","10,13,15"
82,20,0.988824548633524,0.0494412274316762,-1616.41481214206,-1532.12265017361,FALSE,FALSE,FALSE,"10,13,15,1,2,3,4,5,6,7,8,9,11,12,14,16,17,18,19,20","1,3,4,5,6,7,8,9,10,11,12,13,14,15,16,17,18,19,20","6,7,8,10,13,15,16,19","10,13,15","10,13,15"
83,1,0.565449669974436,0.565449669974436,284.487565158743,288.702173257165,FALSE,FALSE,FALSE,"4","4","4","4","4,15,20"
83,2,0.830737635018222,0.415368817509111,-184.943337703781,-176.514121506937,TRUE,FALSE,FALSE,"4,15","4,15","4,15","4,15","4,15,20"
83,3,0.990977892150685,0.330325964050228,-1648.82932453991,-1636.18550024464,FALSE,TRUE,TRUE,"4,15,20","4,15","4,15,20","4,15,20","4,15,20"
83,4,0.99100451780424,0.24775112945106,-1648.3070844884,-1631.44865209471,FALSE,FALSE,FALSE,"4,15,20,1","4,15","4,15,20","4,15,20","4,15,20"
83,5,0.991027417739941,0.198205483547988,-1647.58156500662,-1626.50852451451,FALSE,FALSE,FALSE,"4,15,20,1,2","4,15","4,15,20","4,15,20","4,15,20"
83,6,0.991047922450104,0.165174653741684,-1646.72550410087,-1621.43785551034,FALSE,FALSE,FALSE,"4,15,20,1,2,3","4,15","4,15,20","4,15,20","4,15,20"
83,7,0.99106391624349,0.141580559463356,-1645.61960368851,-1616.11734699955,FALSE,FALSE,FALSE,"4,15,20,1,2,3,5","4,15","4,15,20","4,15,20","4,15,20"
83,8,0.991077107637749,0.123884638454719,-1644.35824607037,-1610.641381283,FALSE,FALSE,FALSE,"4,15,20,1,2,3,5,6","4,15","4,15,20","4,15,20","4,15,20"
83,9,0.991084440691296,0.110120493410144,-1642.76932737359,-1604.83785448779,FALSE,FALSE,FALSE,"4,15,20,1,2,3,5,6,7","4,15","4,15,20","4,15,20","4,15,20"
83,10,0.991093590986173,0.0991093590986173,-1641.2827552686,-1599.13667428438,FALSE,FALSE,FALSE,"4,15,20,1,2,3,5,6,7,8","4,15","4,15,20","4,15,20","4,15,20"
83,11,0.991099961953805,0.090099996541255,-1639.64054522422,-1593.27985614157,FALSE,FALSE,FALSE,"4,15,20,1,2,3,5,6,7,8,9","4,15","4,15,20","4,15,20","4,15,20"
83,12,0.991108349442629,0.0825923624535524,-1638.11197262115,-1587.53667544009,FALSE,FALSE,FALSE,"4,15,20,1,2,3,5,6,7,8,9,10","4,15","4,15,20","4,15,20","4,15,20"
83,13,0.991114292170446,0.0762395609361882,-1636.44625895941,-1581.65635367992,FALSE,FALSE,FALSE,"4,15,20,1,2,3,5,6,7,8,9,10,11","4,15","4,15,20","4,15,20","4,15,20"
83,14,0.991119276380513,0.0707942340271795,-1634.72679983291,-1575.722286455,FALSE,FALSE,FALSE,"4,15,20,1,2,3,5,6,7,8,9,10,11,12","4,15","4,15,20","4,15,20","4,15,20"
83,15,0.991124303730824,0.0660749535820549,-1633.00992844085,-1569.79080696452,FALSE,FALSE,FALSE,"4,15,20,1,2,3,5,6,7,8,9,10,11,12,13","4,15","4,15,20","4,15,20","4,15,20"
83,16,0.991127925634134,0.0619454953521333,-1631.21400496596,-1563.78027539121,FALSE,FALSE,FALSE,"4,15,20,1,2,3,5,6,7,8,9,10,11,12,13,14","4,15","4,15,20","4,15,20","4,15,20"
83,17,0.991129369635249,0.0583017276256029,-1629.29539059122,-1557.64705291804,FALSE,FALSE,FALSE,"4,15,20,1,2,3,5,6,7,8,9,10,11,12,13,14,16","4,15","4,15,20","4,15,20","4,15,20"
83,18,0.991131382650759,0.0550628545917088,-1627.408868657,-1551.5459228854,FALSE,FALSE,FALSE,"4,15,20,1,2,3,5,6,7,8,9,10,11,12,13,14,16,17","4,15","4,15,20","4,15,20","4,15,20"
83,19,0.991132665376164,0.0521648771250613,-1625.48119211666,-1545.40363824664,FALSE,FALSE,FALSE,"4,15,20,1,2,3,5,6,7,8,9,10,11,12,13,14,16,17,18","4,15","4,15,20","4,15,20","4,15,20"
83,20,0.991133350772131,0.0495566675386066,-1623.51984084744,-1539.227678879,FALSE,FALSE,FALSE,"4,15,20,1,2,3,5,6,7,8,9,10,11,12,13,14,16,17,18,19","4,15","4,15,20","4,15,20","4,15,20"
84,1,0.810362716566649,0.810362716566649,141.911466968639,146.126075067062,FALSE,FALSE,FALSE,"2","1","1","1","1,2,16"
84,2,0.920248918267953,0.460124459133976,-289.189986760906,-280.760770564062,TRUE,FALSE,FALSE,"2,1","1,2","1,2","1,2","1,2,16"
84,3,0.994445023030667,0.331481674343556,-1619.2980009923,-1606.65417669704,FALSE,FALSE,TRUE,"2,1,16","1,2","1,2,7","1,2,16","1,2,16"
84,4,0.994478675304903,0.248619668826226,-1620.33623331952,-1603.47780092583,FALSE,FALSE,FALSE,"2,1,16,3","1,2","1,2,7,16","1,2,16","1,2,16"
84,5,0.994506554985345,0.198901310997069,-1620.8673565944,-1599.79431610229,FALSE,FALSE,FALSE,"2,1,16,3,4","1,2","1,2,7,16,17","1,2,16","1,2,16"
84,6,0.994536385413349,0.165756064235558,-1621.58984810123,-1596.3021995107,FALSE,TRUE,FALSE,"2,1,16,3,4,5","1,2","1,2,7,16,17,19","1,2,16","1,2,16"
84,7,0.994547702346378,0.14207824319234,-1620.62658574022,-1591.12432905127,FALSE,FALSE,FALSE,"2,1,16,3,4,5,6","1,2","1,2,7,16,17,19","1,2,16","1,2,16"
84,8,0.994569339526908,0.124321167440864,-1620.61475924853,-1586.89789446115,FALSE,FALSE,FALSE,"2,1,16,3,4,5,6,7","1,2","1,2,7,16,17,19","1,2,16","1,2,16"
84,9,0.994580439349459,0.110508937705495,-1619.63776387643,-1581.70629099063,FALSE,FALSE,FALSE,"2,1,16,3,4,5,6,7,8","1,2","1,2,7,16,17,19","1,2,16","1,2,16"
84,10,0.994585785808389,0.0994585785808389,-1618.1312630899,-1575.98518210568,FALSE,FALSE,FALSE,"2,1,16,3,4,5,6,7,8,9","1,2","1,2,7,16,17,19","1,2,16","1,2,16"
84,11,0.994590034879075,0.0904172758980978,-1616.52381672214,-1570.16312763949,FALSE,FALSE,FALSE,"2,1,16,3,4,5,6,7,8,9,10","1,2","1,2,7,16,17,19","1,2,16","1,2,16"
84,12,0.994593277075989,0.0828827730896658,-1614.82355699357,-1564.24825981251,FALSE,FALSE,FALSE,"2,1,16,3,4,5,6,7,8,9,10,11","1,2","1,2,7,16,17,19","1,2,16","1,2,16"
84,13,0.994594901612368,0.0765073001240283,-1612.97381256517,-1558.18390728568,FALSE,FALSE,FALSE,"2,1,16,3,4,5,6,7,8,9,10,11,12","1,2","1,2,7,16,17,19","1,2,16","1,2,16"
84,14,0.994595668782548,0.071042547770182,-1611.04478487444,-1552.04027149653,FALSE,FALSE,FALSE,"2,1,16,3,4,5,6,7,8,9,10,11,12,13","1,2","1,2,7,16,17,19","1,2,16","1,2,16"
84,15,0.994596169825553,0.0663064113217035,-1609.0911427134,-1545.87202123706,FALSE,FALSE,FALSE,"2,1,16,3,4,5,6,7,8,9,10,11,12,13,14","1,2","1,2,7,16,17,19","1,2,16","1,2,16"
84,16,0.994596517575943,0.0621622823484964,-1607.1233200366,-1539.68959046185,FALSE,FALSE,FALSE,"2,1,16,3,4,5,6,7,8,9,10,11,12,13,14,15","1,2","1,2,7,16,17,19","1,2,16","1,2,16"
84,17,0.994596534471173,0.0585056784983043,-1605.12488340404,-1533.47654573086,FALSE,FALSE,FALSE,"2,1,16,3,4,5,6,7,8,9,10,11,12,13,14,15,17","1,2","1,2,7,16,17,19","1,2,16","1,2,16"
84,18,0.994596543440833,0.0552553635244907,-1603.12571339609,-1527.26276762449,FALSE,FALSE,FALSE,"2,1,16,3,4,5,6,7,8,9,10,11,12,13,14,15,17,18","1,2","1,2,7,16,17,19","1,2,16","1,2,16"
84,19,0.994596550242622,0.0523471868548749,-1601.12634278893,-1521.04878891891,FALSE,FALSE,FALSE,"2,1,16,3,4,5,6,7,8,9,10,11,12,13,14,15,17,18,19","1,2","1,2,7,16,17,19","1,2,16","1,2,16"
84,20,0.994596551520316,0.0497298275760158,-1599.12646101837,-1514.83429904992,FALSE,FALSE,FALSE,"2,1,16,3,4,5,6,7,8,9,10,11,12,13,14,15,17,18,19,20","1,2","1,2,7,16,17,19","1,2,16","1,2,16"
85,1,0.450489514647977,0.450489514647977,282.10845943148,286.323067529902,FALSE,FALSE,FALSE,"10","4","4","4","4,10,12"
85,2,0.748329086949807,0.374164543474904,-106.344301468155,-97.9150852713103,TRUE,FALSE,FALSE,"10,4","4,10","4,10","4,10","4,10,12"
85,3,0.986573862687403,0.328857954229134,-1569.80379179656,-1557.15996750129,FALSE,TRUE,TRUE,"10,4,12","4,10","4,10,12","4,10,12","4,10,12"
85,4,0.986615167941046,0.246653791985261,-1569.34440324368,-1552.48597084999,FALSE,FALSE,FALSE,"10,4,12,1","4,10","4,10,12","4,10,12","4,10,12"
85,5,0.986650478956368,0.197330095791274,-1568.66521455043,-1547.59217405832,FALSE,FALSE,FALSE,"10,4,12,1,2","4,10","4,10,12","4,10,12","4,10,12"
85,6,0.98667638226852,0.16444606371142,-1567.63635336217,-1542.34870477163,FALSE,FALSE,FALSE,"10,4,12,1,2,3","4,10","4,10,12","4,10,12","4,10,12"
85,7,0.986710259252917,0.140958608464702,-1566.90928562742,-1537.40702893846,FALSE,FALSE,FALSE,"10,4,12,1,2,3,5","4,10","4,10,12","4,10,12","4,10,12"
85,8,0.986737494342462,0.123342186792808,-1565.9350029502,-1532.21813816282,FALSE,FALSE,FALSE,"10,4,12,1,2,3,5,6","4,10","4,10,12","4,10,12","4,10,12"
85,9,0.986756552344717,0.109639616927191,-1564.6540114429,-1526.7225385571,FALSE,FALSE,FALSE,"10,4,12,1,2,3,5,6,7","4,10","4,10,12","4,10,12","4,10,12"
85,10,0.986779598461528,0.0986779598461528,-1563.52486444953,-1521.3787834653,FALSE,FALSE,FALSE,"10,4,12,1,2,3,5,6,7,8","4,10","4,10,12","4,10,12","4,10,12"
85,11,0.98678700984626,0.0897079099860237,-1561.80524409255,-1515.4445550099,FALSE,FALSE,FALSE,"10,4,12,1,2,3,5,6,7,8,9","4,10","4,10,12","4,10,12","4,10,12"
85,12,0.986794408201728,0.082232867350144,-1560.08528772528,-1509.50999054421,FALSE,FALSE,FALSE,"10,4,12,1,2,3,5,6,7,8,9,11","4,10","4,10,12","4,10,12","4,10,12"
85,13,0.986799343345664,0.0759076417958203,-1558.27218076321,-1503.48227548372,FALSE,FALSE,FALSE,"10,4,12,1,2,3,5,6,7,8,9,11,13","4,10","4,10,12","4,10,12","4,10,12"
85,14,0.986804091534409,0.070486006538172,-1556.4520598033,-1497.44754642539,FALSE,FALSE,FALSE,"10,4,12,1,2,3,5,6,7,8,9,11,13,14","4,10","4,10,12","4,10,12","4,10,12"
85,15,0.98680602268205,0.0657870681788033,-1554.52523737065,-1491.30611589432,FALSE,FALSE,FALSE,"10,4,12,1,2,3,5,6,7,8,9,11,13,14,15","4,10","4,10,12","4,10,12","4,10,12"
85,16,0.986807939298296,0.0616754962061435,-1552.59787488632,-1485.16414531156,FALSE,FALSE,FALSE,"10,4,12,1,2,3,5,6,7,8,9,11,13,14,15,16","4,10","4,10,12","4,10,12","4,10,12"
85,17,0.986808976607899,0.0580475868592882,-1550.63719210943,-1478.98885443625,FALSE,FALSE,FALSE,"10,4,12,1,2,3,5,6,7,8,9,11,13,14,15,16,17","4,10","4,10,12","4,10,12","4,10,12"
85,18,0.986809372492195,0.054822742916233,-1548.6521981565,-1472.7892523849,FALSE,FALSE,FALSE,"10,4,12,1,2,3,5,6,7,8,9,11,13,14,15,16,17,18","4,10","4,10,12","4,10,12","4,10,12"
85,19,0.986809534950373,0.0519373439447565,-1546.65835628577,-1466.58080241575,FALSE,FALSE,FALSE,"10,4,12,1,2,3,5,6,7,8,9,11,13,14,15,16,17,18,19","4,10","4,10,12","4,10,12","4,10,12"
85,20,0.986809554869622,0.0493404777434811,-1544.65911134877,-1460.36694938033,FALSE,FALSE,FALSE,"10,4,12,1,2,3,5,6,7,8,9,11,13,14,15,16,17,18,19,20","4,10","4,10,12","4,10,12","4,10,12"
86,1,0.430176461631612,0.430176461631612,330.764582136842,334.979190235265,FALSE,FALSE,FALSE,"20","10","3","10","10,14,20"
86,2,0.730747297573644,0.365373648786822,-42.0736069809531,-33.6443907841087,TRUE,FALSE,FALSE,"20,10","10,20","3,4","10,14","10,14,20"
86,3,0.987460842874156,0.329153614291385,-1573.47062435696,-1560.82680006169,FALSE,FALSE,FALSE,"20,10,14","10,20","3,4,6","10,14,19","10,14,20"
86,4,0.987647770980754,0.246911942745188,-1578.98051631914,-1562.12208392545,FALSE,FALSE,TRUE,"20,10,14,1","10,20","3,4,6,9","10,14,19,20","10,14,20"
86,5,0.987689945089407,0.197537989017881,-1578.69058298949,-1557.61754249738,FALSE,FALSE,FALSE,"20,10,14,1,2","10,20","3,4,6,9,10","10,14,19,20","10,14,20"
86,6,0.987787450945322,0.16463124182422,-1580.66676634708,-1555.37911775654,FALSE,FALSE,FALSE,"20,10,14,1,2,3","10,20","3,4,6,9,10,14","10,14,19,20","10,14,20"
86,7,0.987827727031061,0.141118246718723,-1580.31845452943,-1550.81619784047,FALSE,FALSE,FALSE,"20,10,14,1,2,3,4","10,20","3,4,6,9,10,14,19","10,14,19,20","10,14,20"
86,8,0.987897688852622,0.123487211106578,-1581.20056426772,-1547.48369948034,FALSE,TRUE,FALSE,"20,10,14,1,2,3,4,5","10,20","3,4,6,9,10,14,19,20","10,14,19,20","10,14,20"
86,9,0.987927716687974,0.109769746298664,-1580.4426885501,-1542.5112156643,FALSE,FALSE,FALSE,"20,10,14,1,2,3,4,5,6","10,20","3,4,6,9,10,14,19,20","10,14,19,20","10,14,20"
86,10,0.987948520452934,0.0987948520452934,-1579.30506521325,-1537.15898422903,FALSE,FALSE,FALSE,"20,10,14,1,2,3,4,5,6,7","10,20","3,4,6,9,10,14,19,20","10,14,19,20","10,14,20"
86,11,0.987968189097538,0.089815289917958,-1578.12175797451,-1531.76106889187,FALSE,FALSE,FALSE,"20,10,14,1,2,3,4,5,6,7,8","10,20","3,4,6,9,10,14,19,20","10,14,19,20","10,14,20"
86,12,0.987986284880369,0.0823321904066974,-1576.87432151712,-1526.29902433605,FALSE,FALSE,FALSE,"20,10,14,1,2,3,4,5,6,7,8,9","10,20","3,4,6,9,10,14,19,20","10,14,19,20","10,14,20"
86,13,0.988003784400075,0.0760002911076981,-1575.60316671907,-1520.81326143958,FALSE,FALSE,FALSE,"20,10,14,1,2,3,4,5,6,7,8,9,11","10,20","3,4,6,9,10,14,19,20","10,14,19,20","10,14,20"
86,14,0.988019650459035,0.0705728321756453,-1574.26489875544,-1515.26038537753,FALSE,FALSE,FALSE,"20,10,14,1,2,3,4,5,6,7,8,9,11,12","10,20","3,4,6,9,10,14,19,20","10,14,19,20","10,14,20"
86,15,0.988023852324308,0.0658682568216205,-1572.44029440189,-1509.22117292556,FALSE,FALSE,FALSE,"20,10,14,1,2,3,4,5,6,7,8,9,11,12,13","10,20","3,4,6,9,10,14,19,20","10,14,19,20","10,14,20"
86,16,0.988028122193552,0.061751757637097,-1570.61859174389,-1503.18486216913,FALSE,FALSE,FALSE,"20,10,14,1,2,3,4,5,6,7,8,9,11,12,13,15","10,20","3,4,6,9,10,14,19,20","10,14,19,20","10,14,20"
86,17,0.988029766192396,0.0581193980113174,-1568.68725731829,-1497.03891964512,FALSE,FALSE,FALSE,"20,10,14,1,2,3,4,5,6,7,8,9,11,12,13,15,16","10,20","3,4,6,9,10,14,19,20","10,14,19,20","10,14,20"
86,18,0.988030712479896,0.054890595137772,-1566.72678557317,-1490.86383980157,FALSE,FALSE,FALSE,"20,10,14,1,2,3,4,5,6,7,8,9,11,12,13,15,16,17","10,20","3,4,6,9,10,14,19,20","10,14,19,20","10,14,20"
86,19,0.988031072289134,0.0520016353836386,-1564.74181631939,-1484.66426244937,FALSE,FALSE,FALSE,"20,10,14,1,2,3,4,5,6,7,8,9,11,12,13,15,16,17,18","10,20","3,4,6,9,10,14,19,20","10,14,19,20","10,14,20"
86,20,0.988031472018367,0.0494015736009184,-1562.75851522167,-1478.46635325323,FALSE,FALSE,FALSE,"20,10,14,1,2,3,4,5,6,7,8,9,11,12,13,15,16,17,18,19","10,20","3,4,6,9,10,14,19,20","10,14,19,20","10,14,20"
87,1,0.386124163888615,0.386124163888615,171.390347859996,175.604955958418,FALSE,FALSE,FALSE,"6","1","4","4","4,6,17"
87,2,0.727277119097505,0.363638559548753,-232.277899648002,-223.848683451158,FALSE,FALSE,FALSE,"6,17","1,2","4,5","4,6","4,6,17"
87,3,0.985102865928958,0.328367621976319,-1683.92157021758,-1671.27774592231,FALSE,FALSE,TRUE,"6,17,4","1,2,3","4,5,6","4,6,17","4,6,17"
87,4,0.98517492353729,0.246293730884323,-1684.3459440516,-1667.48751165791,FALSE,TRUE,FALSE,"6,17,4,1","1,2,3,4","4,5,6,17","4,6,17","4,6,17"
87,5,0.985229255199519,0.197045851039904,-1684.18173440796,-1663.10869391585,FALSE,FALSE,FALSE,"6,17,4,1,2","1,2,3,4,5","4,5,6,17","4,6,17","4,6,17"
87,6,0.985291903014919,0.164215317169153,-1684.30691660373,-1659.01926801319,FALSE,FALSE,FALSE,"6,17,4,1,2,3","1,2,3,4,5,6","4,5,6,17","4,6,17","4,6,17"
87,7,0.985318251907845,0.140759750272549,-1683.20344735837,-1653.70119066941,FALSE,FALSE,FALSE,"6,17,4,1,2,3,5","1,2,3,4,5,6,7","4,5,6,17","4,6,17","4,6,17"
87,8,0.985347121588462,0.123168390198558,-1682.18759794687,-1648.47073315949,FALSE,FALSE,FALSE,"6,17,4,1,2,3,5,7","1,2,3,4,5,6,7,8","4,5,6,17","4,6,17","4,6,17"
87,9,0.985365186516791,0.109485020724088,-1680.80440758433,-1642.87293469853,FALSE,FALSE,FALSE,"6,17,4,1,2,3,5,7,8","1,2,3,4,5,6,7,8,9","4,5,6,17","4,6,17","4,6,17"
87,10,0.985380518965641,0.0985380518965641,-1679.32851696747,-1637.18243598325,FALSE,FALSE,FALSE,"6,17,4,1,2,3,5,7,8,9","1,2,3,4,5,6,7,8,9,10","4,5,6,17","4,6,17","4,6,17"
87,11,0.985399441538059,0.0895817674125508,-1677.97610593004,-1631.61541684739,FALSE,FALSE,FALSE,"6,17,4,1,2,3,5,7,8,9,10","1,2,3,4,5,6,7,8,9,10,11","4,5,6,17","4,6,17","4,6,17"
87,12,0.985416785753783,0.0821180654794819,-1676.5704162661,-1625.99511908503,FALSE,FALSE,FALSE,"6,17,4,1,2,3,5,7,8,9,10,11","1,2,3,4,5,6,7,8,9,10,11,13","4,5,6,17","4,6,17","4,6,17"
87,13,0.985429147556157,0.0758022421197044,-1674.99443269052,-1620.20452741103,FALSE,FALSE,FALSE,"6,17,4,1,2,3,5,7,8,9,10,11,12","1,2,3,4,5,6,7,8,9,10,11,13,14","4,5,6,17","4,6,17","4,6,17"
87,14,0.985438735534132,0.0703884811095808,-1673.32355323986,-1614.31903986194,FALSE,FALSE,FALSE,"6,17,4,1,2,3,5,7,8,9,10,11,12,13","1,2,3,4,5,6,7,8,9,10,11,13,14,15","4,5,6,17","4,6,17","4,6,17"
87,15,0.985447120137104,0.065696474675807,-1671.61154395358,-1608.39242247724,FALSE,FALSE,FALSE,"6,17,4,1,2,3,5,7,8,9,10,11,12,13,14","1,2,3,4,5,6,7,8,9,10,11,13,14,15,16","4,5,6,17","4,6,17","4,6,17"
87,16,0.985452269204344,0.0615907668252715,-1669.78848413378,-1602.35475455902,FALSE,FALSE,FALSE,"6,17,4,1,2,3,5,7,8,9,10,11,12,13,14,15","1,2,3,4,5,6,7,8,9,10,11,13,14,15,16,17","4,5,6,17","4,6,17","4,6,17"
87,17,0.985457557585245,0.0579680916226614,-1667.97027682783,-1596.32193915466,FALSE,FALSE,FALSE,"6,17,4,1,2,3,5,7,8,9,10,11,12,13,14,15,16","1,2,3,4,5,6,7,8,9,10,11,13,14,15,16,17,18","4,5,6,17","4,6,17","4,6,17"
87,18,0.98546114568559,0.0547478414269772,-1666.09365854624,-1590.23071277464,FALSE,FALSE,FALSE,"6,17,4,1,2,3,5,7,8,9,10,11,12,13,14,15,16,18","1,2,3,4,5,6,7,8,9,10,11,13,14,15,16,17,18,19","4,5,6,17","4,6,17","4,6,17"
87,19,0.985461475214068,0.0518663934323194,-1664.10499135848,-1584.02743748846,TRUE,FALSE,FALSE,"6,17,4,1,2,3,5,7,8,9,10,11,12,13,14,15,16,18,19","1,2,3,4,5,6,7,8,9,10,11,13,14,15,16,17,18,19,20","4,5,6,17","4,6,17","4,6,17"
87,20,0.985461541354966,0.0492730770677483,-1662.10726604072,-1577.81510407228,FALSE,FALSE,FALSE,"6,17,4,1,2,3,5,7,8,9,10,11,12,13,14,15,16,18,19,20","1,2,3,4,5,6,7,8,9,10,11,13,14,15,16,17,18,19,20","4,5,6,17","4,6,17","4,6,17"
88,1,0.468180302318033,0.468180302318033,-410.883685994649,-406.669077896227,FALSE,FALSE,FALSE,"2","2","1","1","1,2,6"
88,2,0.725956726184214,0.362978363092107,-740.392931101404,-731.963714904559,TRUE,FALSE,FALSE,"2,1","2,6","1,2","1,2","1,2,6"
88,3,0.951399661135412,0.31713322037847,-1603.2206931752,-1590.57686887993,FALSE,FALSE,TRUE,"2,1,6","2,6","1,2,6","1,2,6","1,2,6"
88,4,0.951742902615969,0.237935725653992,-1604.7644883727,-1587.90605597901,FALSE,FALSE,FALSE,"2,1,6,3","2,6","1,2,6,7","1,2,6","1,2,6"
88,5,0.952000737781296,0.190400147556259,-1605.44312470441,-1584.3700842123,FALSE,FALSE,FALSE,"2,1,6,3,4","2,6","1,2,6,7,9","1,2,6","1,2,6"
88,6,0.952261799825997,0.158710299971,-1606.16998507069,-1580.88233648016,FALSE,FALSE,FALSE,"2,1,6,3,4,5","2,6","1,2,6,7,9,16","1,2,6","1,2,6"
88,7,0.952483004505533,0.136069000643648,-1606.49222141296,-1576.98996472401,FALSE,TRUE,FALSE,"2,1,6,3,4,5,7","2,6","1,2,6,7,9,16,20","1,2,6","1,2,6"
88,8,0.95256961941526,0.119071202426908,-1605.40446288114,-1571.68759809376,FALSE,FALSE,FALSE,"2,1,6,3,4,5,7,8","2,6","1,2,6,7,9,16,20","1,2,6","1,2,6"
88,9,0.952625967066066,0.105847329674007,-1603.99881978236,-1566.06734689656,FALSE,FALSE,FALSE,"2,1,6,3,4,5,7,8,9","2,6","1,2,6,7,9,16,20","1,2,6","1,2,6"
88,10,0.95270332337791,0.095270332337791,-1602.81592920747,-1560.66984822324,FALSE,FALSE,FALSE,"2,1,6,3,4,5,7,8,9,10","2,6","1,2,6,7,9,16,20","1,2,6","1,2,6"
88,11,0.952736645061382,0.0866124222783075,-1601.16831577399,-1554.80762669135,FALSE,FALSE,FALSE,"2,1,6,3,4,5,7,8,9,10,11","2,6","1,2,6,7,9,16,20","1,2,6","1,2,6"
88,12,0.95276240655681,0.0793968672130674,-1599.44092146215,-1548.86562428108,FALSE,FALSE,FALSE,"2,1,6,3,4,5,7,8,9,10,11,12","2,6","1,2,6,7,9,16,20","1,2,6","1,2,6"
88,13,0.952773399118876,0.0732902614706828,-1597.55728896197,-1542.76738368248,FALSE,FALSE,FALSE,"2,1,6,3,4,5,7,8,9,10,11,12,13","2,6","1,2,6,7,9,16,20","1,2,6","1,2,6"
88,14,0.952781024502471,0.0680557874644622,-1595.63802735019,-1536.63351397228,FALSE,FALSE,FALSE,"2,1,6,3,4,5,7,8,9,10,11,12,13,14","2,6","1,2,6,7,9,16,20","1,2,6","1,2,6"
88,15,0.952784453344672,0.0635189635563115,-1593.67433655285,-1530.45521507652,FALSE,FALSE,FALSE,"2,1,6,3,4,5,7,8,9,10,11,12,13,14,15","2,6","1,2,6,7,9,16,20","1,2,6","1,2,6"
88,16,0.952787083844482,0.0595491927402801,-1591.70219361768,-1524.26846404292,FALSE,FALSE,FALSE,"2,1,6,3,4,5,7,8,9,10,11,12,13,14,15,16","2,6","1,2,6,7,9,16,20","1,2,6","1,2,6"
88,17,0.952789730151846,0.0560464547148145,-1589.73021965108,-1518.0818819779,FALSE,FALSE,FALSE,"2,1,6,3,4,5,7,8,9,10,11,12,13,14,15,16,17","2,6","1,2,6,7,9,16,20","1,2,6","1,2,6"
88,18,0.952791328329161,0.0529328515738423,-1587.7471460992,-1511.8842003276,FALSE,FALSE,FALSE,"2,1,6,3,4,5,7,8,9,10,11,12,13,14,15,16,17,18","2,6","1,2,6,7,9,16,20","1,2,6","1,2,6"
88,19,0.952791795631372,0.0501469366121775,-1585.75209544968,-1505.67454157966,FALSE,FALSE,FALSE,"2,1,6,3,4,5,7,8,9,10,11,12,13,14,15,16,17,18,19","2,6","1,2,6,7,9,16,20","1,2,6","1,2,6"
88,20,0.95279212745809,0.0476396063729045,-1583.75560996468,-1499.46344799624,FALSE,FALSE,FALSE,"2,1,6,3,4,5,7,8,9,10,11,12,13,14,15,16,17,18,19,20","2,6","1,2,6,7,9,16,20","1,2,6","1,2,6"
89,1,0.271282530671227,0.271282530671227,-132.235289222345,-128.020681123923,FALSE,FALSE,FALSE,"17","1","1","1","1,17,18"
89,2,0.70749990041892,0.35374995020946,-586.645834496542,-578.216618299698,FALSE,FALSE,FALSE,"17,18","1,2","1,3","1,3","1,17,18"
89,3,0.965864925039539,0.32195497501318,-1658.7156146226,-1646.07179032734,FALSE,FALSE,FALSE,"17,18,1","1,2,3","1,3,10","1,3,11","1,17,18"
89,4,0.966323844303093,0.241580961075773,-1663.48331763473,-1646.62488524104,FALSE,FALSE,FALSE,"17,18,1,2","1,2,3,4","1,3,10,11","1,3,11,17","1,17,18"
89,5,0.966755332269168,0.193351066453834,-1667.93114543462,-1646.85810494251,FALSE,FALSE,TRUE,"17,18,1,2,3","1,2,3,4,5","1,3,10,11,17","1,3,11,17,18","1,17,18"
89,6,0.966941039282562,0.161156839880427,-1668.73201023424,-1643.44436164371,FALSE,FALSE,FALSE,"17,18,1,2,3,4","1,2,3,4,5,6","1,3,10,11,17,18","1,3,11,17,18","1,17,18"
89,7,0.967108619330135,0.138158374190019,-1669.27301919219,-1639.77076250324,FALSE,TRUE,FALSE,"17,18,1,2,3,4,5","1,2,3,4,5,6,7","1,3,10,11,17,18,19","1,3,11,17,18","1,17,18"
89,8,0.967192031361203,0.12089900392015,-1668.54262196244,-1634.82575717506,FALSE,FALSE,FALSE,"17,18,1,2,3,4,5,6","1,2,3,4,5,6,7,8","1,3,10,11,17,18,19","1,3,11,17,18","1,17,18"
89,9,0.967264540098135,0.107473837788682,-1667.64889253945,-1629.71741965365,FALSE,FALSE,FALSE,"17,18,1,2,3,4,5,6,7","1,2,3,4,5,6,7,8,9","1,3,10,11,17,18,19","1,3,11,17,18","1,17,18"
89,10,0.967307799471891,0.0967307799471891,-1666.31007130964,-1624.16399032542,FALSE,FALSE,FALSE,"17,18,1,2,3,4,5,6,7,8","1,2,3,4,5,6,7,8,9,10","1,3,10,11,17,18,19","1,3,11,17,18","1,17,18"
89,11,0.967341151299921,0.0879401046636292,-1664.82042013066,-1618.45973104801,FALSE,FALSE,FALSE,"17,18,1,2,3,4,5,6,7,8,9","1,2,3,4,5,6,7,8,9,10,11","1,3,10,11,17,18,19","1,3,11,17,18","1,17,18"
89,12,0.967367517930842,0.0806139598275701,-1663.22425065522,-1612.64895347415,FALSE,FALSE,FALSE,"17,18,1,2,3,4,5,6,7,8,9,10","1,2,3,4,5,6,7,8,9,10,11,12","1,3,10,11,17,18,19","1,3,11,17,18","1,17,18"
89,13,0.967375499527055,0.0744134999636196,-1661.34656088077,-1606.55665560128,FALSE,FALSE,FALSE,"17,18,1,2,3,4,5,6,7,8,9,10,11","1,2,3,4,5,6,7,8,9,10,11,12,13","1,3,10,11,17,18,19","1,3,11,17,18","1,17,18"
89,14,0.967383734581834,0.0690988381844167,-1659.47278648082,-1600.46827310291,FALSE,FALSE,FALSE,"17,18,1,2,3,4,5,6,7,8,9,10,11,12","1,2,3,4,5,6,7,8,9,10,11,12,13,14","1,3,10,11,17,18,19","1,3,11,17,18","1,17,18"
89,15,0.967392463102321,0.0644928308734881,-1657.60661064056,-1594.38748916422,FALSE,FALSE,FALSE,"17,18,1,2,3,4,5,6,7,8,9,10,11,12,13","1,2,3,4,5,6,7,8,9,10,11,12,13,14,16","1,3,10,11,17,18,19","1,3,11,17,18","1,17,18"
89,16,0.967400687317675,0.0604625429573547,-1655.73273566346,-1588.29900608871,FALSE,FALSE,FALSE,"17,18,1,2,3,4,5,6,7,8,9,10,11,12,13,14","1,2,3,4,5,6,7,8,9,10,11,12,13,14,16,17","1,3,10,11,17,18,19","1,3,11,17,18","1,17,18"
89,17,0.967405887010711,0.0569062286476889,-1653.81249359908,-1582.1641559259,FALSE,FALSE,FALSE,"17,18,1,2,3,4,5,6,7,8,9,10,11,12,13,14,15","1,2,3,4,5,6,7,8,9,10,11,12,13,14,16,17,18","1,3,10,11,17,18,19","1,3,11,17,18","1,17,18"
89,18,0.967407327827507,0.0537448515459726,-1651.83459649604,-1575.97165072444,FALSE,FALSE,FALSE,"17,18,1,2,3,4,5,6,7,8,9,10,11,12,13,14,15,16","1,2,3,4,5,6,7,8,9,10,11,12,13,14,16,17,18,19","1,3,10,11,17,18,19","1,3,11,17,18","1,17,18"
89,19,0.967408562434965,0.0509162401281561,-1649.85353680932,-1569.7759829393,TRUE,FALSE,FALSE,"17,18,1,2,3,4,5,6,7,8,9,10,11,12,13,14,15,16,19","1,2,3,4,5,6,7,8,9,10,11,12,13,14,16,17,18,19,20","1,3,10,11,17,18,19","1,3,11,17,18","1,17,18"
89,20,0.967408681688548,0.0483704340844274,-1647.85536633586,-1563.56320436742,FALSE,FALSE,FALSE,"17,18,1,2,3,4,5,6,7,8,9,10,11,12,13,14,15,16,19,20","1,2,3,4,5,6,7,8,9,10,11,12,13,14,16,17,18,19,20","1,3,10,11,17,18,19","1,3,11,17,18","1,17,18"
90,1,0.730130955603337,0.730130955603337,-296.839628116694,-292.625020018271,FALSE,FALSE,FALSE,"17","13","2","2","13,15,17"
90,2,0.894010753903746,0.447005376951873,-762.139219887353,-753.710003690508,TRUE,FALSE,FALSE,"17,13","13,17","2,10","2,13","13,15,17"
90,3,0.982946520050153,0.327648840016718,-1673.63089564215,-1660.98707134689,FALSE,FALSE,FALSE,"17,13,15","13,17","2,10,13","2,13,15","13,15,17"
90,4,0.983191178213968,0.245797794553492,-1678.85611095874,-1661.99767856505,FALSE,FALSE,TRUE,"17,13,15,1","13,17","2,10,13,15","2,13,15,17","13,15,17"
90,5,0.983303861689436,0.196660772337887,-1680.21931151179,-1659.14627101968,FALSE,FALSE,FALSE,"17,13,15,1,2","13,17","2,10,13,15,16","2,13,15,17","13,15,17"
90,6,0.983387844912489,0.163897974152081,-1680.7407076104,-1655.45305901987,FALSE,TRUE,FALSE,"17,13,15,1,2,3","13,17","2,10,13,15,16,17","2,13,15,17","13,15,17"
90,7,0.983444851113263,0.140492121587609,-1680.45945619943,-1650.95719951047,FALSE,FALSE,FALSE,"17,13,15,1,2,3,4","13,17","2,10,13,15,16,17","2,13,15,17","13,15,17"
90,8,0.983491334390372,0.122936416798797,-1679.86532265621,-1646.14845786884,FALSE,FALSE,FALSE,"17,13,15,1,2,3,4,5","13,17","2,10,13,15,16,17","2,13,15,17","13,15,17"
90,9,0.983531630112702,0.109281292234745,-1679.08725609498,-1641.15578320918,FALSE,FALSE,FALSE,"17,13,15,1,2,3,4,5,6","13,17","2,10,13,15,16,17","2,13,15,17","13,15,17"
90,10,0.983541148048233,0.0983541148048233,-1677.37631588394,-1635.23023489971,FALSE,FALSE,FALSE,"17,13,15,1,2,3,4,5,6,7","13,17","2,10,13,15,16,17","2,13,15,17","13,15,17"
90,11,0.983559136317086,0.0894144669379169,-1675.92307655645,-1629.56238747381,FALSE,FALSE,FALSE,"17,13,15,1,2,3,4,5,6,7,8","13,17","2,10,13,15,16,17","2,13,15,17","13,15,17"
90,12,0.983566234107045,0.0819638528422538,-1674.13898134871,-1623.56368416765,FALSE,FALSE,FALSE,"17,13,15,1,2,3,4,5,6,7,8,9","13,17","2,10,13,15,16,17","2,13,15,17","13,15,17"
90,13,0.98357372679593,0.0756595174458408,-1672.36699961104,-1617.57709433155,FALSE,FALSE,FALSE,"17,13,15,1,2,3,4,5,6,7,8,9,10","13,17","2,10,13,15,16,17","2,13,15,17","13,15,17"
90,14,0.983581046277651,0.0702557890198322,-1670.58984726737,-1611.58533388946,FALSE,FALSE,FALSE,"17,13,15,1,2,3,4,5,6,7,8,9,10,11","13,17","2,10,13,15,16,17","2,13,15,17","13,15,17"
90,15,0.983587673924958,0.0655725115949972,-1668.7917171743,-1605.57259569797,FALSE,FALSE,FALSE,"17,13,15,1,2,3,4,5,6,7,8,9,10,11,12","13,17","2,10,13,15,16,17","2,13,15,17","13,15,17"
90,16,0.983592032737754,0.0614745020461096,-1666.9245256406,-1599.49079606584,FALSE,FALSE,FALSE,"17,13,15,1,2,3,4,5,6,7,8,9,10,11,12,14","13,17","2,10,13,15,16,17","2,13,15,17","13,15,17"
90,17,0.983595195805835,0.057858540929755,-1665.02092310872,-1593.37258543554,FALSE,FALSE,FALSE,"17,13,15,1,2,3,4,5,6,7,8,9,10,11,12,14,16","13,17","2,10,13,15,16,17","2,13,15,17","13,15,17"
90,18,0.983597601551967,0.0546443111973315,-1663.09425292481,-1587.23130715321,FALSE,FALSE,FALSE,"17,13,15,1,2,3,4,5,6,7,8,9,10,11,12,14,16,18","13,17","2,10,13,15,16,17","2,13,15,17","13,15,17"
90,19,0.983598110374695,0.0517683215986681,-1661.10976378507,-1581.03220991504,FALSE,FALSE,FALSE,"17,13,15,1,2,3,4,5,6,7,8,9,10,11,12,14,16,18,19","13,17","2,10,13,15,16,17","2,13,15,17","13,15,17"
90,20,0.98359829447837,0.0491799147239185,-1659.11537608684,-1574.82321411839,FALSE,FALSE,FALSE,"17,13,15,1,2,3,4,5,6,7,8,9,10,11,12,14,16,18,19,20","13,17","2,10,13,15,16,17","2,13,15,17","13,15,17"
91,1,0.562104018703395,0.562104018703395,533.256525433631,537.471133532054,FALSE,FALSE,FALSE,"5","1","1","5","5,16,19"
91,2,0.904873301622822,0.452436650811411,-228.129337748081,-219.700121551236,FALSE,FALSE,FALSE,"5,19","1,2","1,5","5,16","5,16,19"
91,3,0.993977719568826,0.331325906522942,-1606.00117446253,-1593.35735016726,FALSE,FALSE,TRUE,"5,19,16","1,2,3","1,5,14","5,16,19","5,16,19"
91,4,0.994034707877192,0.248508676969298,-1608.75515926035,-1591.89672686666,FALSE,FALSE,FALSE,"5,19,16,1","1,2,3,4","1,5,14,16","5,16,19","5,16,19"
91,5,0.994075240706117,0.198815048141223,-1610.16414249488,-1589.09110200277,FALSE,TRUE,FALSE,"5,19,16,1,2","1,2,3,4,5","1,5,14,16,19","5,16,19","5,16,19"
91,6,0.994098334235719,0.165683055705953,-1610.11685084432,-1584.82920225379,FALSE,FALSE,FALSE,"5,19,16,1,2,3","1,2,3,4,5,6","1,5,14,16,19","5,16,19","5,16,19"
91,7,0.994121232375574,0.142017318910796,-1610.06059670976,-1580.55834002081,FALSE,FALSE,FALSE,"5,19,16,1,2,3,4","1,2,3,4,5,6,8","1,5,14,16,19","5,16,19","5,16,19"
91,8,0.994145712660696,0.124268214082587,-1610.14703717389,-1576.43017238652,FALSE,FALSE,FALSE,"5,19,16,1,2,3,4,6","1,2,3,4,5,6,8,9","1,5,14,16,19","5,16,19","5,16,19"
91,9,0.994155353891617,0.110461705987957,-1608.97114931601,-1571.03967643021,FALSE,FALSE,FALSE,"5,19,16,1,2,3,4,6,7","1,2,3,4,5,6,8,9,10","1,5,14,16,19","5,16,19","5,16,19"
91,10,0.994167466961617,0.0994167466961617,-1608.00847812571,-1565.86239714149,FALSE,FALSE,FALSE,"5,19,16,1,2,3,4,6,7,8","1,2,3,4,5,6,8,9,10,11","1,5,14,16,19","5,16,19","5,16,19"
91,11,0.994176712952474,0.0903797011774976,-1606.80172928502,-1560.44104020238,FALSE,FALSE,FALSE,"5,19,16,1,2,3,4,6,7,8,9","1,2,3,4,5,6,8,9,10,11,12","1,5,14,16,19","5,16,19","5,16,19"
91,12,0.994182552499475,0.0828485460416229,-1605.30337696604,-1554.72807978497,FALSE,FALSE,FALSE,"5,19,16,1,2,3,4,6,7,8,9,10","1,2,3,4,5,6,8,9,10,11,12,13","1,5,14,16,19","5,16,19","5,16,19"
91,13,0.994185099178887,0.0764757768599144,-1603.52230777706,-1548.73240249757,FALSE,FALSE,FALSE,"5,19,16,1,2,3,4,6,7,8,9,10,11","1,2,3,4,5,6,8,9,10,11,12,13,14","1,5,14,16,19","5,16,19","5,16,19"
91,14,0.994186302552795,0.0710133073251996,-1601.62579178131,-1542.6212784034,FALSE,FALSE,FALSE,"5,19,16,1,2,3,4,6,7,8,9,10,11,12","1,2,3,4,5,6,8,9,10,11,12,13,14,15","1,5,14,16,19","5,16,19","5,16,19"
91,15,0.994187191194265,0.0662791460796177,-1599.70222415508,-1536.48310267874,FALSE,FALSE,FALSE,"5,19,16,1,2,3,4,6,7,8,9,10,11,12,13","1,2,3,4,5,6,8,9,10,11,12,13,14,15,16","1,5,14,16,19","5,16,19","5,16,19"
91,16,0.99418810700816,0.06213675668801,-1597.78100586606,-1530.34727629131,FALSE,FALSE,FALSE,"5,19,16,1,2,3,4,6,7,8,9,10,11,12,13,14","1,2,3,4,5,6,8,9,10,11,12,13,14,15,16,17","1,5,14,16,19","5,16,19","5,16,19"
91,17,0.994188896138014,0.0584816997728244,-1595.84889970317,-1524.20056203,FALSE,FALSE,FALSE,"5,19,16,1,2,3,4,6,7,8,9,10,11,12,13,14,15","1,2,3,4,5,6,8,9,10,11,12,13,14,15,16,17,18","1,5,14,16,19","5,16,19","5,16,19"
91,18,0.994189304558713,0.0552327391421507,-1593.88404234229,-1518.0210965707,FALSE,FALSE,FALSE,"5,19,16,1,2,3,4,6,7,8,9,10,11,12,13,14,15,17","1,2,3,4,5,6,8,9,10,11,12,13,14,15,16,17,18,19","1,5,14,16,19","5,16,19","5,16,19"
91,19,0.994189593440722,0.0523257680758275,-1591.90890074293,-1511.83134687291,TRUE,FALSE,FALSE,"5,19,16,1,2,3,4,6,7,8,9,10,11,12,13,14,15,17,18","1,2,3,4,5,6,8,9,10,11,12,13,14,15,16,17,18,19,20","1,5,14,16,19","5,16,19","5,16,19"
91,20,0.994189715884442,0.0497094857942221,-1589.91943744195,-1505.62727547351,FALSE,FALSE,FALSE,"5,19,16,1,2,3,4,6,7,8,9,10,11,12,13,14,15,17,18,20","1,2,3,4,5,6,8,9,10,11,12,13,14,15,16,17,18,19,20","1,5,14,16,19","5,16,19","5,16,19"
92,1,0.664209587205914,0.664209587205914,-45.5886665318463,-41.3740584334241,FALSE,FALSE,FALSE,"20","4","2","4","4,15,20"
92,2,0.871581963358516,0.435790981679258,-524.186836639062,-515.757620442218,TRUE,FALSE,FALSE,"20,4","4,20","2,4","4,15","4,15,20"
92,3,0.986082514357309,0.328694171452436,-1633.25925874025,-1620.61543444498,FALSE,FALSE,TRUE,"20,4,15","4,20","2,4,8","4,15,20","4,15,20"
92,4,0.986160936821979,0.246540234205495,-1634.08463425261,-1617.22620185892,FALSE,FALSE,FALSE,"20,4,15,1","4,20","2,4,8,9","4,15,20","4,15,20"
92,5,0.98622548475583,0.197245096951166,-1634.42218176022,-1613.34914126811,FALSE,FALSE,FALSE,"20,4,15,1,2","4,20","2,4,8,9,15","4,15,20","4,15,20"
92,6,0.986281717070271,0.164380286178379,-1634.46753169154,-1609.17988310101,FALSE,TRUE,FALSE,"20,4,15,1,2,3","4,20","2,4,8,9,15,20","4,15,20","4,15,20"
92,7,0.986320625587801,0.140902946512543,-1633.88767295401,-1604.38541626505,FALSE,FALSE,FALSE,"20,4,15,1,2,3,5","4,20","2,4,8,9,15,20","4,15,20","4,15,20"
92,8,0.986362248213106,0.123295281026638,-1633.41135656597,-1599.69449177859,FALSE,FALSE,FALSE,"20,4,15,1,2,3,5,6","4,20","2,4,8,9,15,20","4,15,20","4,15,20"
92,9,0.986388331961197,0.109598703551244,-1632.36857900316,-1594.43710611736,FALSE,FALSE,FALSE,"20,4,15,1,2,3,5,6,7","4,20","2,4,8,9,15,20","4,15,20","4,15,20"
92,10,0.986418639455025,0.0986418639455025,-1631.48311121808,-1589.33703023386,FALSE,FALSE,FALSE,"20,4,15,1,2,3,5,6,7,8","4,20","2,4,8,9,15,20","4,15,20","4,15,20"
92,11,0.986444377288643,0.0896767615716948,-1630.43155272654,-1584.0708636439,FALSE,FALSE,FALSE,"20,4,15,1,2,3,5,6,7,8,9","4,20","2,4,8,9,15,20","4,15,20","4,15,20"
92,12,0.98644734265205,0.0822039452210041,-1628.54094230833,-1577.96564512726,FALSE,FALSE,FALSE,"20,4,15,1,2,3,5,6,7,8,9,10","4,20","2,4,8,9,15,20","4,15,20","4,15,20"
92,13,0.986449675663056,0.0758807442817735,-1626.62702180463,-1571.83711652514,FALSE,FALSE,FALSE,"20,4,15,1,2,3,5,6,7,8,9,10,11","4,20","2,4,8,9,15,20","4,15,20","4,15,20"
92,14,0.986450918511215,0.0704607798936582,-1624.67288436592,-1565.66837098801,FALSE,FALSE,FALSE,"20,4,15,1,2,3,5,6,7,8,9,10,11,12","4,20","2,4,8,9,15,20","4,15,20","4,15,20"
92,15,0.986451965948845,0.0657634643965897,-1622.71153931533,-1559.492417839,FALSE,FALSE,FALSE,"20,4,15,1,2,3,5,6,7,8,9,10,11,12,13","4,20","2,4,8,9,15,20","4,15,20","4,15,20"
92,16,0.986452606641031,0.0616532879150644,-1620.73518508318,-1553.30145550842,FALSE,FALSE,FALSE,"20,4,15,1,2,3,5,6,7,8,9,10,11,12,13,14","4,20","2,4,8,9,15,20","4,15,20","4,15,20"
92,17,0.986453157705235,0.0580266563356021,-1618.75552388186,-1547.10718620868,FALSE,FALSE,FALSE,"20,4,15,1,2,3,5,6,7,8,9,10,11,12,13,14,16","4,20","2,4,8,9,15,20","4,15,20","4,15,20"
92,18,0.986453330817967,0.0548029628232204,-1616.76191333536,-1540.89896756376,FALSE,FALSE,FALSE,"20,4,15,1,2,3,5,6,7,8,9,10,11,12,13,14,16,17","4,20","2,4,8,9,15,20","4,15,20","4,15,20"
92,19,0.986453396680785,0.0519185998253045,-1614.76434430111,-1534.68679043109,FALSE,FALSE,FALSE,"20,4,15,1,2,3,5,6,7,8,9,10,11,12,13,14,16,17,18","4,20","2,4,8,9,15,20","4,15,20","4,15,20"
92,20,0.986453447750775,0.0493226723875388,-1612.76622927868,-1528.47406731023,FALSE,FALSE,FALSE,"20,4,15,1,2,3,5,6,7,8,9,10,11,12,13,14,16,17,18,19","4,20","2,4,8,9,15,20","4,15,20","4,15,20"
93,1,0.83909834524485,0.83909834524485,-313.264477550854,-309.049869452431,FALSE,FALSE,FALSE,"12","9","9","9","9,12,14"
93,2,0.939404339333984,0.469702169666992,-799.549504538598,-791.120288341754,TRUE,FALSE,FALSE,"12,14","9,12","9,11","9,12","9,12,14"
93,3,0.988856693881396,0.329618897960465,-1644.24166194974,-1631.59783765448,FALSE,FALSE,TRUE,"12,14,9","9,12","9,11,12","9,12,14","9,12,14"
93,4,0.988916419441534,0.247229104860383,-1644.92875460263,-1628.07032220894,FALSE,TRUE,FALSE,"12,14,9,1","9,12","9,11,12,14","9,12,14","9,12,14"
93,5,0.988939027566675,0.197787805513335,-1643.94968887049,-1622.87664837838,FALSE,FALSE,FALSE,"12,14,9,1,2","9,12","9,11,12,14","9,12,14","9,12,14"
93,6,0.988981031716138,0.16483017195269,-1643.85205811471,-1618.56440952417,FALSE,FALSE,FALSE,"12,14,9,1,2,3","9,12","9,11,12,14","9,12,14","9,12,14"
93,7,0.988996519769246,0.141285217109892,-1642.55534302195,-1613.053086333,FALSE,FALSE,FALSE,"12,14,9,1,2,3,4","9,12","9,11,12,14","9,12,14","9,12,14"
93,8,0.98903134121741,0.123628917652176,-1642.14014445141,-1608.42327966403,FALSE,FALSE,FALSE,"12,14,9,1,2,3,4,5","9,12","9,11,12,14","9,12,14","9,12,14"
93,9,0.989038850685193,0.109893205631688,-1640.4825764528,-1602.551103567,FALSE,FALSE,FALSE,"12,14,9,1,2,3,4,5,6","9,12","9,11,12,14","9,12,14","9,12,14"
93,10,0.989054630710691,0.0989054630710691,-1639.20291127697,-1597.05683029275,FALSE,FALSE,FALSE,"12,14,9,1,2,3,4,5,6,7","9,12","9,11,12,14","9,12,14","9,12,14"
93,11,0.989061872020259,0.0899147156382054,-1637.53381404557,-1591.17312496292,FALSE,FALSE,FALSE,"12,14,9,1,2,3,4,5,6,7,8","9,12","9,11,12,14","9,12,14","9,12,14"
93,12,0.989069706126756,0.082422475510563,-1635.89205237135,-1585.31675519028,FALSE,FALSE,FALSE,"12,14,9,1,2,3,4,5,6,7,8,10","9,12","9,11,12,14","9,12,14","9,12,14"
93,13,0.989073766566071,0.0760825974281593,-1634.07782933879,-1579.2879240593,FALSE,FALSE,FALSE,"12,14,9,1,2,3,4,5,6,7,8,10,11","9,12","9,11,12,14","9,12,14","9,12,14"
93,14,0.989075274139158,0.0706482338670827,-1632.14682278977,-1573.14230941186,FALSE,FALSE,FALSE,"12,14,9,1,2,3,4,5,6,7,8,10,11,13","9,12","9,11,12,14","9,12,14","9,12,14"
93,15,0.989076070533282,0.0659384047022188,-1630.18327327665,-1566.96415180032,FALSE,FALSE,FALSE,"12,14,9,1,2,3,4,5,6,7,8,10,11,13,15","9,12","9,11,12,14","9,12,14","9,12,14"
93,16,0.989076867582812,0.0618173042239258,-1628.21975642185,-1560.78602684709,FALSE,FALSE,FALSE,"12,14,9,1,2,3,4,5,6,7,8,10,11,13,15,16","9,12","9,11,12,14","9,12,14","9,12,14"
93,17,0.989077371182589,0.0581810218342699,-1626.24280893859,-1554.59447126541,FALSE,FALSE,FALSE,"12,14,9,1,2,3,4,5,6,7,8,10,11,13,15,16,17","9,12","9,11,12,14","9,12,14","9,12,14"
93,18,0.989077469442633,0.0549487483023685,-1624.24730696229,-1548.38436119069,FALSE,FALSE,FALSE,"12,14,9,1,2,3,4,5,6,7,8,10,11,13,15,16,17,18","9,12","9,11,12,14","9,12,14","9,12,14"
93,19,0.989077613149461,0.0520567164815506,-1622.25388546405,-1542.17633159403,FALSE,FALSE,FALSE,"12,14,9,1,2,3,4,5,6,7,8,10,11,13,15,16,17,18,19","9,12","9,11,12,14","9,12,14","9,12,14"
93,20,0.989077613993797,0.0494538806996898,-1620.25392411565,-1535.96176214721,FALSE,FALSE,FALSE,"12,14,9,1,2,3,4,5,6,7,8,10,11,13,15,16,17,18,19,20","9,12","9,11,12,14","9,12,14","9,12,14"
94,1,0.833843454931169,0.833843454931169,-625.566991363214,-621.352383264792,FALSE,FALSE,FALSE,"9","9","6","9","9,11,15"
94,2,0.869306765943727,0.434653382971863,-743.605758483248,-735.176542286404,TRUE,FALSE,FALSE,"9,15","9,15","6,9","9,11","9,11,15"
94,3,0.977773897786524,0.325924632595508,-1627.39849785174,-1614.75467355647,FALSE,FALSE,TRUE,"9,15,11","9,15","6,9,11","9,11,15","9,11,15"
94,4,0.977921427692625,0.244480356923156,-1628.72840497736,-1611.86997258367,FALSE,FALSE,FALSE,"9,15,11,1","9,15","6,9,11,13","9,11,15","9,11,15"
94,5,0.978070692110676,0.195614138422135,-1630.1201836718,-1609.04714317968,FALSE,FALSE,FALSE,"9,15,11,1,2","9,15","6,9,11,13,15","9,11,15","9,11,15"
94,6,0.978205188342002,0.163034198057,-1631.19621257567,-1605.90856398514,FALSE,FALSE,FALSE,"9,15,11,1,2,3","9,15","6,9,11,13,15,17","9,11,15","9,11,15"
94,7,0.978289251076264,0.139755607296609,-1631.12844463417,-1601.62618794522,FALSE,FALSE,FALSE,"9,15,11,1,2,3,4","9,15","6,9,11,13,15,17,18","9,11,15","9,11,15"
94,8,0.978383601261622,0.122297950157703,-1631.30607089361,-1597.58920610623,FALSE,TRUE,FALSE,"9,15,11,1,2,3,4,5","9,15","6,9,11,13,15,17,18,20","9,11,15","9,11,15"
94,9,0.978458591118033,0.108717621235337,-1631.04364599333,-1593.11217310753,FALSE,FALSE,FALSE,"9,15,11,1,2,3,4,5,6","9,15","6,9,11,13,15,17,18,20","9,11,15","9,11,15"
94,10,0.978509498677504,0.0978509498677504,-1630.22666536148,-1588.08058437726,FALSE,FALSE,FALSE,"9,15,11,1,2,3,4,5,6,7","9,15","6,9,11,13,15,17,18,20","9,11,15","9,11,15"
94,11,0.9785346751188,0.0889576977380727,-1628.81276616326,-1582.45207708062,FALSE,FALSE,FALSE,"9,15,11,1,2,3,4,5,6,7,8","9,15","6,9,11,13,15,17,18,20","9,11,15","9,11,15"
94,12,0.978568355854441,0.0815473629878701,-1627.59792053024,-1577.02262334918,FALSE,FALSE,FALSE,"9,15,11,1,2,3,4,5,6,7,8,10","9,15","6,9,11,13,15,17,18,20","9,11,15","9,11,15"
94,13,0.978596483463412,0.0752766525741086,-1626.25456830664,-1571.46466302715,FALSE,FALSE,FALSE,"9,15,11,1,2,3,4,5,6,7,8,10,12","9,15","6,9,11,13,15,17,18,20","9,11,15","9,11,15"
94,14,0.978621851568265,0.0699015608263046,-1624.84753512655,-1565.84302174864,FALSE,FALSE,FALSE,"9,15,11,1,2,3,4,5,6,7,8,10,12,13","9,15","6,9,11,13,15,17,18,20","9,11,15","9,11,15"
94,15,0.978632182362818,0.0652421454908546,-1623.08921394924,-1559.87009247291,FALSE,FALSE,FALSE,"9,15,11,1,2,3,4,5,6,7,8,10,12,13,14","9,15","6,9,11,13,15,17,18,20","9,11,15","9,11,15"
94,16,0.978640526453092,0.0611650329033183,-1621.28450108654,-1553.85077151179,FALSE,FALSE,FALSE,"9,15,11,1,2,3,4,5,6,7,8,10,12,13,14,16","9,15","6,9,11,13,15,17,18,20","9,11,15","9,11,15"
94,17,0.978649250426742,0.0575676029662789,-1619.48876070247,-1547.84042302929,FALSE,FALSE,FALSE,"9,15,11,1,2,3,4,5,6,7,8,10,12,13,14,16,17","9,15","6,9,11,13,15,17,18,20","9,11,15","9,11,15"
94,18,0.978652785109699,0.0543695991727611,-1617.57154410937,-1541.70859833777,FALSE,FALSE,FALSE,"9,15,11,1,2,3,4,5,6,7,8,10,12,13,14,16,17,18","9,15","6,9,11,13,15,17,18,20","9,11,15","9,11,15"
94,19,0.978652868189509,0.0515080456941847,-1615.57349002999,-1535.49593615997,FALSE,FALSE,FALSE,"9,15,11,1,2,3,4,5,6,7,8,10,12,13,14,16,17,18,19","9,15","6,9,11,13,15,17,18,20","9,11,15","9,11,15"
94,20,0.978652874190317,0.0489326437095158,-1613.57363058303,-1529.28146861459,FALSE,FALSE,FALSE,"9,15,11,1,2,3,4,5,6,7,8,10,12,13,14,16,17,18,19,20","9,15","6,9,11,13,15,17,18,20","9,11,15","9,11,15"
95,1,0.493665637606727,0.493665637606727,-95.1117036324042,-90.897095533982,FALSE,FALSE,FALSE,"6","5","2","5","5,6,7"
95,2,0.778255020199165,0.389127510099582,-505.946335818777,-497.517119621933,TRUE,FALSE,FALSE,"6,5","5,6","2,5","5,6","5,6,7"
95,3,0.974545328006253,0.324848442668751,-1586.26067601271,-1573.61685171744,FALSE,FALSE,TRUE,"6,5,7","5,6","2,5,6","5,6,7","5,6,7"
95,4,0.974766510381321,0.24369162759533,-1588.62429410196,-1571.76586170827,FALSE,FALSE,FALSE,"6,5,7,1","5,6","2,5,6,7","5,6,7","5,6,7"
95,5,0.974897904106005,0.194979580821201,-1589.23465458121,-1568.16161408909,FALSE,FALSE,FALSE,"6,5,7,1,2","5,6","2,5,6,7,14","5,6,7","5,6,7"
95,6,0.97499950500095,0.162499917500158,-1589.26251446634,-1563.97486587581,FALSE,FALSE,FALSE,"6,5,7,1,2,3","5,6","2,5,6,7,14,15","5,6,7","5,6,7"
95,7,0.975103271552617,0.13930046736466,-1589.34212319181,-1559.83986650285,FALSE,TRUE,FALSE,"6,5,7,1,2,3,4","5,6","2,5,6,7,14,15,20","5,6,7","5,6,7"
95,8,0.975141202293894,0.121892650286737,-1588.10446562001,-1554.38760083263,FALSE,FALSE,FALSE,"6,5,7,1,2,3,4,8","5,6","2,5,6,7,14,15,20","5,6,7","5,6,7"
95,9,0.975167426421162,0.108351936269018,-1586.63220572911,-1548.70073284331,FALSE,FALSE,FALSE,"6,5,7,1,2,3,4,8,9","5,6","2,5,6,7,14,15,20","5,6,7","5,6,7"
95,10,0.975186168982071,0.0975186168982071,-1585.00972675911,-1542.86364577488,FALSE,FALSE,FALSE,"6,5,7,1,2,3,4,8,9,10","5,6","2,5,6,7,14,15,20","5,6,7","5,6,7"
95,11,0.975207444041396,0.0886552221855815,-1583.43860420668,-1537.07791512403,FALSE,FALSE,FALSE,"6,5,7,1,2,3,4,8,9,10,11","5,6","2,5,6,7,14,15,20","5,6,7","5,6,7"
95,12,0.975224223653502,0.0812686853044585,-1581.77711897945,-1531.20182179838,FALSE,FALSE,FALSE,"6,5,7,1,2,3,4,8,9,10,11,12","5,6","2,5,6,7,14,15,20","5,6,7","5,6,7"
95,13,0.975244331900565,0.0750187947615819,-1580.18308832665,-1525.39318304716,FALSE,FALSE,FALSE,"6,5,7,1,2,3,4,8,9,10,11,12,13","5,6","2,5,6,7,14,15,20","5,6,7","5,6,7"
95,14,0.975256802949877,0.0696612002107055,-1578.4350344983,-1519.43052112039,FALSE,FALSE,FALSE,"6,5,7,1,2,3,4,8,9,10,11,12,13,14","5,6","2,5,6,7,14,15,20","5,6,7","5,6,7"
95,15,0.975266487683596,0.0650177658455731,-1576.63077778776,-1513.41165631143,FALSE,FALSE,FALSE,"6,5,7,1,2,3,4,8,9,10,11,12,13,14,15","5,6","2,5,6,7,14,15,20","5,6,7","5,6,7"
95,16,0.975270365627337,0.0609543978517086,-1574.70917845591,-1507.27544888116,FALSE,FALSE,FALSE,"6,5,7,1,2,3,4,8,9,10,11,12,13,14,15,16","5,6","2,5,6,7,14,15,20","5,6,7","5,6,7"
95,17,0.975272130069161,0.0573689488275977,-1572.74485437302,-1501.09651669984,FALSE,FALSE,FALSE,"6,5,7,1,2,3,4,8,9,10,11,12,13,14,15,16,17","5,6","2,5,6,7,14,15,20","5,6,7","5,6,7"
95,18,0.975272531664745,0.0541818073147081,-1570.75297474179,-1494.89002897019,FALSE,FALSE,FALSE,"6,5,7,1,2,3,4,8,9,10,11,12,13,14,15,16,17,18","5,6","2,5,6,7,14,15,20","5,6,7","5,6,7"
95,19,0.97527287267783,0.05133015119357,-1568.75987021996,-1488.68231634994,FALSE,FALSE,FALSE,"6,5,7,1,2,3,4,8,9,10,11,12,13,14,15,16,17,18,19","5,6","2,5,6,7,14,15,20","5,6,7","5,6,7"
95,20,0.975272916699482,0.0487636458349741,-1566.76076036969,-1482.46859840124,FALSE,FALSE,FALSE,"6,5,7,1,2,3,4,8,9,10,11,12,13,14,15,16,17,18,19,20","5,6","2,5,6,7,14,15,20","5,6,7","5,6,7"
96,1,0.582934896877323,0.582934896877323,-85.9910361226855,-81.7764280242633,FALSE,FALSE,FALSE,"10","10","7","7","7,10,12"
96,2,0.654490376974436,0.327245188487218,-178.101954586484,-169.67273838964,TRUE,FALSE,FALSE,"10,7","10,12","7,10","7,10","7,10,12"
96,3,0.982387773343645,0.327462591114549,-1664.3155236083,-1651.67169931304,FALSE,FALSE,TRUE,"10,7,12","10,12","7,10,12","7,10,12","7,10,12"
96,4,0.982547061422047,0.245636765355512,-1666.85818505059,-1649.9997526569,FALSE,TRUE,FALSE,"10,7,12,1","10,12","7,10,12,13","7,10,12","7,10,12"
96,5,0.98258681362721,0.196517362725442,-1665.99832386569,-1644.92528337358,FALSE,FALSE,FALSE,"10,7,12,1,2","10,12","7,10,12,13","7,10,12","7,10,12"
96,6,0.982643589142634,0.163773931523772,-1665.63123222265,-1640.34358363212,FALSE,FALSE,FALSE,"10,7,12,1,2,3","10,12","7,10,12,13","7,10,12","7,10,12"
96,7,0.98267867487728,0.140382667839611,-1664.64299800339,-1635.14074131444,FALSE,FALSE,FALSE,"10,7,12,1,2,3,4","10,12","7,10,12,13","7,10,12","7,10,12"
96,8,0.982721976031316,0.122840247003915,-1663.89450064088,-1630.17763585351,FALSE,FALSE,FALSE,"10,7,12,1,2,3,4,5","10,12","7,10,12,13","7,10,12","7,10,12"
96,9,0.9827614109874,0.109195712331933,-1663.03699319262,-1625.10552030682,FALSE,FALSE,FALSE,"10,7,12,1,2,3,4,5,6","10,12","7,10,12,13","7,10,12","7,10,12"
96,10,0.982791415819258,0.0982791415819258,-1661.90803242935,-1619.76195144513,FALSE,FALSE,FALSE,"10,7,12,1,2,3,4,5,6,8","10,12","7,10,12,13","7,10,12","7,10,12"
96,11,0.982815778276055,0.0893468889341868,-1660.61639164085,-1614.25570255821,FALSE,FALSE,FALSE,"10,7,12,1,2,3,4,5,6,8,9","10,12","7,10,12,13","7,10,12","7,10,12"
96,12,0.982826769647927,0.081902230803994,-1658.93630396214,-1608.36100678107,FALSE,FALSE,FALSE,"10,7,12,1,2,3,4,5,6,8,9,11","10,12","7,10,12,13","7,10,12","7,10,12"
96,13,0.982845142674992,0.075603472513461,-1657.47152249782,-1602.68161721833,FALSE,FALSE,FALSE,"10,7,12,1,2,3,4,5,6,8,9,11,13","10,12","7,10,12,13","7,10,12","7,10,12"
96,14,0.982857036788431,0.0702040740563165,-1655.81831170277,-1596.81379832486,FALSE,FALSE,FALSE,"10,7,12,1,2,3,4,5,6,8,9,11,13,14","10,12","7,10,12,13","7,10,12","7,10,12"
96,15,0.982867691459041,0.0655245127639361,-1654.1291676175,-1590.91004614117,FALSE,FALSE,FALSE,"10,7,12,1,2,3,4,5,6,8,9,11,13,14,15","10,12","7,10,12,13","7,10,12","7,10,12"
96,16,0.982874120816718,0.0614296325510449,-1652.31684122721,-1584.88311165245,FALSE,FALSE,FALSE,"10,7,12,1,2,3,4,5,6,8,9,11,13,14,15,16","10,12","7,10,12,13","7,10,12","7,10,12"
96,17,0.982876617675566,0.0578162716279744,-1650.38974378751,-1578.74140611433,FALSE,FALSE,FALSE,"10,7,12,1,2,3,4,5,6,8,9,11,13,14,15,16,17","10,12","7,10,12,13","7,10,12","7,10,12"
96,18,0.98287897811462,0.0546043876730344,-1648.45867297791,-1572.59572720631,FALSE,FALSE,FALSE,"10,7,12,1,2,3,4,5,6,8,9,11,13,14,15,16,17,18","10,12","7,10,12,13","7,10,12","7,10,12"
96,19,0.982879339273715,0.0517304915407219,-1646.46922033037,-1566.39166646035,FALSE,FALSE,FALSE,"10,7,12,1,2,3,4,5,6,8,9,11,13,14,15,16,17,18,19","10,12","7,10,12,13","7,10,12","7,10,12"
96,20,0.98287935271172,0.049143967635586,-1644.46961278047,-1560.17745081202,FALSE,FALSE,FALSE,"10,7,12,1,2,3,4,5,6,8,9,11,13,14,15,16,17,18,19,20","10,12","7,10,12,13","7,10,12","7,10,12"
97,1,0.514304371596553,0.514304371596553,172.00011071612,176.214718814542,FALSE,FALSE,FALSE,"14","1","1","6","6,14,20"
97,2,0.904546843891777,0.452273421945888,-639.473156038911,-631.043939842067,FALSE,FALSE,FALSE,"14,6","1,2","1,4","6,14","6,14,20"
97,3,0.986976366935575,0.328992122311858,-1633.40814610271,-1620.76432180744,FALSE,FALSE,TRUE,"14,6,20","1,2,3","1,4,6","6,14,20","6,14,20"
97,4,0.987042528420786,0.246760632105197,-1633.95467478704,-1617.09624239335,FALSE,FALSE,FALSE,"14,6,20,1","1,2,3,4","1,4,6,14","6,14,20","6,14,20"
97,5,0.987108892544626,0.197421778508925,-1634.52209907629,-1613.44905858418,FALSE,TRUE,FALSE,"14,6,20,1,2","1,2,3,4,5","1,4,6,14,20","6,14,20","6,14,20"
97,6,0.987136269546557,0.164522711591093,-1633.58508430415,-1608.29743571362,FALSE,FALSE,FALSE,"14,6,20,1,2,3","1,2,3,4,5,6","1,4,6,14,20","6,14,20","6,14,20"
97,7,0.987158633451785,0.141022661921684,-1632.4551028405,-1602.95284615154,FALSE,FALSE,FALSE,"14,6,20,1,2,3,4","1,2,3,4,5,6,7","1,4,6,14,20","6,14,20","6,14,20"
97,8,0.987179702779733,0.123397462847467,-1631.27614596821,-1597.55928118083,FALSE,FALSE,FALSE,"14,6,20,1,2,3,4,5","1,2,3,4,5,6,7,8","1,4,6,14,20","6,14,20","6,14,20"
97,9,0.987195952712012,0.109688439190224,-1629.91030597383,-1591.97883308803,FALSE,FALSE,FALSE,"14,6,20,1,2,3,4,5,7","1,2,3,4,5,6,7,8,10","1,4,6,14,20","6,14,20","6,14,20"
97,10,0.987209065070342,0.0987209065070342,-1628.42260793072,-1586.2765269465,FALSE,FALSE,FALSE,"14,6,20,1,2,3,4,5,7,8","1,2,3,4,5,6,7,8,10,11","1,4,6,14,20","6,14,20","6,14,20"
97,11,0.987223076178884,0.0897475523798986,-1626.97060493281,-1580.60991585017,FALSE,FALSE,FALSE,"14,6,20,1,2,3,4,5,7,8,9","1,2,3,4,5,6,7,8,10,11,12","1,4,6,14,20","6,14,20","6,14,20"
97,12,0.987234078129698,0.0822695065108082,-1625.40133029628,-1574.82603311521,FALSE,FALSE,FALSE,"14,6,20,1,2,3,4,5,7,8,9,10","1,2,3,4,5,6,7,8,10,11,12,13","1,4,6,14,20","6,14,20","6,14,20"
97,13,0.987239870903362,0.0759415285310279,-1623.62826605577,-1568.83836077629,FALSE,FALSE,FALSE,"14,6,20,1,2,3,4,5,7,8,9,10,11","1,2,3,4,5,6,7,8,10,11,12,13,14","1,4,6,14,20","6,14,20","6,14,20"
97,14,0.987243968318858,0.0705174263084899,-1621.78884724849,-1562.78433387058,FALSE,FALSE,FALSE,"14,6,20,1,2,3,4,5,7,8,9,10,11,12","1,2,3,4,5,6,7,8,10,11,12,13,14,15","1,4,6,14,20","6,14,20","6,14,20"
97,15,0.987246431415154,0.0658164287610103,-1619.88540290901,-1556.66628143268,FALSE,FALSE,FALSE,"14,6,20,1,2,3,4,5,7,8,9,10,11,12,13","1,2,3,4,5,6,7,8,10,11,12,13,14,15,16","1,4,6,14,20","6,14,20","6,14,20"
97,16,0.987248172245453,0.0617030107653408,-1617.95365632013,-1550.51992674537,FALSE,FALSE,FALSE,"14,6,20,1,2,3,4,5,7,8,9,10,11,12,13,15","1,2,3,4,5,6,7,8,10,11,12,13,14,15,16,17","1,4,6,14,20","6,14,20","6,14,20"
97,17,0.987249513831896,0.0580735008136409,-1616.0062627796,-1544.35792510643,FALSE,FALSE,FALSE,"14,6,20,1,2,3,4,5,7,8,9,10,11,12,13,15,16","1,2,3,4,5,6,7,8,10,11,12,13,14,15,16,17,18","1,4,6,14,20","6,14,20","6,14,20"
97,18,0.987250108644273,0.0548472282580152,-1614.02958840986,-1538.16664263826,FALSE,FALSE,FALSE,"14,6,20,1,2,3,4,5,7,8,9,10,11,12,13,15,16,17","1,2,3,4,5,6,7,8,10,11,12,13,14,15,16,17,18,19","1,4,6,14,20","6,14,20","6,14,20"
97,19,0.987250323590152,0.0519605433468501,-1612.03801780291,-1531.96046393289,TRUE,FALSE,FALSE,"14,6,20,1,2,3,4,5,7,8,9,10,11,12,13,15,16,17,18","1,2,3,4,5,6,7,8,10,11,12,13,14,15,16,17,18,19,20","1,4,6,14,20","6,14,20","6,14,20"
97,20,0.987250338438833,0.0493625169219416,-1610.03860011922,-1525.74643815077,FALSE,FALSE,FALSE,"14,6,20,1,2,3,4,5,7,8,9,10,11,12,13,15,16,17,18,19","1,2,3,4,5,6,7,8,10,11,12,13,14,15,16,17,18,19,20","1,4,6,14,20","6,14,20","6,14,20"
98,1,0.438285188619085,0.438285188619085,368.052907874978,372.2675159734,FALSE,FALSE,FALSE,"5","1","5","5","5,7,20"
98,2,0.777925928155888,0.388962964077944,-93.9387345551763,-85.5095183583319,FALSE,FALSE,FALSE,"5,20","1,2","5,7","5,7","5,7,20"
98,3,0.989833442312039,0.32994448077068,-1633.89238830805,-1621.24856401278,FALSE,FALSE,TRUE,"5,20,7","1,2,3","5,7,8","5,7,20","5,7,20"
98,4,0.989907254052888,0.247476813513222,-1635.53575477185,-1618.67732237816,FALSE,FALSE,FALSE,"5,20,7,1","1,2,3,4","5,7,8,13","5,7,20","5,7,20"
98,5,0.989973953707633,0.197994790741527,-1636.85105811223,-1615.77801762012,FALSE,TRUE,FALSE,"5,20,7,1,2","1,2,3,4,5","5,7,8,13,20","5,7,20","5,7,20"
98,6,0.990003536807158,0.16500058946786,-1636.32855128425,-1611.04090269372,FALSE,FALSE,FALSE,"5,20,7,1,2,3","1,2,3,4,5,6","5,7,8,13,20","5,7,20","5,7,20"
98,7,0.990039285192186,0.141434183598884,-1636.11980770645,-1606.61755101749,FALSE,FALSE,FALSE,"5,20,7,1,2,3,4","1,2,3,4,5,6,7","5,7,8,13,20","5,7,20","5,7,20"
98,8,0.990061725847687,0.123757715730961,-1635.24753661062,-1601.53067182324,FALSE,FALSE,FALSE,"5,20,7,1,2,3,4,6","1,2,3,4,5,6,7,8","5,7,8,13,20","5,7,20","5,7,20"
98,9,0.990079689863036,0.110008854429226,-1634.152133836,-1596.2206609502,FALSE,FALSE,FALSE,"5,20,7,1,2,3,4,6,8","1,2,3,4,5,6,7,8,9","5,7,8,13,20","5,7,20","5,7,20"
98,10,0.990087563620353,0.0990087563620353,-1632.54914177054,-1590.40306078632,FALSE,FALSE,FALSE,"5,20,7,1,2,3,4,6,8,9","1,2,3,4,5,6,7,8,9,10","5,7,8,13,20","5,7,20","5,7,20"
98,11,0.990093116781181,0.0900084651619255,-1630.82933105483,-1584.46864197218,FALSE,FALSE,FALSE,"5,20,7,1,2,3,4,6,8,9,10","1,2,3,4,5,6,7,8,9,10,11","5,7,8,13,20","5,7,20","5,7,20"
98,12,0.990098128968999,0.0825081774140832,-1629.08235998646,-1578.5070628054,FALSE,FALSE,FALSE,"5,20,7,1,2,3,4,6,8,9,10,11","1,2,3,4,5,6,7,8,9,10,11,12","5,7,8,13,20","5,7,20","5,7,20"
98,13,0.990099197643143,0.0761614767417803,-1627.13632614168,-1572.34642086219,FALSE,FALSE,FALSE,"5,20,7,1,2,3,4,6,8,9,10,11,12","1,2,3,4,5,6,7,8,9,10,11,12,13","5,7,8,13,20","5,7,20","5,7,20"
98,14,0.990100152573321,0.0707214394695229,-1625.18455335589,-1566.18003997798,FALSE,FALSE,FALSE,"5,20,7,1,2,3,4,6,8,9,10,11,12,13","1,2,3,4,5,6,7,8,9,10,11,12,13,14","5,7,8,13,20","5,7,20","5,7,20"
98,15,0.990101051729334,0.0660067367819556,-1623.22996803804,-1560.0108465617,FALSE,FALSE,FALSE,"5,20,7,1,2,3,4,6,8,9,10,11,12,13,14","1,2,3,4,5,6,7,8,9,10,11,12,13,14,15","5,7,8,13,20","5,7,20","5,7,20"
98,16,0.99010153435669,0.0618813458972931,-1621.25434634111,-1553.82061676635,FALSE,FALSE,FALSE,"5,20,7,1,2,3,4,6,8,9,10,11,12,13,14,15","1,2,3,4,5,6,7,8,9,10,11,12,13,14,15,16","5,7,8,13,20","5,7,20","5,7,20"
98,17,0.990101926848328,0.0582412898146075,-1619.2741726169,-1547.62583494372,FALSE,FALSE,FALSE,"5,20,7,1,2,3,4,6,8,9,10,11,12,13,14,15,16","1,2,3,4,5,6,7,8,9,10,11,12,13,14,15,16,17","5,7,8,13,20","5,7,20","5,7,20"
98,18,0.990102030399906,0.0550056683555503,-1617.27940354001,-1541.41645776841,FALSE,FALSE,FALSE,"5,20,7,1,2,3,4,6,8,9,10,11,12,13,14,15,16,17","1,2,3,4,5,6,7,8,9,10,11,12,13,14,15,16,17,18","5,7,8,13,20","5,7,20","5,7,20"
98,19,0.990102030687392,0.0521106331940733,-1615.2794180625,-1535.20186419247,TRUE,FALSE,FALSE,"5,20,7,1,2,3,4,6,8,9,10,11,12,13,14,15,16,17,18","1,2,3,4,5,6,7,8,9,10,11,12,13,14,15,16,17,18,20","5,7,8,13,20","5,7,20","5,7,20"
98,20,0.990102030939003,0.0495051015469501,-1613.27943077272,-1528.98726880427,FALSE,FALSE,FALSE,"5,20,7,1,2,3,4,6,8,9,10,11,12,13,14,15,16,17,18,19","1,2,3,4,5,6,7,8,9,10,11,12,13,14,15,16,17,18,20","5,7,8,13,20","5,7,20","5,7,20"
99,1,0.413554119170288,0.413554119170288,372.944061954933,377.158670053355,FALSE,FALSE,FALSE,"10","1","2","2","2,10,12"
99,2,0.755034832234218,0.377517416117109,-61.5381185366104,-53.108902339766,FALSE,FALSE,FALSE,"10,2","1,2","2,7","2,10","2,10,12"
99,3,0.988503610268142,0.329501203422714,-1589.07960770262,-1576.43578340735,FALSE,FALSE,TRUE,"10,2,12","1,2,3","2,7,10","2,10,12","2,10,12"
99,4,0.988623218544723,0.247155804636181,-1592.30885054915,-1575.45041815546,FALSE,FALSE,FALSE,"10,2,12,1","1,2,3,5","2,7,10,12","2,10,12","2,10,12"
99,5,0.988717089429676,0.197743417885935,-1594.4515115279,-1573.37847103579,FALSE,FALSE,FALSE,"10,2,12,1,3","1,2,3,5,6","2,7,10,12,15","2,10,12","2,10,12"
99,6,0.988825643953499,0.16480427399225,-1597.28537538043,-1571.9977267899,FALSE,TRUE,FALSE,"10,2,12,1,3,4","1,2,3,5,6,7","2,7,10,12,15,17","2,10,12","2,10,12"
99,7,0.9888635655217,0.141266223645957,-1596.98507332149,-1567.48281663253,FALSE,FALSE,FALSE,"10,2,12,1,3,4,5","1,2,3,5,6,7,8","2,7,10,12,15,17","2,10,12","2,10,12"
99,8,0.988896190958089,0.123612023869761,-1596.45202937178,-1562.7351645844,FALSE,FALSE,FALSE,"10,2,12,1,3,4,5,6","1,2,3,5,6,7,8,9","2,7,10,12,15,17","2,10,12","2,10,12"
99,9,0.988932185592615,0.109881353954735,-1596.07548586929,-1558.14401298349,FALSE,FALSE,FALSE,"10,2,12,1,3,4,5,6,7","1,2,3,5,6,7,8,9,10","2,7,10,12,15,17","2,10,12","2,10,12"
99,10,0.988946884601497,0.0988946884601497,-1594.73997019133,-1552.5938892071,FALSE,FALSE,FALSE,"10,2,12,1,3,4,5,6,7,8","1,2,3,5,6,7,8,9,10,11","2,7,10,12,15,17","2,10,12","2,10,12"
99,11,0.988975126439149,0.0899068296762863,-1594.01915613117,-1547.65846704853,FALSE,FALSE,FALSE,"10,2,12,1,3,4,5,6,7,8,9","1,2,3,5,6,7,8,9,10,11,12","2,7,10,12,15,17","2,10,12","2,10,12"
99,12,0.988988898486995,0.0824157415405829,-1592.6441364006,-1542.06883921953,FALSE,FALSE,FALSE,"10,2,12,1,3,4,5,6,7,8,9,11","1,2,3,5,6,7,8,9,10,11,12,13","2,7,10,12,15,17","2,10,12","2,10,12"
99,13,0.989001926957512,0.076077071304424,-1591.2360928143,-1536.44618753481,FALSE,FALSE,FALSE,"10,2,12,1,3,4,5,6,7,8,9,11,13","1,2,3,5,6,7,8,9,10,11,12,13,14","2,7,10,12,15,17","2,10,12","2,10,12"
99,14,0.989017239422944,0.0706440885302103,-1589.93272098476,-1530.92820760685,FALSE,FALSE,FALSE,"10,2,12,1,3,4,5,6,7,8,9,11,13,14","1,2,3,5,6,7,8,9,10,11,12,13,14,15","2,7,10,12,15,17","2,10,12","2,10,12"
99,15,0.989030706590566,0.0659353804393711,-1588.54620204307,-1525.32708056673,FALSE,FALSE,FALSE,"10,2,12,1,3,4,5,6,7,8,9,11,13,14,15","1,2,3,5,6,7,8,9,10,11,12,13,14,15,16","2,7,10,12,15,17","2,10,12","2,10,12"
99,16,0.989043979851124,0.0618152487406952,-1587.15158732725,-1519.71785775249,FALSE,FALSE,FALSE,"10,2,12,1,3,4,5,6,7,8,9,11,13,14,15,16","1,2,3,5,6,7,8,9,10,11,12,13,14,15,16,17","2,7,10,12,15,17","2,10,12","2,10,12"
99,17,0.989050177640508,0.0581794222141475,-1585.43451593623,-1513.78617826305,FALSE,FALSE,FALSE,"10,2,12,1,3,4,5,6,7,8,9,11,13,14,15,16,17","1,2,3,5,6,7,8,9,10,11,12,13,14,15,16,17,18","2,7,10,12,15,17","2,10,12","2,10,12"
99,18,0.989052872708404,0.0549473818171335,-1583.55759554102,-1507.69464976942,FALSE,FALSE,FALSE,"10,2,12,1,3,4,5,6,7,8,9,11,13,14,15,16,17,18","1,2,3,5,6,7,8,9,10,11,12,13,14,15,16,17,18,19","2,7,10,12,15,17","2,10,12","2,10,12"
99,19,0.989053164469727,0.052055429708933,-1581.57092164948,-1501.49336777945,TRUE,FALSE,FALSE,"10,2,12,1,3,4,5,6,7,8,9,11,13,14,15,16,17,18,19","1,2,3,5,6,7,8,9,10,11,12,13,14,15,16,17,18,19,20","2,7,10,12,15,17","2,10,12","2,10,12"
99,20,0.98905346335787,0.0494526731678935,-1579.58457364155,-1495.2924116731,FALSE,FALSE,FALSE,"10,2,12,1,3,4,5,6,7,8,9,11,13,14,15,16,17,18,19,20","1,2,3,5,6,7,8,9,10,11,12,13,14,15,16,17,18,19,20","2,7,10,12,15,17","2,10,12","2,10,12"
100,1,0.644694043962591,0.644694043962591,-311.845829871857,-307.631221773435,FALSE,FALSE,FALSE,"8","8","8","8","8,17,19"
100,2,0.71785901947476,0.35892950973738,-425.132024539629,-416.702808342785,TRUE,FALSE,FALSE,"8,19","8,19","8,9","8,17","8,17,19"
100,3,0.974093156657996,0.324697718885999,-1617.081885265,-1604.43806096973,FALSE,FALSE,TRUE,"8,19,17","8,19","8,9,17","8,17,19","8,17,19"
100,4,0.974236625299243,0.243559156324811,-1617.85851395713,-1601.00008156344,FALSE,TRUE,FALSE,"8,19,17,1","8,19","8,9,17,19","8,17,19","8,17,19"
100,5,0.974324204501522,0.194864840900304,-1617.56109365591,-1596.4880531638,FALSE,FALSE,FALSE,"8,19,17,1,2","8,19","8,9,17,19","8,17,19","8,17,19"
100,6,0.974426160865136,0.162404360144189,-1617.55050292388,-1592.26285433334,FALSE,FALSE,FALSE,"8,19,17,1,2,3","8,19","8,9,17,19","8,17,19","8,17,19"
100,7,0.974507855304513,0.139215407900645,-1617.15028624229,-1587.64802955334,FALSE,FALSE,FALSE,"8,19,17,1,2,3,4","8,19","8,9,17,19","8,17,19","8,17,19"
100,8,0.974621815159367,0.121827726894921,-1617.39049279354,-1583.67362800616,FALSE,FALSE,FALSE,"8,19,17,1,2,3,4,5","8,19","8,9,17,19","8,17,19","8,17,19"
100,9,0.974711314134165,0.108301257126018,-1617.15691465138,-1579.22544176558,FALSE,FALSE,FALSE,"8,19,17,1,2,3,4,5,6","8,19","8,9,17,19","8,17,19","8,17,19"
100,10,0.974770760804196,0.0974770760804196,-1616.33365928999,-1574.18757830577,FALSE,FALSE,FALSE,"8,19,17,1,2,3,4,5,6,7","8,19","8,9,17,19","8,17,19","8,17,19"
100,11,0.974835569866853,0.0886214154424412,-1615.61971563894,-1569.25902655629,FALSE,FALSE,FALSE,"8,19,17,1,2,3,4,5,6,7,9","8,19","8,9,17,19","8,17,19","8,17,19"
100,12,0.974875709800126,0.0812396424833438,-1614.4179054026,-1563.84260822154,FALSE,FALSE,FALSE,"8,19,17,1,2,3,4,5,6,7,9,10","8,19","8,9,17,19","8,17,19","8,17,19"
100,13,0.974916628095254,0.074993586776558,-1613.23288667184,-1558.44298139235,FALSE,FALSE,FALSE,"8,19,17,1,2,3,4,5,6,7,9,10,11","8,19","8,9,17,19","8,17,19","8,17,19"
100,14,0.974931314012358,0.0696379510008827,-1611.52571448669,-1552.52120110878,FALSE,FALSE,FALSE,"8,19,17,1,2,3,4,5,6,7,9,10,11,12","8,19","8,9,17,19","8,17,19","8,17,19"
100,15,0.974944766211972,0.0649963177474648,-1609.79409333651,-1546.57497186018,FALSE,FALSE,FALSE,"8,19,17,1,2,3,4,5,6,7,9,10,11,12,13","8,19","8,9,17,19","8,17,19","8,17,19"
100,16,0.974958718083544,0.0609349198802215,-1608.07259318298,-1540.63886360823,FALSE,FALSE,FALSE,"8,19,17,1,2,3,4,5,6,7,9,10,11,12,13,14","8,19","8,9,17,19","8,17,19","8,17,19"
100,17,0.974972777423126,0.0573513398484192,-1606.35339525793,-1534.70505758475,FALSE,FALSE,FALSE,"8,19,17,1,2,3,4,5,6,7,9,10,11,12,13,14,15","8,19","8,9,17,19","8,17,19","8,17,19"
100,18,0.97497617020364,0.0541653427890911,-1604.42118165518,-1528.55823588358,FALSE,FALSE,FALSE,"8,19,17,1,2,3,4,5,6,7,9,10,11,12,13,14,15,16","8,19","8,9,17,19","8,17,19","8,17,19"
100,19,0.974976503095477,0.0513145527944988,-1602.42783319602,-1522.350279326,FALSE,FALSE,FALSE,"8,19,17,1,2,3,4,5,6,7,9,10,11,12,13,14,15,16,18","8,19","8,9,17,19","8,17,19","8,17,19"
100,20,0.974976503200386,0.0487488251600193,-1600.42783529223,-1516.13567332378,FALSE,FALSE,FALSE,"8,19,17,1,2,3,4,5,6,7,9,10,11,12,13,14,15,16,18,20","8,19","8,9,17,19","8,17,19","8,17,19"
